Order_ID,Date,Product,Region,Customer_Type,Quantity,Payment_Method,Discount,Category,Unit_Price,Sales,Cost,Profit
10001,2025-01-01 00:00:00,Monitor,East,Returning,2,UPI,19.3,Electronics,12000,19368.0,12574.64,6793.36
10002,2025-01-01 06:00:00,Headphones,West,New,5,Debit Card,12.02,Accessories,2500,10997.5,9241.54,1755.96
10003,2025-01-01 12:00:00,Keyboard,Central,VIP,5,UPI,16.27,Accessories,1500,6279.75,4152.08,2127.67
10004,2025-01-01 18:00:00,Monitor,East,New,5,Net Banking,13.0,Electronics,12000,52200.0,34549.14,17650.86
10005,2025-01-02 00:00:00,Tablet,North,New,1,Cash,11.4,Electronics,20000,17720.0,14813.47,2906.53
10006,2025-01-02 06:00:00,Smart Watch,West,New,1,UPI,14.07,Wearables,5000,4296.5,3545.58,750.92
10007,2025-01-02 12:00:00,Keyboard,Central,New,1,Net Banking,6.41,Accessories,1500,1403.85,929.67,474.18
10008,2025-01-02 18:00:00,Keyboard,North,VIP,4,Net Banking,18.49,Accessories,1500,4890.6,3991.62,898.98
10009,2025-01-03 00:00:00,Monitor,North,VIP,2,Net Banking,2.31,Electronics,12000,23445.6,15531.67,7913.93
10010,2025-01-03 06:00:00,Mobile Phone,North,Returning,1,Debit Card,6.36,Electronics,30000,28092.0,17448.39,10643.61
10011,2025-01-03 12:00:00,Tablet,North,New,5,Credit Card,0.62,Electronics,20000,99380.0,80009.88,19370.12
10012,2025-01-03 18:00:00,Monitor,East,New,5,UPI,5.43,Electronics,12000,56742.0,44990.14,11751.86
10013,2025-01-04 00:00:00,Tablet,East,Returning,5,Credit Card,4.36,Electronics,20000,95640.0,64429.49,31210.51
10014,2025-01-04 06:00:00,Tablet,East,New,5,Net Banking,0.99,Electronics,20000,99010.0,61637.17,37372.83
10015,2025-01-04 12:00:00,Smart Watch,Central,Returning,3,Credit Card,9.84,Wearables,5000,13524.0,8812.37,4711.63
10016,2025-01-04 18:00:00,Keyboard,Central,VIP,4,Net Banking,9.37,Accessories,1500,5437.8,4310.89,1126.91
10017,2025-01-05 00:00:00,Headphones,Central,Returning,2,Net Banking,1.55,Accessories,2500,4922.5,4140.74,781.76
10018,2025-01-05 06:00:00,Smart Watch,South,New,2,Cash,5.24,Wearables,5000,9476.0,6299.18,3176.82
10019,2025-01-05 12:00:00,Smart Watch,Central,Returning,1,Cash,19.07,Wearables,5000,4046.5,3255.67,790.83
10020,2025-01-05 18:00:00,Tablet,East,VIP,3,Credit Card,2.21,Electronics,20000,58674.0,38547.83,20126.17
10021,2025-01-06 00:00:00,Mouse,East,New,2,UPI,6.1,Accessories,800,1502.4,1156.7,345.7
10022,2025-01-06 06:00:00,Keyboard,South,VIP,4,Credit Card,0.72,Accessories,1500,5956.8,3698.6,2258.2
10023,2025-01-06 12:00:00,Mobile Phone,South,VIP,5,UPI,2.98,Electronics,30000,145530.0,108612.52,36917.48
10024,2025-01-06 18:00:00,Smart Watch,Central,Returning,1,Credit Card,13.99,Wearables,5000,4300.5,2869.71,1430.79
10025,2025-01-07 00:00:00,Headphones,West,VIP,4,Debit Card,7.33,Accessories,2500,9267.0,7705.15,1561.85
10026,2025-01-07 06:00:00,Mouse,South,New,2,Debit Card,9.04,Accessories,800,1455.36,978.64,476.72
10027,2025-01-07 12:00:00,Mouse,North,VIP,3,UPI,3.14,Accessories,800,2324.64,1626.34,698.3
10028,2025-01-07 18:00:00,Mobile Phone,East,VIP,1,Cash,13.64,Electronics,30000,25908.0,20989.88,4918.12
10029,2025-01-08 00:00:00,Smart Watch,North,Returning,2,UPI,15.03,Wearables,5000,8497.0,6029.2,2467.8
10030,2025-01-08 06:00:00,Headphones,East,VIP,1,Credit Card,3.62,Accessories,2500,2409.5,1589.31,820.19
10031,2025-01-08 12:00:00,Keyboard,East,Returning,2,Net Banking,0.9,Accessories,1500,2973.0,2190.76,782.24
10032,2025-01-08 18:00:00,Laptop,South,Returning,5,Debit Card,1.62,Electronics,60000,295140.0,239062.75,56077.25
10033,2025-01-09 00:00:00,Headphones,South,New,3,Net Banking,13.14,Accessories,2500,6514.5,4614.18,1900.32
10034,2025-01-09 06:00:00,Mobile Phone,North,New,5,Debit Card,2.71,Electronics,30000,145935.0,92409.27,53525.73
10035,2025-01-09 12:00:00,Mouse,East,New,2,Credit Card,9.88,Accessories,800,1441.92,1003.25,438.67
10036,2025-01-09 18:00:00,Keyboard,North,New,4,Debit Card,3.05,Accessories,1500,5817.0,4878.25,938.75
10037,2025-01-10 00:00:00,Headphones,West,Returning,5,UPI,3.4,Accessories,2500,12075.0,7462.42,4612.58
10038,2025-01-10 06:00:00,Laptop,North,VIP,4,Net Banking,0.09,Electronics,60000,239784.0,168355.05,71428.95
10039,2025-01-10 12:00:00,Laptop,Central,New,2,Net Banking,6.42,Electronics,60000,112296.0,85570.36,26725.64
10040,2025-01-10 18:00:00,Tablet,North,New,3,Credit Card,1.8,Electronics,20000,58920.0,36508.57,22411.43
10041,2025-01-11 00:00:00,Tablet,Central,New,4,Net Banking,7.88,Electronics,20000,73696.0,50573.01,23122.99
10042,2025-01-11 06:00:00,Monitor,Central,VIP,2,Credit Card,11.96,Electronics,12000,21129.6,17646.27,3483.33
10043,2025-01-11 12:00:00,Mobile Phone,Central,New,4,Cash,7.35,Electronics,30000,111180.0,67559.52,43620.48
10044,2025-01-11 18:00:00,Smart Watch,West,VIP,5,UPI,14.1,Wearables,5000,21475.0,16920.91,4554.09
10045,2025-01-12 00:00:00,Headphones,North,Returning,2,Debit Card,14.83,Accessories,2500,4258.5,3450.85,807.65
10046,2025-01-12 06:00:00,Headphones,North,Returning,5,Debit Card,13.93,Accessories,2500,10758.75,7200.46,3558.29
10047,2025-01-12 12:00:00,Smart Watch,West,Returning,1,Debit Card,18.73,Wearables,5000,4063.5,2656.22,1407.28
10048,2025-01-12 18:00:00,Monitor,East,VIP,2,Cash,4.75,Electronics,12000,22860.0,18944.2,3915.8
10049,2025-01-13 00:00:00,Mouse,South,New,4,UPI,3.79,Accessories,800,3078.72,2435.27,643.45
10050,2025-01-13 06:00:00,Mouse,North,New,1,Net Banking,12.19,Accessories,800,702.48,441.4,261.08
10051,2025-01-13 12:00:00,Monitor,South,New,5,Net Banking,11.9,Electronics,12000,52860.0,34520.19,18339.81
10052,2025-01-13 18:00:00,Mouse,West,New,5,UPI,10.2,Accessories,800,3592.0,2713.18,878.82
10053,2025-01-14 00:00:00,Tablet,East,New,4,UPI,0.09,Electronics,20000,79928.0,56337.59,23590.41
10054,2025-01-14 06:00:00,Headphones,East,VIP,1,Debit Card,11.1,Accessories,2500,2222.5,1613.63,608.87
10055,2025-01-14 12:00:00,Monitor,East,Returning,3,Net Banking,18.66,Electronics,12000,29282.4,24535.3,4747.1
10056,2025-01-14 18:00:00,Headphones,West,New,4,UPI,6.69,Accessories,2500,9331.0,6578.9,2752.1
10057,2025-01-15 00:00:00,Smart Watch,Central,Returning,5,Net Banking,19.35,Wearables,5000,20162.5,16541.73,3620.77
10058,2025-01-15 06:00:00,Laptop,Central,VIP,2,UPI,7.14,Electronics,60000,111432.0,85266.23,26165.77
10059,2025-01-15 12:00:00,Tablet,South,VIP,1,Credit Card,2.8,Electronics,20000,19440.0,12255.07,7184.93
10060,2025-01-15 18:00:00,Keyboard,Central,New,3,Debit Card,7.97,Accessories,1500,4141.35,3255.63,885.72
10061,2025-01-16 00:00:00,Tablet,Central,VIP,2,UPI,9.89,Electronics,20000,36044.0,26314.0,9730.0
10062,2025-01-16 06:00:00,Monitor,East,Returning,1,Cash,12.59,Electronics,12000,10489.2,6883.79,3605.41
10063,2025-01-16 12:00:00,Keyboard,East,New,4,UPI,10.1,Accessories,1500,5394.0,3626.86,1767.14
10064,2025-01-16 18:00:00,Laptop,South,New,4,Credit Card,10.73,Electronics,60000,214248.0,158400.64,55847.36
10065,2025-01-17 00:00:00,Monitor,North,Returning,1,Cash,0.48,Electronics,12000,11942.4,8961.88,2980.52
10066,2025-01-17 06:00:00,Mobile Phone,South,New,3,Cash,5.07,Electronics,30000,85437.0,71941.72,13495.28
10067,2025-01-17 12:00:00,Headphones,South,New,1,UPI,6.21,Accessories,2500,2344.75,1907.88,436.87
10068,2025-01-17 18:00:00,Laptop,West,Returning,2,Credit Card,19.74,Electronics,60000,96312.0,62743.4,33568.6
10069,2025-01-18 00:00:00,Headphones,West,New,2,Cash,5.91,Accessories,2500,4704.5,3733.01,971.49
10070,2025-01-18 06:00:00,Mouse,South,New,4,Debit Card,17.93,Accessories,800,2626.24,1581.19,1045.05
10071,2025-01-18 12:00:00,Mobile Phone,South,Returning,1,Debit Card,6.09,Electronics,30000,28173.0,17818.07,10354.93
10072,2025-01-18 18:00:00,Mobile Phone,South,VIP,4,Net Banking,1.92,Electronics,30000,117696.0,76493.59,41202.41
10073,2025-01-19 00:00:00,Laptop,Central,Returning,3,Net Banking,4.95,Electronics,60000,171090.0,128197.71,42892.29
10074,2025-01-19 06:00:00,Mobile Phone,West,New,2,Credit Card,5.46,Electronics,30000,56724.0,36795.23,19928.77
10075,2025-01-19 12:00:00,Keyboard,South,Returning,5,Cash,19.56,Accessories,1500,6033.0,4170.72,1862.28
10076,2025-01-19 18:00:00,Mobile Phone,East,New,5,Debit Card,13.49,Electronics,30000,129765.0,85735.08,44029.92
10077,2025-01-20 00:00:00,Headphones,East,New,1,Debit Card,18.63,Accessories,2500,2034.25,1392.15,642.1
10078,2025-01-20 06:00:00,Headphones,Central,Returning,1,Credit Card,16.7,Accessories,2500,2082.5,1740.16,342.34
10079,2025-01-20 12:00:00,Monitor,Central,New,5,Cash,11.57,Electronics,12000,53058.0,45064.5,7993.5
10080,2025-01-20 18:00:00,Headphones,North,VIP,1,Credit Card,13.51,Accessories,2500,2162.25,1668.03,494.22
10081,2025-01-21 00:00:00,Monitor,North,New,2,UPI,12.5,Electronics,12000,21000.0,15604.62,5395.38
10082,2025-01-21 06:00:00,Headphones,North,Returning,3,Debit Card,13.33,Accessories,2500,6500.25,5051.42,1448.83
10083,2025-01-21 12:00:00,Keyboard,Central,VIP,3,Credit Card,5.3,Accessories,1500,4261.5,3379.0,882.5
10084,2025-01-21 18:00:00,Smart Watch,Central,VIP,4,Credit Card,8.16,Wearables,5000,18368.0,14414.35,3953.65
10085,2025-01-22 00:00:00,Monitor,Central,New,2,UPI,11.85,Electronics,12000,21156.0,13126.73,8029.27
10086,2025-01-22 06:00:00,Tablet,East,Returning,1,Net Banking,0.72,Electronics,20000,19856.0,13453.9,6402.1
10087,2025-01-22 12:00:00,Mouse,Central,New,1,Debit Card,9.66,Accessories,800,722.72,495.68,227.04
10088,2025-01-22 18:00:00,Laptop,East,New,4,Credit Card,17.19,Electronics,60000,198744.0,137593.18,61150.82
10089,2025-01-23 00:00:00,Headphones,North,Returning,4,Debit Card,9.85,Accessories,2500,9015.0,6185.0,2830.0
10090,2025-01-23 06:00:00,Mobile Phone,North,Returning,1,Net Banking,11.05,Electronics,30000,26685.0,21261.89,5423.11
10091,2025-01-23 12:00:00,Smart Watch,North,New,1,Credit Card,4.04,Wearables,5000,4798.0,3775.55,1022.45
10092,2025-01-23 18:00:00,Headphones,South,VIP,2,UPI,15.89,Accessories,2500,4205.5,2528.14,1677.36
10093,2025-01-24 00:00:00,Mobile Phone,South,New,4,Debit Card,7.18,Electronics,30000,111384.0,75083.44,36300.56
10094,2025-01-24 06:00:00,Mouse,West,VIP,2,UPI,19.13,Accessories,800,1293.92,978.09,315.83
10095,2025-01-24 12:00:00,Mouse,West,New,1,Net Banking,19.87,Accessories,800,641.04,403.9,237.14
10096,2025-01-24 18:00:00,Mouse,West,Returning,5,Net Banking,18.32,Accessories,800,3267.2,2018.47,1248.73
10097,2025-01-25 00:00:00,Mobile Phone,South,VIP,5,Debit Card,1.7,Electronics,30000,147450.0,119006.83,28443.17
10098,2025-01-25 06:00:00,Headphones,South,Returning,1,Net Banking,6.66,Accessories,2500,2333.5,1664.18,669.32
10099,2025-01-25 12:00:00,Mouse,West,Returning,4,Cash,18.9,Accessories,800,2595.2,2112.29,482.91
10100,2025-01-25 18:00:00,Keyboard,West,Returning,5,Debit Card,16.09,Accessories,1500,6293.25,5071.66,1221.59
10101,2025-01-26 00:00:00,Monitor,Central,Returning,4,Cash,18.22,Electronics,12000,39254.4,32319.82,6934.58
10102,2025-01-26 06:00:00,Mobile Phone,West,Returning,5,Net Banking,11.45,Electronics,30000,132825.0,81298.02,51526.98
10103,2025-01-26 12:00:00,Mobile Phone,Central,New,4,Debit Card,9.61,Electronics,30000,108468.0,70128.09,38339.91
10104,2025-01-26 18:00:00,Headphones,East,VIP,5,Cash,2.13,Accessories,2500,12233.75,8245.99,3987.76
10105,2025-01-27 00:00:00,Mobile Phone,South,New,4,Net Banking,16.79,Electronics,30000,99852.0,63311.92,36540.08
10106,2025-01-27 06:00:00,Mobile Phone,West,New,2,Credit Card,14.9,Electronics,30000,51060.0,36833.02,14226.98
10107,2025-01-27 12:00:00,Mouse,South,New,4,Credit Card,1.18,Accessories,800,3162.24,2528.98,633.26
10108,2025-01-27 18:00:00,Headphones,South,Returning,2,UPI,4.19,Accessories,2500,4790.5,4013.46,777.04
10109,2025-01-28 00:00:00,Mouse,South,New,2,Credit Card,11.15,Accessories,800,1421.6,1169.11,252.49
10110,2025-01-28 06:00:00,Monitor,East,VIP,1,Cash,13.69,Electronics,12000,10357.2,7398.5,2958.7
10111,2025-01-28 12:00:00,Smart Watch,North,New,2,Credit Card,2.75,Wearables,5000,9725.0,7382.47,2342.53
10112,2025-01-28 18:00:00,Monitor,West,Returning,3,Debit Card,4.9,Electronics,12000,34236.0,22516.13,11719.87
10113,2025-01-29 00:00:00,Smart Watch,North,VIP,2,Debit Card,3.86,Wearables,5000,9614.0,6737.03,2876.97
10114,2025-01-29 06:00:00,Mouse,North,VIP,4,Debit Card,4.4,Accessories,800,3059.2,2501.8,557.4
10115,2025-01-29 12:00:00,Monitor,North,VIP,2,Credit Card,18.41,Electronics,12000,19581.6,11891.89,7689.71
10116,2025-01-29 18:00:00,Headphones,South,VIP,4,Credit Card,14.32,Accessories,2500,8568.0,6281.97,2286.03
10117,2025-01-30 00:00:00,Laptop,Central,New,4,UPI,14.74,Electronics,60000,204624.0,167423.27,37200.73
10118,2025-01-30 06:00:00,Mouse,South,Returning,3,Net Banking,15.88,Accessories,800,2018.88,1272.91,745.97
10119,2025-01-30 12:00:00,Smart Watch,South,VIP,2,UPI,7.13,Wearables,5000,9287.0,7853.43,1433.57
10120,2025-01-30 18:00:00,Keyboard,North,VIP,2,Cash,15.34,Accessories,1500,2539.8,1531.75,1008.05
10121,2025-01-31 00:00:00,Smart Watch,South,Returning,5,Debit Card,19.57,Wearables,5000,20107.5,16518.91,3588.59
10122,2025-01-31 06:00:00,Keyboard,North,New,5,Credit Card,13.97,Accessories,1500,6452.25,4441.85,2010.4
10123,2025-01-31 12:00:00,Mobile Phone,Central,VIP,1,Net Banking,8.34,Electronics,30000,27498.0,17410.98,10087.02
10124,2025-01-31 18:00:00,Monitor,West,New,4,Net Banking,14.33,Electronics,12000,41121.6,26290.66,14830.94
10125,2025-02-01 00:00:00,Keyboard,North,New,3,Credit Card,18.02,Accessories,1500,3689.1,2860.14,828.96
10126,2025-02-01 06:00:00,Smart Watch,Central,New,5,UPI,2.58,Wearables,5000,24355.0,19914.59,4440.41
10127,2025-02-01 12:00:00,Mobile Phone,West,New,2,Net Banking,5.31,Electronics,30000,56814.0,43193.79,13620.21
10128,2025-02-01 18:00:00,Laptop,East,VIP,1,UPI,18.39,Electronics,60000,48966.0,40748.59,8217.41
10129,2025-02-02 00:00:00,Headphones,North,VIP,3,Credit Card,18.92,Accessories,2500,6081.0,4929.38,1151.62
10130,2025-02-02 06:00:00,Headphones,North,New,2,UPI,9.68,Accessories,2500,4516.0,2719.8,1796.2
10131,2025-02-02 12:00:00,Headphones,East,New,2,Debit Card,7.49,Accessories,2500,4625.5,3549.41,1076.09
10132,2025-02-02 18:00:00,Keyboard,East,Returning,4,Credit Card,5.66,Accessories,1500,5660.4,3827.33,1833.07
10133,2025-02-03 00:00:00,Laptop,North,Returning,4,Credit Card,9.98,Electronics,60000,216048.0,154177.25,61870.75
10134,2025-02-03 06:00:00,Keyboard,East,Returning,5,Net Banking,18.69,Accessories,1500,6098.25,3802.31,2295.94
10135,2025-02-03 12:00:00,Monitor,South,VIP,5,Net Banking,3.0,Electronics,12000,58200.0,39024.54,19175.46
10136,2025-02-03 18:00:00,Keyboard,West,Returning,2,Net Banking,8.4,Accessories,1500,2748.0,2083.46,664.54
10137,2025-02-04 00:00:00,Laptop,West,VIP,2,Debit Card,18.23,Electronics,60000,98124.0,64231.53,33892.47
10138,2025-02-04 06:00:00,Laptop,West,VIP,5,Debit Card,6.98,Electronics,60000,279060.0,212611.4,66448.6
10139,2025-02-04 12:00:00,Monitor,South,VIP,5,Cash,15.36,Electronics,12000,50784.0,42189.22,8594.78
10140,2025-02-04 18:00:00,Laptop,East,VIP,2,Credit Card,7.79,Electronics,60000,110652.0,66527.86,44124.14
10141,2025-02-05 00:00:00,Smart Watch,Central,Returning,3,Net Banking,16.1,Wearables,5000,12585.0,10023.23,2561.77
10142,2025-02-05 06:00:00,Laptop,East,New,2,Credit Card,19.62,Electronics,60000,96456.0,73338.36,23117.64
10143,2025-02-05 12:00:00,Headphones,North,New,3,UPI,7.76,Accessories,2500,6918.0,4231.45,2686.55
10144,2025-02-05 18:00:00,Smart Watch,West,New,3,Debit Card,16.9,Wearables,5000,12465.0,9941.36,2523.64
10145,2025-02-06 00:00:00,Smart Watch,East,Returning,2,Cash,19.77,Wearables,5000,8023.0,5264.13,2758.87
10146,2025-02-06 06:00:00,Monitor,Central,New,1,UPI,19.68,Electronics,12000,9638.4,6423.56,3214.84
10147,2025-02-06 12:00:00,Tablet,North,Returning,5,Credit Card,8.68,Electronics,20000,91320.0,56926.96,34393.04
10148,2025-02-06 18:00:00,Tablet,South,Returning,4,Debit Card,9.72,Electronics,20000,72224.0,52983.16,19240.84
10149,2025-02-07 00:00:00,Laptop,South,Returning,2,Net Banking,6.07,Electronics,60000,112716.0,81669.05,31046.95
10150,2025-02-07 06:00:00,Smart Watch,Central,New,3,UPI,6.28,Wearables,5000,14058.0,9654.94,4403.06
10151,2025-02-07 12:00:00,Tablet,North,New,2,Debit Card,9.85,Electronics,20000,36060.0,23157.32,12902.68
10152,2025-02-07 18:00:00,Tablet,West,New,5,Credit Card,4.01,Electronics,20000,95990.0,77702.79,18287.21
10153,2025-02-08 00:00:00,Laptop,East,VIP,3,Credit Card,14.22,Electronics,60000,154404.0,126471.48,27932.52
10154,2025-02-08 06:00:00,Tablet,North,Returning,4,UPI,10.73,Electronics,20000,71416.0,52501.11,18914.89
10155,2025-02-08 12:00:00,Keyboard,South,VIP,4,UPI,17.96,Accessories,1500,4922.4,3253.98,1668.42
10156,2025-02-08 18:00:00,Mobile Phone,Central,Returning,4,UPI,16.21,Electronics,30000,100548.0,62744.72,37803.28
10157,2025-02-09 00:00:00,Monitor,Central,New,1,Cash,6.45,Electronics,12000,11226.0,9173.17,2052.83
10158,2025-02-09 06:00:00,Mobile Phone,East,Returning,3,Net Banking,10.12,Electronics,30000,80892.0,50477.67,30414.33
10159,2025-02-09 12:00:00,Laptop,Central,Returning,3,Debit Card,15.01,Electronics,60000,152982.0,92293.28,60688.72
10160,2025-02-09 18:00:00,Headphones,Central,VIP,1,Credit Card,3.86,Accessories,2500,2403.5,1724.15,679.35
10161,2025-02-10 00:00:00,Monitor,North,Returning,3,Credit Card,0.63,Electronics,12000,35773.2,28003.9,7769.3
10162,2025-02-10 06:00:00,Laptop,West,New,1,Net Banking,17.05,Electronics,60000,49770.0,35554.9,14215.1
10163,2025-02-10 12:00:00,Smart Watch,East,Returning,2,UPI,2.75,Wearables,5000,9725.0,5959.99,3765.01
10164,2025-02-10 18:00:00,Headphones,North,Returning,5,UPI,17.79,Accessories,2500,10276.25,7938.48,2337.77
10165,2025-02-11 00:00:00,Mobile Phone,West,Returning,4,Credit Card,18.27,Electronics,30000,98076.0,74594.95,23481.05
10166,2025-02-11 06:00:00,Laptop,North,VIP,1,Net Banking,9.21,Electronics,60000,54474.0,41965.81,12508.19
10167,2025-02-11 12:00:00,Smart Watch,North,Returning,1,Credit Card,16.14,Wearables,5000,4193.0,2737.19,1455.81
10168,2025-02-11 18:00:00,Monitor,Central,Returning,1,UPI,7.26,Electronics,12000,11128.8,8891.07,2237.73
10169,2025-02-12 00:00:00,Monitor,West,VIP,2,Debit Card,17.17,Electronics,12000,19879.2,14308.89,5570.31
10170,2025-02-12 06:00:00,Mouse,East,VIP,1,UPI,16.49,Accessories,800,668.08,490.43,177.65
10171,2025-02-12 12:00:00,Smart Watch,East,VIP,5,Debit Card,1.57,Wearables,5000,24607.5,18122.38,6485.12
10172,2025-02-12 18:00:00,Keyboard,West,VIP,5,Cash,11.65,Accessories,1500,6626.25,4450.86,2175.39
10173,2025-02-13 00:00:00,Tablet,Central,New,4,Net Banking,12.8,Electronics,20000,69760.0,46218.34,23541.66
10174,2025-02-13 06:00:00,Headphones,South,New,2,Cash,0.02,Accessories,2500,4999.0,3005.36,1993.64
10175,2025-02-13 12:00:00,Smart Watch,North,Returning,5,UPI,19.6,Wearables,5000,20100.0,14052.97,6047.03
10176,2025-02-13 18:00:00,Mouse,Central,New,3,Net Banking,8.13,Accessories,800,2204.88,1590.33,614.55
10177,2025-02-14 00:00:00,Tablet,West,Returning,3,UPI,10.35,Electronics,20000,53790.0,42262.85,11527.15
10178,2025-02-14 06:00:00,Tablet,North,New,3,Net Banking,3.9,Electronics,20000,57660.0,35556.43,22103.57
10179,2025-02-14 12:00:00,Laptop,East,VIP,1,Net Banking,12.22,Electronics,60000,52668.0,43766.97,8901.03
10180,2025-02-14 18:00:00,Tablet,South,VIP,1,UPI,16.21,Electronics,20000,16758.0,11160.65,5597.35
10181,2025-02-15 00:00:00,Keyboard,East,New,3,UPI,11.72,Accessories,1500,3972.6,2747.77,1224.83
10182,2025-02-15 06:00:00,Monitor,West,New,4,Net Banking,15.76,Electronics,12000,40435.2,24750.01,15685.19
10183,2025-02-15 12:00:00,Mouse,North,Returning,4,Net Banking,14.62,Accessories,800,2732.16,2085.41,646.75
10184,2025-02-15 18:00:00,Tablet,West,Returning,1,UPI,4.75,Electronics,20000,19050.0,14806.24,4243.76
10185,2025-02-16 00:00:00,Laptop,North,Returning,3,UPI,8.72,Electronics,60000,164304.0,136733.43,27570.57
10186,2025-02-16 06:00:00,Keyboard,Central,VIP,4,Credit Card,2.97,Accessories,1500,5821.8,3983.32,1838.48
10187,2025-02-16 12:00:00,Mobile Phone,South,VIP,1,Credit Card,0.84,Electronics,30000,29748.0,19762.85,9985.15
10188,2025-02-16 18:00:00,Monitor,Central,VIP,3,Credit Card,1.26,Electronics,12000,35546.4,27780.28,7766.12
10189,2025-02-17 00:00:00,Monitor,Central,VIP,2,Cash,18.85,Electronics,12000,19476.0,15127.01,4348.99
10190,2025-02-17 06:00:00,Mouse,West,Returning,3,Net Banking,19.69,Accessories,800,1927.44,1608.03,319.41
10191,2025-02-17 12:00:00,Monitor,South,VIP,3,Debit Card,1.9,Electronics,12000,35316.0,23002.36,12313.64
10192,2025-02-17 18:00:00,Tablet,North,VIP,5,Cash,6.7,Electronics,20000,93300.0,72430.95,20869.05
10193,2025-02-18 00:00:00,Laptop,North,VIP,5,Net Banking,2.29,Electronics,60000,293130.0,180778.3,112351.7
10194,2025-02-18 06:00:00,Monitor,East,VIP,2,Debit Card,16.68,Electronics,12000,19996.8,14399.54,5597.26
10195,2025-02-18 12:00:00,Monitor,North,New,2,Credit Card,9.93,Electronics,12000,21616.8,13615.29,8001.51
10196,2025-02-18 18:00:00,Mobile Phone,West,Returning,3,Debit Card,12.43,Electronics,30000,78813.0,60156.9,18656.1
10197,2025-02-19 00:00:00,Mobile Phone,Central,Returning,4,UPI,10.8,Electronics,30000,107040.0,80319.25,26720.75
10198,2025-02-19 06:00:00,Headphones,Central,VIP,2,UPI,14.21,Accessories,2500,4289.5,2626.07,1663.43
10199,2025-02-19 12:00:00,Keyboard,Central,New,3,Net Banking,6.38,Accessories,1500,4212.9,2864.37,1348.53
10200,2025-02-19 18:00:00,Tablet,South,Returning,1,Cash,2.75,Electronics,20000,19450.0,13590.85,5859.15
10201,2025-02-20 00:00:00,Monitor,North,Returning,5,Credit Card,0.35,Electronics,12000,59790.0,39581.88,20208.12
10202,2025-02-20 06:00:00,Smart Watch,West,VIP,4,Net Banking,8.91,Wearables,5000,18218.0,11106.92,7111.08
10203,2025-02-20 12:00:00,Monitor,South,VIP,3,Credit Card,18.16,Electronics,12000,29462.4,20025.75,9436.65
10204,2025-02-20 18:00:00,Laptop,East,Returning,1,UPI,6.11,Electronics,60000,56334.0,44963.33,11370.67
10205,2025-02-21 00:00:00,Headphones,West,Returning,5,Cash,3.92,Accessories,2500,12010.0,8287.23,3722.77
10206,2025-02-21 06:00:00,Keyboard,West,New,1,Cash,18.52,Accessories,1500,1222.2,832.13,390.07
10207,2025-02-21 12:00:00,Smart Watch,West,Returning,3,UPI,2.11,Wearables,5000,14683.5,12267.16,2416.34
10208,2025-02-21 18:00:00,Headphones,Central,Returning,2,Debit Card,1.04,Accessories,2500,4948.0,3020.3,1927.7
10209,2025-02-22 00:00:00,Mouse,West,VIP,5,Cash,17.59,Accessories,800,3296.4,2610.16,686.24
10210,2025-02-22 06:00:00,Keyboard,North,Returning,1,Debit Card,14.02,Accessories,1500,1289.7,929.58,360.12
10211,2025-02-22 12:00:00,Monitor,West,VIP,2,Credit Card,8.44,Electronics,12000,21974.4,18373.14,3601.26
10212,2025-02-22 18:00:00,Monitor,Central,Returning,4,Cash,15.05,Electronics,12000,40776.0,28476.64,12299.36
10213,2025-02-23 00:00:00,Keyboard,West,Returning,3,UPI,14.83,Accessories,1500,3832.65,2978.01,854.64
10214,2025-02-23 06:00:00,Monitor,East,Returning,3,Debit Card,0.8,Electronics,12000,35712.0,22051.58,13660.42
10215,2025-02-23 12:00:00,Tablet,East,New,5,Credit Card,13.52,Electronics,20000,86480.0,71968.06,14511.94
10216,2025-02-23 18:00:00,Keyboard,Central,VIP,1,Credit Card,12.82,Accessories,1500,1307.7,897.26,410.44
10217,2025-02-24 00:00:00,Headphones,North,New,4,Cash,19.28,Accessories,2500,8072.0,5900.64,2171.36
10218,2025-02-24 06:00:00,Keyboard,North,Returning,5,Cash,19.33,Accessories,1500,6050.25,3839.61,2210.64
10219,2025-02-24 12:00:00,Smart Watch,South,New,5,Net Banking,7.56,Wearables,5000,23110.0,19328.96,3781.04
10220,2025-02-24 18:00:00,Monitor,Central,VIP,1,Net Banking,11.8,Electronics,12000,10584.0,8131.08,2452.92
10221,2025-02-25 00:00:00,Tablet,West,Returning,4,Cash,2.83,Electronics,20000,77736.0,47690.02,30045.98
10222,2025-02-25 06:00:00,Tablet,Central,New,1,Net Banking,1.33,Electronics,20000,19734.0,12606.11,7127.89
10223,2025-02-25 12:00:00,Mouse,South,New,3,UPI,8.66,Accessories,800,2192.16,1534.42,657.74
10224,2025-02-25 18:00:00,Headphones,Central,VIP,2,UPI,13.8,Accessories,2500,4310.0,2819.57,1490.43
10225,2025-02-26 00:00:00,Mobile Phone,Central,New,3,Net Banking,11.36,Electronics,30000,79776.0,53941.05,25834.95
10226,2025-02-26 06:00:00,Mobile Phone,South,VIP,3,Cash,8.59,Electronics,30000,82269.0,69877.05,12391.95
10227,2025-02-26 12:00:00,Keyboard,North,Returning,5,UPI,16.36,Accessories,1500,6273.0,4796.73,1476.27
10228,2025-02-26 18:00:00,Mouse,West,Returning,3,Credit Card,15.89,Accessories,800,2018.64,1676.59,342.05
10229,2025-02-27 00:00:00,Laptop,South,New,4,Cash,14.64,Electronics,60000,204864.0,145238.25,59625.75
10230,2025-02-27 06:00:00,Keyboard,East,Returning,3,Debit Card,1.54,Accessories,1500,4430.7,3445.18,985.52
10231,2025-02-27 12:00:00,Mouse,North,Returning,4,Debit Card,15.93,Accessories,800,2690.24,1923.31,766.93
10232,2025-02-27 18:00:00,Headphones,East,New,1,Cash,18.39,Accessories,2500,2040.25,1391.57,648.68
10233,2025-02-28 00:00:00,Headphones,North,Returning,5,Net Banking,1.19,Accessories,2500,12351.25,9013.86,3337.39
10234,2025-02-28 06:00:00,Headphones,West,New,4,UPI,8.03,Accessories,2500,9197.0,6500.69,2696.31
10235,2025-02-28 12:00:00,Headphones,West,VIP,3,UPI,19.77,Accessories,2500,6017.25,5085.39,931.86
10236,2025-02-28 18:00:00,Headphones,Central,VIP,5,Cash,11.98,Accessories,2500,11002.5,7966.27,3036.23
10237,2025-03-01 00:00:00,Mouse,East,VIP,5,Credit Card,10.27,Accessories,800,3589.2,2881.33,707.87
10238,2025-03-01 06:00:00,Mouse,North,New,4,Net Banking,3.55,Accessories,800,3086.4,2366.36,720.04
10239,2025-03-01 12:00:00,Tablet,West,New,4,Credit Card,11.31,Electronics,20000,70952.0,51078.83,19873.17
10240,2025-03-01 18:00:00,Smart Watch,South,Returning,2,Cash,8.78,Wearables,5000,9122.0,6554.5,2567.5
10241,2025-03-02 00:00:00,Mobile Phone,West,Returning,2,Cash,2.55,Electronics,30000,58470.0,40079.58,18390.42
10242,2025-03-02 06:00:00,Monitor,South,Returning,5,Credit Card,9.29,Electronics,12000,54426.0,34111.25,20314.75
10243,2025-03-02 12:00:00,Headphones,North,Returning,2,Debit Card,3.29,Accessories,2500,4835.5,3821.82,1013.68
10244,2025-03-02 18:00:00,Laptop,West,Returning,3,Cash,14.61,Electronics,60000,153702.0,127499.45,26202.55
10245,2025-03-03 00:00:00,Monitor,West,New,1,Net Banking,19.47,Electronics,12000,9663.6,6324.72,3338.88
10246,2025-03-03 06:00:00,Mouse,North,New,5,Credit Card,9.39,Accessories,800,3624.4,3013.39,611.01
10247,2025-03-03 12:00:00,Laptop,West,VIP,1,Debit Card,12.65,Electronics,60000,52410.0,34489.77,17920.23
10248,2025-03-03 18:00:00,Laptop,South,VIP,2,Credit Card,8.62,Electronics,60000,109656.0,80325.19,29330.81
10249,2025-03-04 00:00:00,Laptop,West,VIP,4,Debit Card,2.77,Electronics,60000,233352.0,160057.42,73294.58
10250,2025-03-04 06:00:00,Tablet,East,VIP,5,Debit Card,19.41,Electronics,20000,80590.0,50661.07,29928.93
10251,2025-03-04 12:00:00,Mouse,Central,New,2,Net Banking,2.59,Accessories,800,1558.56,955.72,602.84
10252,2025-03-04 18:00:00,Laptop,South,New,3,Cash,2.23,Electronics,60000,175986.0,121665.57,54320.43
10253,2025-03-05 00:00:00,Headphones,East,New,5,Debit Card,9.18,Accessories,2500,11352.5,6945.87,4406.63
10254,2025-03-05 06:00:00,Keyboard,North,Returning,5,Cash,13.18,Accessories,1500,6511.5,4076.54,2434.96
10255,2025-03-05 12:00:00,Laptop,South,Returning,4,Net Banking,7.1,Electronics,60000,222960.0,141707.67,81252.33
10256,2025-03-05 18:00:00,Tablet,Central,VIP,5,Cash,3.85,Electronics,20000,96150.0,57736.05,38413.95
10257,2025-03-06 00:00:00,Monitor,Central,Returning,4,UPI,16.38,Electronics,12000,40137.6,25620.35,14517.25
10258,2025-03-06 06:00:00,Mouse,North,New,2,Debit Card,7.26,Accessories,800,1483.84,1104.45,379.39
10259,2025-03-06 12:00:00,Smart Watch,North,VIP,3,Net Banking,3.89,Wearables,5000,14416.5,11603.56,2812.94
10260,2025-03-06 18:00:00,Tablet,South,VIP,3,Credit Card,7.3,Electronics,20000,55620.0,36061.64,19558.36
10261,2025-03-07 00:00:00,Laptop,West,Returning,5,Net Banking,4.29,Electronics,60000,287130.0,178083.24,109046.76
10262,2025-03-07 06:00:00,Mouse,North,VIP,5,Debit Card,10.39,Accessories,800,3584.4,2804.36,780.04
10263,2025-03-07 12:00:00,Keyboard,West,Returning,2,Net Banking,13.37,Accessories,1500,2598.9,1564.64,1034.26
10264,2025-03-07 18:00:00,Laptop,East,Returning,4,Credit Card,15.99,Electronics,60000,201624.0,157980.57,43643.43
10265,2025-03-08 00:00:00,Tablet,Central,VIP,3,UPI,4.55,Electronics,20000,57270.0,36239.27,21030.73
10266,2025-03-08 06:00:00,Mobile Phone,West,Returning,4,Debit Card,3.34,Electronics,30000,115992.0,76215.01,39776.99
10267,2025-03-08 12:00:00,Headphones,Central,Returning,2,Debit Card,0.39,Accessories,2500,4980.5,3137.8,1842.7
10268,2025-03-08 18:00:00,Smart Watch,West,Returning,3,Net Banking,4.56,Wearables,5000,14316.0,9474.82,4841.18
10269,2025-03-09 00:00:00,Monitor,East,Returning,3,Cash,0.48,Electronics,12000,35827.2,28645.42,7181.78
10270,2025-03-09 06:00:00,Tablet,North,VIP,1,Cash,6.91,Electronics,20000,18618.0,11787.73,6830.27
10271,2025-03-09 12:00:00,Mouse,East,New,2,Credit Card,2.91,Accessories,800,1553.44,1318.16,235.28
10272,2025-03-09 18:00:00,Smart Watch,North,New,2,UPI,11.6,Wearables,5000,8840.0,6026.89,2813.11
10273,2025-03-10 00:00:00,Smart Watch,North,Returning,1,UPI,7.67,Wearables,5000,4616.5,3833.97,782.53
10274,2025-03-10 06:00:00,Smart Watch,Central,Returning,4,Net Banking,1.87,Wearables,5000,19626.0,12708.0,6918.0
10275,2025-03-10 12:00:00,Laptop,East,Returning,1,Net Banking,8.0,Electronics,60000,55200.0,35712.99,19487.01
10276,2025-03-10 18:00:00,Headphones,West,New,2,Cash,4.19,Accessories,2500,4790.5,3551.36,1239.14
10277,2025-03-11 00:00:00,Laptop,East,Returning,4,UPI,13.6,Electronics,60000,207360.0,127039.11,80320.89
10278,2025-03-11 06:00:00,Mouse,Central,VIP,3,UPI,7.29,Accessories,800,2225.04,1780.59,444.45
10279,2025-03-11 12:00:00,Laptop,North,VIP,1,UPI,2.94,Electronics,60000,58236.0,41341.96,16894.04
10280,2025-03-11 18:00:00,Mobile Phone,Central,VIP,4,Credit Card,6.99,Electronics,30000,111612.0,86476.88,25135.12
10281,2025-03-12 00:00:00,Headphones,South,New,4,Credit Card,4.49,Accessories,2500,9551.0,6147.58,3403.42
10282,2025-03-12 06:00:00,Headphones,South,Returning,4,Net Banking,15.92,Accessories,2500,8408.0,6395.04,2012.96
10283,2025-03-12 12:00:00,Mouse,West,Returning,1,Cash,19.67,Accessories,800,642.64,481.03,161.61
10284,2025-03-12 18:00:00,Monitor,Central,Returning,3,Debit Card,0.51,Electronics,12000,35816.4,28256.11,7560.29
10285,2025-03-13 00:00:00,Mobile Phone,West,New,4,Cash,13.8,Electronics,30000,103440.0,69754.8,33685.2
10286,2025-03-13 06:00:00,Tablet,West,New,1,Credit Card,5.28,Electronics,20000,18944.0,15785.87,3158.13
10287,2025-03-13 12:00:00,Laptop,South,New,2,Credit Card,1.33,Electronics,60000,118404.0,99497.87,18906.13
10288,2025-03-13 18:00:00,Keyboard,West,New,1,Net Banking,0.29,Accessories,1500,1495.65,1221.99,273.66
10289,2025-03-14 00:00:00,Laptop,South,VIP,1,Debit Card,17.62,Electronics,60000,49428.0,36725.42,12702.58
10290,2025-03-14 06:00:00,Smart Watch,North,New,1,UPI,7.07,Wearables,5000,4646.5,3276.12,1370.38
10291,2025-03-14 12:00:00,Laptop,Central,New,4,Debit Card,19.89,Electronics,60000,192264.0,118145.86,74118.14
10292,2025-03-14 18:00:00,Tablet,West,New,1,Debit Card,8.85,Electronics,20000,18230.0,15254.99,2975.01
10293,2025-03-15 00:00:00,Laptop,South,Returning,2,Debit Card,3.75,Electronics,60000,115500.0,96782.69,18717.31
10294,2025-03-15 06:00:00,Mobile Phone,East,Returning,4,Net Banking,15.54,Electronics,30000,101352.0,61284.73,40067.27
10295,2025-03-15 12:00:00,Mobile Phone,West,Returning,2,Credit Card,18.53,Electronics,30000,48882.0,33690.54,15191.46
10296,2025-03-15 18:00:00,Headphones,North,VIP,5,UPI,16.31,Accessories,2500,10461.25,8578.32,1882.93
10297,2025-03-16 00:00:00,Mouse,North,VIP,1,Debit Card,14.9,Accessories,800,680.8,422.24,258.56
10298,2025-03-16 06:00:00,Monitor,East,New,4,UPI,6.69,Electronics,12000,44788.8,29074.27,15714.53
10299,2025-03-16 12:00:00,Keyboard,South,Returning,4,Debit Card,1.29,Accessories,1500,5922.6,5002.64,919.96
10300,2025-03-16 18:00:00,Smart Watch,West,VIP,1,Credit Card,4.03,Wearables,5000,4798.5,3895.53,902.97
10301,2025-03-17 00:00:00,Laptop,South,Returning,3,UPI,8.94,Electronics,60000,163908.0,135718.43,28189.57
10302,2025-03-17 06:00:00,Laptop,North,VIP,3,Cash,19.12,Electronics,60000,145584.0,92524.25,53059.75
10303,2025-03-17 12:00:00,Tablet,South,VIP,2,Credit Card,14.46,Electronics,20000,34216.0,22337.2,11878.8
10304,2025-03-17 18:00:00,Mouse,North,New,1,UPI,16.57,Accessories,800,667.44,501.48,165.96
10305,2025-03-18 00:00:00,Mobile Phone,South,New,1,Debit Card,5.55,Electronics,30000,28335.0,20555.19,7779.81
10306,2025-03-18 06:00:00,Keyboard,East,VIP,5,Debit Card,13.68,Accessories,1500,6474.0,4367.53,2106.47
10307,2025-03-18 12:00:00,Headphones,Central,New,3,Credit Card,17.25,Accessories,2500,6206.25,5095.09,1111.16
10308,2025-03-18 18:00:00,Mobile Phone,East,VIP,3,Credit Card,9.59,Electronics,30000,81369.0,67157.67,14211.33
10309,2025-03-19 00:00:00,Smart Watch,East,VIP,1,Debit Card,8.6,Wearables,5000,4570.0,3075.25,1494.75
10310,2025-03-19 06:00:00,Mouse,Central,Returning,2,UPI,14.39,Accessories,800,1369.76,875.19,494.57
10311,2025-03-19 12:00:00,Smart Watch,Central,New,1,Cash,11.2,Wearables,5000,4440.0,2829.49,1610.51
10312,2025-03-19 18:00:00,Monitor,West,New,2,Net Banking,19.86,Electronics,12000,19233.6,13869.47,5364.13
10313,2025-03-20 00:00:00,Headphones,West,New,3,Credit Card,8.5,Accessories,2500,6862.5,4345.54,2516.96
10314,2025-03-20 06:00:00,Monitor,East,Returning,5,Debit Card,3.52,Electronics,12000,57888.0,41582.98,16305.02
10315,2025-03-20 12:00:00,Tablet,East,Returning,4,UPI,9.44,Electronics,20000,72448.0,51835.35,20612.65
10316,2025-03-20 18:00:00,Smart Watch,North,Returning,3,Credit Card,4.7,Wearables,5000,14295.0,11736.59,2558.41
10317,2025-03-21 00:00:00,Tablet,North,New,2,UPI,11.23,Electronics,20000,35508.0,23934.26,11573.74
10318,2025-03-21 06:00:00,Laptop,West,New,1,Credit Card,2.52,Electronics,60000,58488.0,43290.66,15197.34
10319,2025-03-21 12:00:00,Monitor,West,New,3,Debit Card,19.0,Electronics,12000,29160.0,22916.11,6243.89
10320,2025-03-21 18:00:00,Mouse,North,Returning,5,UPI,17.2,Accessories,800,3312.0,2480.62,831.38
10321,2025-03-22 00:00:00,Smart Watch,North,Returning,2,Debit Card,3.11,Wearables,5000,9689.0,8124.39,1564.61
10322,2025-03-22 06:00:00,Keyboard,South,VIP,1,UPI,3.45,Accessories,1500,1448.25,1087.01,361.24
10323,2025-03-22 12:00:00,Headphones,South,Returning,4,Credit Card,10.25,Accessories,2500,8975.0,7408.55,1566.45
10324,2025-03-22 18:00:00,Mobile Phone,North,VIP,2,Net Banking,15.46,Electronics,30000,50724.0,33541.96,17182.04
10325,2025-03-23 00:00:00,Mouse,South,New,1,Net Banking,4.38,Accessories,800,764.96,566.21,198.75
10326,2025-03-23 06:00:00,Mouse,Central,Returning,4,Cash,1.22,Accessories,800,3160.96,2325.92,835.04
10327,2025-03-23 12:00:00,Tablet,West,New,1,Cash,10.91,Electronics,20000,17818.0,15098.31,2719.69
10328,2025-03-23 18:00:00,Monitor,West,New,4,Debit Card,13.83,Electronics,12000,41361.6,26931.64,14429.96
10329,2025-03-24 00:00:00,Smart Watch,North,New,4,UPI,4.89,Wearables,5000,19022.0,12083.69,6938.31
10330,2025-03-24 06:00:00,Smart Watch,East,New,4,Cash,14.8,Wearables,5000,17040.0,12829.72,4210.28
10331,2025-03-24 12:00:00,Laptop,North,Returning,1,Credit Card,19.01,Electronics,60000,48594.0,31873.92,16720.08
10332,2025-03-24 18:00:00,Laptop,South,New,4,Net Banking,2.74,Electronics,60000,233424.0,177352.95,56071.05
10333,2025-03-25 00:00:00,Headphones,East,VIP,2,UPI,10.22,Accessories,2500,4489.0,3784.78,704.22
10334,2025-03-25 06:00:00,Tablet,South,Returning,5,Net Banking,1.14,Electronics,20000,98860.0,82708.9,16151.1
10335,2025-03-25 12:00:00,Mouse,Central,New,5,UPI,4.13,Accessories,800,3834.8,2522.44,1312.36
10336,2025-03-25 18:00:00,Smart Watch,South,Returning,4,Cash,1.8,Wearables,5000,19640.0,12623.1,7016.9
10337,2025-03-26 00:00:00,Keyboard,Central,VIP,5,Cash,8.08,Accessories,1500,6894.0,5102.83,1791.17
10338,2025-03-26 06:00:00,Tablet,Central,New,5,Debit Card,16.42,Electronics,20000,83580.0,62408.71,21171.29
10339,2025-03-26 12:00:00,Headphones,South,VIP,4,UPI,11.54,Accessories,2500,8846.0,6772.17,2073.83
10340,2025-03-26 18:00:00,Headphones,South,New,4,Credit Card,4.45,Accessories,2500,9555.0,7504.24,2050.76
10341,2025-03-27 00:00:00,Tablet,Central,VIP,2,Cash,0.8,Electronics,20000,39680.0,29769.5,9910.5
10342,2025-03-27 06:00:00,Headphones,East,New,3,Debit Card,11.07,Accessories,2500,6669.75,4188.19,2481.56
10343,2025-03-27 12:00:00,Tablet,Central,Returning,1,Cash,2.66,Electronics,20000,19468.0,15526.5,3941.5
10344,2025-03-27 18:00:00,Mobile Phone,West,New,4,Net Banking,6.85,Electronics,30000,111780.0,69290.11,42489.89
10345,2025-03-28 00:00:00,Tablet,Central,Returning,4,Cash,10.2,Electronics,20000,71840.0,43463.07,28376.93
10346,2025-03-28 06:00:00,Monitor,East,New,5,UPI,18.07,Electronics,12000,49158.0,38953.51,10204.49
10347,2025-03-28 12:00:00,Tablet,West,New,2,Debit Card,1.64,Electronics,20000,39344.0,29000.04,10343.96
10348,2025-03-28 18:00:00,Headphones,North,VIP,5,UPI,13.37,Accessories,2500,10828.75,8388.47,2440.28
10349,2025-03-29 00:00:00,Smart Watch,North,VIP,4,Credit Card,0.28,Wearables,5000,19944.0,13874.78,6069.22
10350,2025-03-29 06:00:00,Monitor,East,VIP,4,Credit Card,12.6,Electronics,12000,41952.0,25287.54,16664.46
10351,2025-03-29 12:00:00,Headphones,Central,New,5,Cash,11.03,Accessories,2500,11121.25,7593.08,3528.17
10352,2025-03-29 18:00:00,Laptop,South,New,4,Debit Card,16.24,Electronics,60000,201024.0,151176.84,49847.16
10353,2025-03-30 00:00:00,Laptop,East,New,3,Debit Card,10.63,Electronics,60000,160866.0,105596.59,55269.41
10354,2025-03-30 06:00:00,Smart Watch,West,Returning,1,Debit Card,7.05,Wearables,5000,4647.5,3587.64,1059.86
10355,2025-03-30 12:00:00,Smart Watch,West,Returning,1,Debit Card,4.86,Wearables,5000,4757.0,3798.94,958.06
10356,2025-03-30 18:00:00,Monitor,North,New,1,Cash,1.7,Electronics,12000,11796.0,8417.23,3378.77
10357,2025-03-31 00:00:00,Mobile Phone,West,VIP,3,UPI,10.69,Electronics,30000,80379.0,65824.8,14554.2
10358,2025-03-31 06:00:00,Smart Watch,East,VIP,4,Cash,17.77,Wearables,5000,16446.0,13382.18,3063.82
10359,2025-03-31 12:00:00,Laptop,West,VIP,5,UPI,10.29,Electronics,60000,269130.0,220555.93,48574.07
10360,2025-03-31 18:00:00,Tablet,East,New,2,Net Banking,14.78,Electronics,20000,34088.0,26086.16,8001.84
10361,2025-04-01 00:00:00,Headphones,South,VIP,4,Net Banking,5.97,Accessories,2500,9403.0,6358.28,3044.72
10362,2025-04-01 06:00:00,Laptop,North,New,3,UPI,8.96,Electronics,60000,163872.0,118039.1,45832.9
10363,2025-04-01 12:00:00,Laptop,West,Returning,3,Cash,6.49,Electronics,60000,168318.0,130888.73,37429.27
10364,2025-04-01 18:00:00,Mobile Phone,East,VIP,1,Credit Card,2.19,Electronics,30000,29343.0,19150.44,10192.56
10365,2025-04-02 00:00:00,Monitor,Central,Returning,4,Cash,8.34,Electronics,12000,43996.8,34524.77,9472.03
10366,2025-04-02 06:00:00,Monitor,North,VIP,1,Credit Card,15.29,Electronics,12000,10165.2,7491.98,2673.22
10367,2025-04-02 12:00:00,Mouse,South,New,2,Cash,7.9,Accessories,800,1473.6,919.53,554.07
10368,2025-04-02 18:00:00,Mobile Phone,East,New,1,Debit Card,13.0,Electronics,30000,26100.0,19296.29,6803.71
10369,2025-04-03 00:00:00,Tablet,South,New,2,Debit Card,15.17,Electronics,20000,33932.0,20925.66,13006.34
10370,2025-04-03 06:00:00,Monitor,South,New,3,Net Banking,6.45,Electronics,12000,33678.0,20327.26,13350.74
10371,2025-04-03 12:00:00,Headphones,West,VIP,1,Net Banking,15.95,Accessories,2500,2101.25,1728.08,373.17
10372,2025-04-03 18:00:00,Smart Watch,West,Returning,1,UPI,6.78,Wearables,5000,4661.0,3367.47,1293.53
10373,2025-04-04 00:00:00,Mobile Phone,East,New,5,Credit Card,5.12,Electronics,30000,142320.0,104722.25,37597.75
10374,2025-04-04 06:00:00,Smart Watch,Central,VIP,3,Debit Card,4.45,Wearables,5000,14332.5,9602.55,4729.95
10375,2025-04-04 12:00:00,Laptop,East,Returning,5,Cash,4.0,Electronics,60000,288000.0,211877.62,76122.38
10376,2025-04-04 18:00:00,Headphones,Central,New,2,UPI,14.74,Accessories,2500,4263.0,2737.77,1525.23
10377,2025-04-05 00:00:00,Headphones,South,Returning,2,Cash,17.75,Accessories,2500,4112.5,3234.12,878.38
10378,2025-04-05 06:00:00,Laptop,North,New,3,Debit Card,4.61,Electronics,60000,171702.0,138363.87,33338.13
10379,2025-04-05 12:00:00,Mobile Phone,East,Returning,2,Debit Card,1.7,Electronics,30000,58980.0,48007.89,10972.11
10380,2025-04-05 18:00:00,Laptop,East,Returning,3,Debit Card,6.28,Electronics,60000,168696.0,105715.57,62980.43
10381,2025-04-06 00:00:00,Smart Watch,Central,New,2,Debit Card,13.16,Wearables,5000,8684.0,6421.28,2262.72
10382,2025-04-06 06:00:00,Mouse,South,VIP,4,Cash,7.37,Accessories,800,2964.16,2377.81,586.35
10383,2025-04-06 12:00:00,Headphones,South,Returning,1,UPI,10.98,Accessories,2500,2225.5,1406.64,818.86
10384,2025-04-06 18:00:00,Keyboard,Central,New,4,Debit Card,14.89,Accessories,1500,5106.6,3191.02,1915.58
10385,2025-04-07 00:00:00,Keyboard,South,Returning,3,Net Banking,8.17,Accessories,1500,4132.35,3323.38,808.97
10386,2025-04-07 06:00:00,Smart Watch,West,Returning,3,UPI,19.99,Wearables,5000,12001.5,9591.41,2410.09
10387,2025-04-07 12:00:00,Tablet,North,VIP,4,Net Banking,5.96,Electronics,20000,75232.0,53578.22,21653.78
10388,2025-04-07 18:00:00,Monitor,East,Returning,1,Cash,19.56,Electronics,12000,9652.8,6056.43,3596.37
10389,2025-04-08 00:00:00,Laptop,North,Returning,1,Debit Card,4.06,Electronics,60000,57564.0,41965.93,15598.07
10390,2025-04-08 06:00:00,Laptop,East,New,5,UPI,2.22,Electronics,60000,293340.0,204956.89,88383.11
10391,2025-04-08 12:00:00,Tablet,West,New,2,Debit Card,15.02,Electronics,20000,33992.0,24801.82,9190.18
10392,2025-04-08 18:00:00,Tablet,South,VIP,5,Debit Card,14.05,Electronics,20000,85950.0,61022.25,24927.75
10393,2025-04-09 00:00:00,Smart Watch,Central,Returning,1,UPI,16.22,Wearables,5000,4189.0,3108.78,1080.22
10394,2025-04-09 06:00:00,Smart Watch,West,Returning,4,Debit Card,6.87,Wearables,5000,18626.0,14561.48,4064.52
10395,2025-04-09 12:00:00,Tablet,North,Returning,2,Debit Card,18.62,Electronics,20000,32552.0,25837.01,6714.99
10396,2025-04-09 18:00:00,Headphones,Central,VIP,4,Credit Card,2.39,Accessories,2500,9761.0,7440.28,2320.72
10397,2025-04-10 00:00:00,Smart Watch,South,Returning,5,Credit Card,0.61,Wearables,5000,24847.5,16144.29,8703.21
10398,2025-04-10 06:00:00,Mouse,West,New,3,UPI,6.01,Accessories,800,2255.76,1577.41,678.35
10399,2025-04-10 12:00:00,Smart Watch,Central,VIP,4,UPI,15.95,Wearables,5000,16810.0,10385.32,6424.68
10400,2025-04-10 18:00:00,Laptop,West,New,5,Debit Card,13.46,Electronics,60000,259620.0,185087.88,74532.12
10401,2025-04-11 00:00:00,Smart Watch,West,New,5,Net Banking,8.72,Wearables,5000,22820.0,19227.79,3592.21
10402,2025-04-11 06:00:00,Headphones,South,VIP,5,UPI,5.13,Accessories,2500,11858.75,9017.78,2840.97
10403,2025-04-11 12:00:00,Tablet,East,New,3,Debit Card,1.19,Electronics,20000,59286.0,37863.19,21422.81
10404,2025-04-11 18:00:00,Laptop,Central,Returning,3,Net Banking,6.75,Electronics,60000,167850.0,111980.19,55869.81
10405,2025-04-12 00:00:00,Smart Watch,South,VIP,3,Credit Card,9.2,Wearables,5000,13620.0,8391.87,5228.13
10406,2025-04-12 06:00:00,Headphones,West,New,2,UPI,13.74,Accessories,2500,4313.0,2784.49,1528.51
10407,2025-04-12 12:00:00,Mouse,South,Returning,3,Debit Card,12.92,Accessories,800,2089.92,1508.84,581.08
10408,2025-04-12 18:00:00,Smart Watch,East,Returning,3,Credit Card,18.95,Wearables,5000,12157.5,8342.65,3814.85
10409,2025-04-13 00:00:00,Headphones,Central,New,3,Cash,2.01,Accessories,2500,7349.25,4784.29,2564.96
10410,2025-04-13 06:00:00,Mouse,East,Returning,4,Credit Card,6.73,Accessories,800,2984.64,1900.17,1084.47
10411,2025-04-13 12:00:00,Tablet,North,VIP,3,Debit Card,9.63,Electronics,20000,54222.0,41426.57,12795.43
10412,2025-04-13 18:00:00,Smart Watch,Central,New,2,Net Banking,13.41,Wearables,5000,8659.0,6403.55,2255.45
10413,2025-04-14 00:00:00,Mouse,East,Returning,5,Cash,9.91,Accessories,800,3603.6,2921.29,682.31
10414,2025-04-14 06:00:00,Laptop,West,Returning,4,Cash,18.26,Electronics,60000,196176.0,126693.05,69482.95
10415,2025-04-14 12:00:00,Tablet,Central,New,1,Cash,12.17,Electronics,20000,17566.0,14263.53,3302.47
10416,2025-04-14 18:00:00,Laptop,Central,New,3,UPI,0.79,Electronics,60000,178578.0,132947.36,45630.64
10417,2025-04-15 00:00:00,Keyboard,South,New,5,Debit Card,2.27,Accessories,1500,7329.75,4885.69,2444.06
10418,2025-04-15 06:00:00,Mobile Phone,West,New,5,Cash,15.07,Electronics,30000,127395.0,85149.33,42245.67
10419,2025-04-15 12:00:00,Smart Watch,North,VIP,4,Credit Card,14.32,Wearables,5000,17136.0,11953.99,5182.01
10420,2025-04-15 18:00:00,Mouse,East,New,1,Net Banking,3.07,Accessories,800,775.44,554.46,220.98
10421,2025-04-16 00:00:00,Mobile Phone,South,VIP,2,Debit Card,1.18,Electronics,30000,59292.0,36798.17,22493.83
10422,2025-04-16 06:00:00,Mobile Phone,East,VIP,5,Credit Card,11.57,Electronics,30000,132645.0,107508.74,25136.26
10423,2025-04-16 12:00:00,Mouse,North,New,5,UPI,12.71,Accessories,800,3491.6,2201.05,1290.55
10424,2025-04-16 18:00:00,Tablet,North,VIP,5,Cash,2.71,Electronics,20000,97290.0,70132.95,27157.05
10425,2025-04-17 00:00:00,Smart Watch,Central,New,5,Credit Card,9.47,Wearables,5000,22632.5,15746.38,6886.12
10426,2025-04-17 06:00:00,Keyboard,North,New,4,Debit Card,6.12,Accessories,1500,5632.8,4101.08,1531.72
10427,2025-04-17 12:00:00,Laptop,East,Returning,1,Credit Card,18.63,Electronics,60000,48822.0,40125.37,8696.63
10428,2025-04-17 18:00:00,Headphones,West,New,5,UPI,4.38,Accessories,2500,11952.5,10127.02,1825.48
10429,2025-04-18 00:00:00,Laptop,West,Returning,2,Net Banking,14.67,Electronics,60000,102396.0,61956.53,40439.47
10430,2025-04-18 06:00:00,Headphones,Central,VIP,2,Cash,10.36,Accessories,2500,4482.0,3129.82,1352.18
10431,2025-04-18 12:00:00,Laptop,East,Returning,3,Debit Card,0.23,Electronics,60000,179586.0,144459.45,35126.55
10432,2025-04-18 18:00:00,Mouse,East,VIP,5,Cash,10.34,Accessories,800,3586.4,2444.67,1141.73
10433,2025-04-19 00:00:00,Keyboard,North,New,5,Cash,1.99,Accessories,1500,7350.75,5603.18,1747.57
10434,2025-04-19 06:00:00,Smart Watch,East,VIP,5,Cash,13.18,Wearables,5000,21705.0,18407.25,3297.75
10435,2025-04-19 12:00:00,Headphones,South,VIP,5,Credit Card,11.31,Accessories,2500,11086.25,8444.32,2641.93
10436,2025-04-19 18:00:00,Smart Watch,North,New,5,Credit Card,0.21,Wearables,5000,24947.5,15661.99,9285.51
10437,2025-04-20 00:00:00,Smart Watch,South,VIP,2,Net Banking,4.09,Wearables,5000,9591.0,7775.74,1815.26
10438,2025-04-20 06:00:00,Smart Watch,Central,New,1,UPI,15.52,Wearables,5000,4224.0,3555.19,668.81
10439,2025-04-20 12:00:00,Monitor,West,Returning,1,Debit Card,5.52,Electronics,12000,11337.6,8822.09,2515.51
10440,2025-04-20 18:00:00,Tablet,Central,New,3,Credit Card,9.99,Electronics,20000,54006.0,38061.65,15944.35
10441,2025-04-21 00:00:00,Laptop,West,New,2,Cash,6.24,Electronics,60000,112512.0,94183.8,18328.2
10442,2025-04-21 06:00:00,Smart Watch,Central,VIP,5,UPI,18.43,Wearables,5000,20392.5,17173.4,3219.1
10443,2025-04-21 12:00:00,Laptop,East,Returning,1,Debit Card,10.73,Electronics,60000,53562.0,44658.88,8903.12
10444,2025-04-21 18:00:00,Smart Watch,South,New,4,Debit Card,13.92,Wearables,5000,17216.0,12102.07,5113.93
10445,2025-04-22 00:00:00,Headphones,West,Returning,4,Debit Card,1.67,Accessories,2500,9833.0,7841.1,1991.9
10446,2025-04-22 06:00:00,Tablet,North,Returning,4,Debit Card,0.81,Electronics,20000,79352.0,60588.81,18763.19
10447,2025-04-22 12:00:00,Tablet,South,VIP,5,Net Banking,5.18,Electronics,20000,94820.0,61151.95,33668.05
10448,2025-04-22 18:00:00,Mouse,North,New,5,Debit Card,6.18,Accessories,800,3752.8,2754.1,998.7
10449,2025-04-23 00:00:00,Monitor,South,VIP,3,UPI,13.75,Electronics,12000,31050.0,24433.95,6616.05
10450,2025-04-23 06:00:00,Mouse,South,New,3,Credit Card,11.38,Accessories,800,2126.88,1752.5,374.38
10451,2025-04-23 12:00:00,Mouse,Central,Returning,3,UPI,7.49,Accessories,800,2220.24,1810.94,409.3
10452,2025-04-23 18:00:00,Mouse,West,New,4,Cash,13.08,Accessories,800,2781.44,1776.41,1005.03
10453,2025-04-24 00:00:00,Mouse,West,New,5,Net Banking,3.27,Accessories,800,3869.2,2793.59,1075.61
10454,2025-04-24 06:00:00,Mouse,South,Returning,4,Net Banking,1.27,Accessories,800,3159.36,2273.37,885.99
10455,2025-04-24 12:00:00,Keyboard,East,Returning,3,Cash,17.09,Accessories,1500,3730.95,3076.86,654.09
10456,2025-04-24 18:00:00,Tablet,East,New,5,UPI,11.28,Electronics,20000,88720.0,53274.97,35445.03
10457,2025-04-25 00:00:00,Mouse,North,VIP,2,UPI,12.98,Accessories,800,1392.32,1092.52,299.8
10458,2025-04-25 06:00:00,Smart Watch,North,New,1,Cash,6.14,Wearables,5000,4693.0,3541.62,1151.38
10459,2025-04-25 12:00:00,Tablet,Central,Returning,1,Debit Card,7.44,Electronics,20000,18512.0,15372.23,3139.77
10460,2025-04-25 18:00:00,Tablet,South,VIP,3,Debit Card,1.65,Electronics,20000,59010.0,42146.67,16863.33
10461,2025-04-26 00:00:00,Mobile Phone,North,Returning,4,Credit Card,17.14,Electronics,30000,99432.0,76007.62,23424.38
10462,2025-04-26 06:00:00,Keyboard,North,Returning,2,UPI,11.85,Accessories,1500,2644.5,2229.81,414.69
10463,2025-04-26 12:00:00,Mouse,South,VIP,5,UPI,1.67,Accessories,800,3933.2,3091.4,841.8
10464,2025-04-26 18:00:00,Laptop,Central,Returning,4,Cash,16.09,Electronics,60000,201384.0,124222.91,77161.09
10465,2025-04-27 00:00:00,Headphones,North,Returning,3,Cash,8.88,Accessories,2500,6834.0,4386.63,2447.37
10466,2025-04-27 06:00:00,Monitor,Central,Returning,4,Debit Card,15.3,Electronics,12000,40656.0,32742.83,7913.17
10467,2025-04-27 12:00:00,Smart Watch,West,Returning,3,UPI,0.25,Wearables,5000,14962.5,10229.84,4732.66
10468,2025-04-27 18:00:00,Laptop,Central,Returning,1,UPI,0.57,Electronics,60000,59658.0,46323.22,13334.78
10469,2025-04-28 00:00:00,Keyboard,East,Returning,1,Net Banking,3.42,Accessories,1500,1448.7,1122.68,326.02
10470,2025-04-28 06:00:00,Headphones,East,Returning,4,Credit Card,4.22,Accessories,2500,9578.0,8126.22,1451.78
10471,2025-04-28 12:00:00,Keyboard,Central,Returning,2,Credit Card,15.28,Accessories,1500,2541.6,1823.52,718.08
10472,2025-04-28 18:00:00,Smart Watch,East,Returning,5,Debit Card,14.13,Wearables,5000,21467.5,16840.35,4627.15
10473,2025-04-29 00:00:00,Tablet,West,New,3,UPI,12.32,Electronics,20000,52608.0,32206.0,20402.0
10474,2025-04-29 06:00:00,Headphones,South,New,5,Net Banking,17.7,Accessories,2500,10287.5,7362.23,2925.27
10475,2025-04-29 12:00:00,Tablet,East,Returning,1,UPI,4.94,Electronics,20000,19012.0,12294.5,6717.5
10476,2025-04-29 18:00:00,Smart Watch,East,New,2,Cash,18.09,Wearables,5000,8191.0,6635.88,1555.12
10477,2025-04-30 00:00:00,Laptop,Central,VIP,2,Debit Card,18.19,Electronics,60000,98172.0,79517.07,18654.93
10478,2025-04-30 06:00:00,Smart Watch,West,New,5,Credit Card,8.69,Wearables,5000,22827.5,15045.4,7782.1
10479,2025-04-30 12:00:00,Laptop,South,Returning,1,UPI,1.89,Electronics,60000,58866.0,40003.64,18862.36
10480,2025-04-30 18:00:00,Headphones,Central,Returning,5,Debit Card,14.53,Accessories,2500,10683.75,8286.52,2397.23
10481,2025-05-01 00:00:00,Headphones,Central,New,4,Credit Card,6.74,Accessories,2500,9326.0,7316.87,2009.13
10482,2025-05-01 06:00:00,Mouse,West,Returning,2,UPI,15.9,Accessories,800,1345.6,1028.59,317.01
10483,2025-05-01 12:00:00,Keyboard,South,VIP,2,Net Banking,3.27,Accessories,1500,2901.9,2464.22,437.68
10484,2025-05-01 18:00:00,Mouse,West,VIP,4,Debit Card,10.79,Accessories,800,2854.72,2332.79,521.93
10485,2025-05-02 00:00:00,Keyboard,South,Returning,1,UPI,10.16,Accessories,1500,1347.6,949.07,398.53
10486,2025-05-02 06:00:00,Mouse,West,VIP,2,Credit Card,2.01,Accessories,800,1567.84,1068.87,498.97
10487,2025-05-02 12:00:00,Tablet,Central,VIP,3,Credit Card,7.27,Electronics,20000,55638.0,41684.68,13953.32
10488,2025-05-02 18:00:00,Headphones,Central,New,3,Net Banking,1.7,Accessories,2500,7372.5,5930.51,1441.99
10489,2025-05-03 00:00:00,Laptop,North,VIP,1,Debit Card,9.29,Electronics,60000,54426.0,39123.36,15302.64
10490,2025-05-03 06:00:00,Keyboard,East,New,4,Debit Card,16.86,Accessories,1500,4988.4,3913.02,1075.38
10491,2025-05-03 12:00:00,Smart Watch,West,Returning,5,UPI,5.4,Wearables,5000,23650.0,14303.28,9346.72
10492,2025-05-03 18:00:00,Keyboard,North,New,1,Credit Card,15.3,Accessories,1500,1270.5,1056.37,214.13
10493,2025-05-04 00:00:00,Laptop,East,Returning,5,Credit Card,3.67,Electronics,60000,288990.0,229301.62,59688.38
10494,2025-05-04 06:00:00,Mouse,West,Returning,1,Net Banking,13.47,Accessories,800,692.24,483.56,208.68
10495,2025-05-04 12:00:00,Keyboard,South,Returning,3,Net Banking,18.31,Accessories,1500,3676.05,2558.54,1117.51
10496,2025-05-04 18:00:00,Monitor,East,Returning,4,Debit Card,6.48,Electronics,12000,44889.6,28088.4,16801.2
10497,2025-05-05 00:00:00,Tablet,Central,Returning,3,Credit Card,18.01,Electronics,20000,49194.0,39553.87,9640.13
10498,2025-05-05 06:00:00,Headphones,North,New,4,UPI,10.11,Accessories,2500,8989.0,7120.7,1868.3
10499,2025-05-05 12:00:00,Laptop,East,Returning,5,Cash,6.34,Electronics,60000,280980.0,212859.89,68120.11
10500,2025-05-05 18:00:00,Headphones,East,VIP,1,UPI,17.93,Accessories,2500,2051.75,1283.09,768.66
10501,2025-05-06 00:00:00,Monitor,Central,VIP,2,Net Banking,0.64,Electronics,12000,23846.4,15871.81,7974.59
10502,2025-05-06 06:00:00,Keyboard,West,Returning,2,UPI,0.56,Accessories,1500,2983.2,2132.18,851.02
10503,2025-05-06 12:00:00,Keyboard,South,VIP,4,Credit Card,12.0,Accessories,1500,5280.0,3519.08,1760.92
10504,2025-05-06 18:00:00,Smart Watch,Central,New,4,Debit Card,15.94,Wearables,5000,16812.0,11911.19,4900.81
10505,2025-05-07 00:00:00,Monitor,South,New,3,Cash,15.03,Electronics,12000,30589.2,20081.49,10507.71
10506,2025-05-07 06:00:00,Laptop,West,Returning,2,Debit Card,1.59,Electronics,60000,118092.0,81176.46,36915.54
10507,2025-05-07 12:00:00,Smart Watch,East,Returning,3,Cash,19.01,Wearables,5000,12148.5,9270.21,2878.29
10508,2025-05-07 18:00:00,Tablet,South,Returning,5,Cash,14.06,Electronics,20000,85940.0,70736.38,15203.62
10509,2025-05-08 00:00:00,Smart Watch,North,VIP,2,Credit Card,18.98,Wearables,5000,8102.0,5641.08,2460.92
10510,2025-05-08 06:00:00,Mobile Phone,North,VIP,5,Credit Card,6.58,Electronics,30000,140130.0,108317.28,31812.72
10511,2025-05-08 12:00:00,Laptop,Central,New,1,Net Banking,13.88,Electronics,60000,51672.0,32744.46,18927.54
10512,2025-05-08 18:00:00,Mobile Phone,West,VIP,3,Net Banking,17.2,Electronics,30000,74520.0,54787.44,19732.56
10513,2025-05-09 00:00:00,Monitor,Central,New,4,Cash,7.61,Electronics,12000,44347.2,36827.07,7520.13
10514,2025-05-09 06:00:00,Mouse,Central,VIP,2,Net Banking,19.3,Accessories,800,1291.2,783.74,507.46
10515,2025-05-09 12:00:00,Mobile Phone,Central,New,3,Credit Card,5.3,Electronics,30000,85230.0,56838.98,28391.02
10516,2025-05-09 18:00:00,Tablet,North,Returning,4,Net Banking,6.31,Electronics,20000,74952.0,47453.86,27498.14
10517,2025-05-10 00:00:00,Smart Watch,North,VIP,1,Cash,18.41,Wearables,5000,4079.5,2991.42,1088.08
10518,2025-05-10 06:00:00,Mouse,Central,New,2,Debit Card,19.39,Accessories,800,1289.76,993.0,296.76
10519,2025-05-10 12:00:00,Smart Watch,North,VIP,5,UPI,5.7,Wearables,5000,23575.0,14485.54,9089.46
10520,2025-05-10 18:00:00,Mobile Phone,West,Returning,1,Net Banking,2.73,Electronics,30000,29181.0,18021.34,11159.66
10521,2025-05-11 00:00:00,Smart Watch,Central,New,4,Credit Card,15.18,Wearables,5000,16964.0,13866.5,3097.5
10522,2025-05-11 06:00:00,Monitor,North,VIP,2,Debit Card,18.59,Electronics,12000,19538.4,13951.56,5586.84
10523,2025-05-11 12:00:00,Mouse,South,VIP,2,Credit Card,12.01,Accessories,800,1407.84,1007.64,400.2
10524,2025-05-11 18:00:00,Monitor,Central,Returning,1,Net Banking,12.69,Electronics,12000,10477.2,8760.46,1716.74
10525,2025-05-12 00:00:00,Mobile Phone,Central,Returning,2,Cash,15.26,Electronics,30000,50844.0,34576.58,16267.42
10526,2025-05-12 06:00:00,Monitor,West,New,4,UPI,3.06,Electronics,12000,46531.2,38353.62,8177.58
10527,2025-05-12 12:00:00,Tablet,East,VIP,1,UPI,19.47,Electronics,20000,16106.0,13586.44,2519.56
10528,2025-05-12 18:00:00,Mobile Phone,East,VIP,5,Debit Card,7.29,Electronics,30000,139065.0,91841.8,47223.2
10529,2025-05-13 00:00:00,Mobile Phone,West,Returning,1,UPI,12.56,Electronics,30000,26232.0,19110.27,7121.73
10530,2025-05-13 06:00:00,Mobile Phone,West,Returning,1,Cash,9.37,Electronics,30000,27189.0,19945.55,7243.45
10531,2025-05-13 12:00:00,Laptop,West,New,5,Credit Card,9.36,Electronics,60000,271920.0,222034.11,49885.89
10532,2025-05-13 18:00:00,Smart Watch,East,VIP,4,Cash,14.05,Wearables,5000,17190.0,11620.05,5569.95
10533,2025-05-14 00:00:00,Laptop,West,VIP,3,Debit Card,19.89,Electronics,60000,144198.0,115287.83,28910.17
10534,2025-05-14 06:00:00,Laptop,North,New,3,Debit Card,13.18,Electronics,60000,156276.0,131701.89,24574.11
10535,2025-05-14 12:00:00,Tablet,Central,New,5,UPI,15.88,Electronics,20000,84120.0,68144.28,15975.72
10536,2025-05-14 18:00:00,Mouse,Central,Returning,4,Cash,0.55,Accessories,800,3182.4,2632.75,549.65
10537,2025-05-15 00:00:00,Smart Watch,South,Returning,2,Credit Card,16.21,Wearables,5000,8379.0,6511.23,1867.77
10538,2025-05-15 06:00:00,Monitor,South,New,5,Cash,6.0,Electronics,12000,56400.0,46585.78,9814.22
10539,2025-05-15 12:00:00,Keyboard,Central,New,3,Credit Card,2.53,Accessories,1500,4386.15,2812.45,1573.7
10540,2025-05-15 18:00:00,Mobile Phone,North,VIP,4,Credit Card,2.27,Electronics,30000,117276.0,91251.32,26024.68
10541,2025-05-16 00:00:00,Monitor,East,New,1,Cash,13.6,Electronics,12000,10368.0,8117.83,2250.17
10542,2025-05-16 06:00:00,Mobile Phone,East,New,4,Net Banking,19.95,Electronics,30000,96060.0,68182.93,27877.07
10543,2025-05-16 12:00:00,Tablet,North,VIP,4,Cash,13.32,Electronics,20000,69344.0,42988.75,26355.25
10544,2025-05-16 18:00:00,Mobile Phone,East,New,3,Credit Card,5.25,Electronics,30000,85275.0,64434.72,20840.28
10545,2025-05-17 00:00:00,Laptop,West,Returning,3,Debit Card,4.07,Electronics,60000,172674.0,105844.02,66829.98
10546,2025-05-17 06:00:00,Smart Watch,Central,Returning,2,Debit Card,10.52,Wearables,5000,8948.0,6224.23,2723.77
10547,2025-05-17 12:00:00,Keyboard,Central,VIP,2,UPI,1.3,Accessories,1500,2961.0,2068.01,892.99
10548,2025-05-17 18:00:00,Headphones,North,New,5,Debit Card,7.99,Accessories,2500,11501.25,9772.96,1728.29
10549,2025-05-18 00:00:00,Mobile Phone,East,Returning,1,Net Banking,13.32,Electronics,30000,26004.0,17551.41,8452.59
10550,2025-05-18 06:00:00,Monitor,South,Returning,2,Credit Card,19.35,Electronics,12000,19356.0,15583.78,3772.22
10551,2025-05-18 12:00:00,Laptop,South,Returning,3,Cash,8.51,Electronics,60000,164682.0,100998.3,63683.7
10552,2025-05-18 18:00:00,Headphones,East,Returning,4,Cash,4.0,Accessories,2500,9600.0,7031.44,2568.56
10553,2025-05-19 00:00:00,Keyboard,South,New,5,Net Banking,16.35,Accessories,1500,6273.75,4606.02,1667.73
10554,2025-05-19 06:00:00,Headphones,North,New,2,Debit Card,14.88,Accessories,2500,4256.0,3222.59,1033.41
10555,2025-05-19 12:00:00,Laptop,North,New,4,Credit Card,17.19,Electronics,60000,198744.0,159492.32,39251.68
10556,2025-05-19 18:00:00,Smart Watch,East,New,4,Debit Card,4.29,Wearables,5000,19142.0,15131.38,4010.62
10557,2025-05-20 00:00:00,Smart Watch,South,Returning,2,UPI,8.1,Wearables,5000,9190.0,7262.42,1927.58
10558,2025-05-20 06:00:00,Mouse,North,VIP,1,Debit Card,19.63,Accessories,800,642.96,455.26,187.7
10559,2025-05-20 12:00:00,Smart Watch,North,VIP,1,UPI,3.16,Wearables,5000,4842.0,3785.8,1056.2
10560,2025-05-20 18:00:00,Mouse,West,Returning,5,Cash,13.43,Accessories,800,3462.8,2503.01,959.79
10561,2025-05-21 00:00:00,Headphones,West,Returning,1,Credit Card,4.74,Accessories,2500,2381.5,1468.76,912.74
10562,2025-05-21 06:00:00,Tablet,North,VIP,5,UPI,10.0,Electronics,20000,90000.0,74029.09,15970.91
10563,2025-05-21 12:00:00,Monitor,East,VIP,3,Debit Card,16.01,Electronics,12000,30236.4,24870.67,5365.73
10564,2025-05-21 18:00:00,Monitor,Central,Returning,2,Debit Card,9.77,Electronics,12000,21655.2,14741.12,6914.08
10565,2025-05-22 00:00:00,Headphones,Central,Returning,4,Cash,16.11,Accessories,2500,8389.0,6950.08,1438.92
10566,2025-05-22 06:00:00,Mobile Phone,North,New,5,Net Banking,8.53,Electronics,30000,137205.0,108322.8,28882.2
10567,2025-05-22 12:00:00,Mobile Phone,North,New,1,Net Banking,19.99,Electronics,30000,24003.0,16806.91,7196.09
10568,2025-05-22 18:00:00,Smart Watch,North,VIP,5,Debit Card,8.72,Wearables,5000,22820.0,15583.24,7236.76
10569,2025-05-23 00:00:00,Monitor,East,Returning,5,Net Banking,2.99,Electronics,12000,58206.0,49113.39,9092.61
10570,2025-05-23 06:00:00,Monitor,West,VIP,1,Credit Card,8.04,Electronics,12000,11035.2,8587.12,2448.08
10571,2025-05-23 12:00:00,Mouse,North,New,1,Net Banking,14.85,Accessories,800,681.2,473.23,207.97
10572,2025-05-23 18:00:00,Tablet,North,New,2,Credit Card,16.96,Electronics,20000,33216.0,25260.63,7955.37
10573,2025-05-24 00:00:00,Laptop,South,VIP,4,Debit Card,9.2,Electronics,60000,217920.0,161888.75,56031.25
10574,2025-05-24 06:00:00,Mobile Phone,East,New,2,Debit Card,11.89,Electronics,30000,52866.0,38652.18,14213.82
10575,2025-05-24 12:00:00,Monitor,North,Returning,2,Debit Card,16.9,Electronics,12000,19944.0,15180.88,4763.12
10576,2025-05-24 18:00:00,Mouse,South,VIP,1,Cash,16.27,Accessories,800,669.84,491.93,177.91
10577,2025-05-25 00:00:00,Keyboard,Central,Returning,1,Net Banking,13.15,Accessories,1500,1302.75,994.91,307.84
10578,2025-05-25 06:00:00,Mouse,North,Returning,4,UPI,16.3,Accessories,800,2678.4,2214.75,463.65
10579,2025-05-25 12:00:00,Mobile Phone,North,New,5,UPI,11.52,Electronics,30000,132720.0,112588.53,20131.47
10580,2025-05-25 18:00:00,Mobile Phone,South,Returning,2,Debit Card,0.09,Electronics,30000,59946.0,46597.33,13348.67
10581,2025-05-26 00:00:00,Mouse,East,VIP,4,Net Banking,0.83,Accessories,800,3173.44,2640.16,533.28
10582,2025-05-26 06:00:00,Laptop,North,Returning,2,Credit Card,19.6,Electronics,60000,96480.0,78592.86,17887.14
10583,2025-05-26 12:00:00,Headphones,Central,Returning,5,UPI,2.9,Accessories,2500,12137.5,8177.75,3959.75
10584,2025-05-26 18:00:00,Mobile Phone,North,Returning,2,Debit Card,8.09,Electronics,30000,55146.0,45949.14,9196.86
10585,2025-05-27 00:00:00,Mouse,Central,Returning,3,UPI,18.68,Accessories,800,1951.68,1205.56,746.12
10586,2025-05-27 06:00:00,Monitor,West,Returning,4,UPI,3.9,Electronics,12000,46128.0,31481.46,14646.54
10587,2025-05-27 12:00:00,Mouse,West,New,1,UPI,16.88,Accessories,800,664.96,505.36,159.6
10588,2025-05-27 18:00:00,Tablet,Central,VIP,2,Debit Card,16.37,Electronics,20000,33452.0,24477.79,8974.21
10589,2025-05-28 00:00:00,Headphones,East,New,4,Debit Card,19.73,Accessories,2500,8027.0,5904.69,2122.31
10590,2025-05-28 06:00:00,Keyboard,North,VIP,4,Cash,5.63,Accessories,1500,5662.2,4522.52,1139.68
10591,2025-05-28 12:00:00,Laptop,North,VIP,2,Cash,6.31,Electronics,60000,112428.0,72929.34,39498.66
10592,2025-05-28 18:00:00,Smart Watch,West,VIP,1,Cash,18.06,Wearables,5000,4097.0,3464.09,632.91
10593,2025-05-29 00:00:00,Keyboard,Central,VIP,1,UPI,4.68,Accessories,1500,1429.8,1014.25,415.55
10594,2025-05-29 06:00:00,Headphones,North,VIP,2,Net Banking,10.96,Accessories,2500,4452.0,3728.38,723.62
10595,2025-05-29 12:00:00,Headphones,North,Returning,4,Debit Card,14.15,Accessories,2500,8585.0,5973.26,2611.74
10596,2025-05-29 18:00:00,Headphones,East,New,1,Cash,5.44,Accessories,2500,2364.0,1774.06,589.94
10597,2025-05-30 00:00:00,Keyboard,South,New,2,Net Banking,18.77,Accessories,1500,2436.9,1736.48,700.42
10598,2025-05-30 06:00:00,Monitor,West,Returning,2,Cash,13.31,Electronics,12000,20805.6,15999.17,4806.43
10599,2025-05-30 12:00:00,Headphones,West,VIP,2,Cash,0.94,Accessories,2500,4953.0,3199.17,1753.83
10600,2025-05-30 18:00:00,Mouse,South,New,4,Net Banking,2.71,Accessories,800,3113.28,2179.79,933.49
10601,2025-05-31 00:00:00,Keyboard,North,Returning,1,Cash,3.82,Accessories,1500,1442.7,890.28,552.42
10602,2025-05-31 06:00:00,Smart Watch,East,Returning,4,UPI,4.9,Wearables,5000,19020.0,14255.97,4764.03
10603,2025-05-31 12:00:00,Headphones,East,New,3,UPI,14.61,Accessories,2500,6404.25,5383.86,1020.39
10604,2025-05-31 18:00:00,Mouse,West,New,1,UPI,1.78,Accessories,800,785.76,480.47,305.29
10605,2025-06-01 00:00:00,Monitor,East,VIP,4,Credit Card,7.01,Electronics,12000,44635.2,34141.8,10493.4
10606,2025-06-01 06:00:00,Tablet,South,VIP,1,Cash,18.23,Electronics,20000,16354.0,12981.39,3372.61
10607,2025-06-01 12:00:00,Monitor,North,New,3,Credit Card,11.13,Electronics,12000,31993.2,20900.43,11092.77
10608,2025-06-01 18:00:00,Smart Watch,South,VIP,5,Debit Card,5.31,Wearables,5000,23672.5,15819.59,7852.91
10609,2025-06-02 00:00:00,Headphones,Central,Returning,2,Net Banking,19.14,Accessories,2500,4043.0,2629.55,1413.45
10610,2025-06-02 06:00:00,Smart Watch,West,VIP,4,Debit Card,4.89,Wearables,5000,19022.0,12827.55,6194.45
10611,2025-06-02 12:00:00,Keyboard,East,VIP,3,Credit Card,18.1,Accessories,1500,3685.5,2312.73,1372.77
10612,2025-06-02 18:00:00,Mobile Phone,Central,Returning,3,UPI,14.52,Electronics,30000,76932.0,53282.1,23649.9
10613,2025-06-03 00:00:00,Headphones,East,VIP,1,Cash,14.81,Accessories,2500,2129.75,1474.28,655.47
10614,2025-06-03 06:00:00,Mobile Phone,North,Returning,1,Cash,15.3,Electronics,30000,25410.0,20374.17,5035.83
10615,2025-06-03 12:00:00,Mouse,North,VIP,2,UPI,10.13,Accessories,800,1437.92,1150.68,287.24
10616,2025-06-03 18:00:00,Tablet,North,New,1,Cash,16.29,Electronics,20000,16742.0,13379.89,3362.11
10617,2025-06-04 00:00:00,Laptop,East,VIP,4,Net Banking,16.72,Electronics,60000,199872.0,148256.85,51615.15
10618,2025-06-04 06:00:00,Smart Watch,Central,New,4,Net Banking,7.21,Wearables,5000,18558.0,12646.72,5911.28
10619,2025-06-04 12:00:00,Monitor,North,New,4,Net Banking,8.01,Electronics,12000,44155.2,31029.68,13125.52
10620,2025-06-04 18:00:00,Tablet,Central,New,5,Debit Card,17.78,Electronics,20000,82220.0,55863.22,26356.78
10621,2025-06-05 00:00:00,Headphones,East,New,4,UPI,10.49,Accessories,2500,8951.0,6672.81,2278.19
10622,2025-06-05 06:00:00,Mobile Phone,Central,New,1,Net Banking,17.34,Electronics,30000,24798.0,20693.8,4104.2
10623,2025-06-05 12:00:00,Monitor,East,Returning,1,Credit Card,12.54,Electronics,12000,10495.2,7043.58,3451.62
10624,2025-06-05 18:00:00,Mobile Phone,East,Returning,4,Net Banking,11.87,Electronics,30000,105756.0,75585.18,30170.82
10625,2025-06-06 00:00:00,Keyboard,West,Returning,3,Debit Card,0.62,Accessories,1500,4472.1,3415.7,1056.4
10626,2025-06-06 06:00:00,Mobile Phone,East,New,3,Credit Card,5.56,Electronics,30000,84996.0,68946.52,16049.48
10627,2025-06-06 12:00:00,Keyboard,East,VIP,3,UPI,10.04,Accessories,1500,4048.2,2685.31,1362.89
10628,2025-06-06 18:00:00,Mouse,South,Returning,2,UPI,11.75,Accessories,800,1412.0,946.14,465.86
10629,2025-06-07 00:00:00,Monitor,North,VIP,5,Net Banking,12.61,Electronics,12000,52434.0,43063.59,9370.41
10630,2025-06-07 06:00:00,Monitor,West,VIP,4,Credit Card,14.32,Electronics,12000,41126.4,25501.02,15625.38
10631,2025-06-07 12:00:00,Laptop,West,New,2,Credit Card,13.12,Electronics,60000,104256.0,78333.99,25922.01
10632,2025-06-07 18:00:00,Headphones,West,New,3,Net Banking,16.97,Accessories,2500,6227.25,5075.92,1151.33
10633,2025-06-08 00:00:00,Keyboard,South,New,4,Net Banking,5.91,Accessories,1500,5645.4,4688.14,957.26
10634,2025-06-08 06:00:00,Laptop,East,Returning,2,Cash,12.83,Electronics,60000,104604.0,63094.18,41509.82
10635,2025-06-08 12:00:00,Mobile Phone,North,New,1,Cash,1.02,Electronics,30000,29694.0,20560.62,9133.38
10636,2025-06-08 18:00:00,Mobile Phone,Central,Returning,3,Net Banking,9.6,Electronics,30000,81360.0,54048.77,27311.23
10637,2025-06-09 00:00:00,Laptop,East,Returning,2,Debit Card,5.36,Electronics,60000,113568.0,84268.38,29299.62
10638,2025-06-09 06:00:00,Monitor,South,Returning,1,Cash,7.62,Electronics,12000,11085.6,8405.27,2680.33
10639,2025-06-09 12:00:00,Mobile Phone,East,Returning,3,Net Banking,7.09,Electronics,30000,83619.0,71071.44,12547.56
10640,2025-06-09 18:00:00,Smart Watch,East,New,5,Credit Card,1.21,Wearables,5000,24697.5,17984.49,6713.01
10641,2025-06-10 00:00:00,Mouse,South,Returning,3,Cash,9.33,Accessories,800,2176.08,1605.66,570.42
10642,2025-06-10 06:00:00,Mouse,West,New,5,Debit Card,19.89,Accessories,800,3204.4,2254.55,949.85
10643,2025-06-10 12:00:00,Smart Watch,West,New,5,UPI,5.98,Wearables,5000,23505.0,14970.79,8534.21
10644,2025-06-10 18:00:00,Laptop,North,Returning,5,Credit Card,14.72,Electronics,60000,255840.0,172904.64,82935.36
10645,2025-06-11 00:00:00,Smart Watch,North,New,4,Debit Card,10.96,Wearables,5000,17808.0,11784.38,6023.62
10646,2025-06-11 06:00:00,Keyboard,West,VIP,4,Debit Card,6.5,Accessories,1500,5610.0,4489.71,1120.29
10647,2025-06-11 12:00:00,Keyboard,Central,New,5,Debit Card,1.79,Accessories,1500,7365.75,5424.54,1941.21
10648,2025-06-11 18:00:00,Laptop,East,New,1,Credit Card,4.32,Electronics,60000,57408.0,38695.77,18712.23
10649,2025-06-12 00:00:00,Smart Watch,Central,Returning,5,Debit Card,15.64,Wearables,5000,21090.0,15232.74,5857.26
10650,2025-06-12 06:00:00,Keyboard,East,Returning,2,UPI,5.58,Accessories,1500,2832.6,1854.55,978.05
10651,2025-06-12 12:00:00,Monitor,West,New,5,Cash,2.89,Electronics,12000,58266.0,37656.25,20609.75
10652,2025-06-12 18:00:00,Smart Watch,North,Returning,4,Credit Card,6.63,Wearables,5000,18674.0,15219.04,3454.96
10653,2025-06-13 00:00:00,Monitor,North,VIP,4,Debit Card,11.68,Electronics,12000,42393.6,35449.64,6943.96
10654,2025-06-13 06:00:00,Keyboard,Central,VIP,2,Net Banking,14.07,Accessories,1500,2577.9,1598.31,979.59
10655,2025-06-13 12:00:00,Mouse,North,Returning,2,Cash,7.75,Accessories,800,1476.0,1167.84,308.16
10656,2025-06-13 18:00:00,Keyboard,West,New,3,Credit Card,9.96,Accessories,1500,4051.8,2890.26,1161.54
10657,2025-06-14 00:00:00,Monitor,Central,VIP,1,Net Banking,9.1,Electronics,12000,10908.0,7605.53,3302.47
10658,2025-06-14 06:00:00,Tablet,East,VIP,1,Net Banking,0.18,Electronics,20000,19964.0,15419.25,4544.75
10659,2025-06-14 12:00:00,Headphones,North,New,1,Debit Card,7.91,Accessories,2500,2302.25,1534.6,767.65
10660,2025-06-14 18:00:00,Mobile Phone,South,Returning,4,Credit Card,11.75,Electronics,30000,105900.0,64084.89,41815.11
10661,2025-06-15 00:00:00,Smart Watch,North,VIP,1,Debit Card,11.4,Wearables,5000,4430.0,2895.01,1534.99
10662,2025-06-15 06:00:00,Tablet,East,New,3,UPI,15.0,Electronics,20000,51000.0,32957.79,18042.21
10663,2025-06-15 12:00:00,Keyboard,Central,New,3,Net Banking,13.41,Accessories,1500,3896.55,2371.1,1525.45
10664,2025-06-15 18:00:00,Mouse,East,VIP,1,UPI,5.54,Accessories,800,755.68,514.11,241.57
10665,2025-06-16 00:00:00,Laptop,South,Returning,2,Debit Card,5.11,Electronics,60000,113868.0,81828.92,32039.08
10666,2025-06-16 06:00:00,Keyboard,West,VIP,3,Cash,9.28,Accessories,1500,4082.4,3200.43,881.97
10667,2025-06-16 12:00:00,Mouse,North,New,2,Net Banking,14.66,Accessories,800,1365.44,930.43,435.01
10668,2025-06-16 18:00:00,Headphones,Central,VIP,4,Cash,1.88,Accessories,2500,9812.0,6364.41,3447.59
10669,2025-06-17 00:00:00,Keyboard,West,Returning,3,Credit Card,18.97,Accessories,1500,3646.35,2398.04,1248.31
10670,2025-06-17 06:00:00,Monitor,East,New,2,Net Banking,10.86,Electronics,12000,21393.6,17602.53,3791.07
10671,2025-06-17 12:00:00,Laptop,Central,Returning,1,UPI,6.13,Electronics,60000,56322.0,36675.77,19646.23
10672,2025-06-17 18:00:00,Mouse,West,VIP,4,Cash,13.87,Accessories,800,2756.16,2259.53,496.63
10673,2025-06-18 00:00:00,Mouse,Central,VIP,5,Credit Card,0.89,Accessories,800,3964.4,2821.76,1142.64
10674,2025-06-18 06:00:00,Mouse,South,Returning,5,Net Banking,9.69,Accessories,800,3612.4,3011.3,601.1
10675,2025-06-18 12:00:00,Headphones,South,VIP,1,Credit Card,9.72,Accessories,2500,2257.0,1584.47,672.53
10676,2025-06-18 18:00:00,Keyboard,North,Returning,4,UPI,3.24,Accessories,1500,5805.6,3741.25,2064.35
10677,2025-06-19 00:00:00,Headphones,North,VIP,4,Net Banking,16.75,Accessories,2500,8325.0,6137.67,2187.33
10678,2025-06-19 06:00:00,Smart Watch,South,Returning,4,Credit Card,15.94,Wearables,5000,16812.0,12557.33,4254.67
10679,2025-06-19 12:00:00,Mobile Phone,Central,Returning,4,Debit Card,3.05,Electronics,30000,116340.0,88287.21,28052.79
10680,2025-06-19 18:00:00,Mobile Phone,South,New,5,Net Banking,7.28,Electronics,30000,139080.0,97755.74,41324.26
10681,2025-06-20 00:00:00,Smart Watch,North,New,2,Net Banking,2.01,Wearables,5000,9799.0,5998.46,3800.54
10682,2025-06-20 06:00:00,Keyboard,South,Returning,4,Net Banking,16.97,Accessories,1500,4981.8,3769.63,1212.17
10683,2025-06-20 12:00:00,Monitor,South,VIP,2,Net Banking,6.47,Electronics,12000,22447.2,18704.3,3742.9
10684,2025-06-20 18:00:00,Headphones,Central,VIP,4,Debit Card,8.79,Accessories,2500,9121.0,7656.07,1464.93
10685,2025-06-21 00:00:00,Laptop,West,VIP,3,UPI,6.48,Electronics,60000,168336.0,126120.92,42215.08
10686,2025-06-21 06:00:00,Mouse,North,Returning,3,Debit Card,6.2,Accessories,800,2251.2,1361.91,889.29
10687,2025-06-21 12:00:00,Mouse,Central,Returning,3,Debit Card,14.95,Accessories,800,2041.2,1278.83,762.37
10688,2025-06-21 18:00:00,Keyboard,South,Returning,4,Credit Card,14.95,Accessories,1500,5103.0,4125.76,977.24
10689,2025-06-22 00:00:00,Monitor,South,Returning,2,Cash,10.36,Electronics,12000,21513.6,17370.86,4142.74
10690,2025-06-22 06:00:00,Mobile Phone,West,New,5,Cash,13.15,Electronics,30000,130275.0,108975.55,21299.45
10691,2025-06-22 12:00:00,Mobile Phone,North,Returning,1,Credit Card,10.23,Electronics,30000,26931.0,19954.35,6976.65
10692,2025-06-22 18:00:00,Mouse,North,VIP,5,Debit Card,0.57,Accessories,800,3977.2,3245.21,731.99
10693,2025-06-23 00:00:00,Keyboard,East,New,4,Credit Card,1.32,Accessories,1500,5920.8,4773.48,1147.32
10694,2025-06-23 06:00:00,Headphones,North,VIP,3,Net Banking,7.67,Accessories,2500,6924.75,5175.25,1749.5
10695,2025-06-23 12:00:00,Mobile Phone,West,Returning,3,Credit Card,14.99,Electronics,30000,76509.0,60894.23,15614.77
10696,2025-06-23 18:00:00,Headphones,East,New,2,Credit Card,18.26,Accessories,2500,4087.0,2580.64,1506.36
10697,2025-06-24 00:00:00,Monitor,East,Returning,4,Net Banking,0.59,Electronics,12000,47716.8,36255.26,11461.54
10698,2025-06-24 06:00:00,Mobile Phone,South,New,5,Cash,7.36,Electronics,30000,138960.0,116498.89,22461.11
10699,2025-06-24 12:00:00,Mobile Phone,South,VIP,4,Net Banking,4.48,Electronics,30000,114624.0,73415.45,41208.55
10700,2025-06-24 18:00:00,Tablet,North,Returning,4,UPI,16.3,Electronics,20000,66960.0,52631.27,14328.73
10701,2025-06-25 00:00:00,Mobile Phone,East,Returning,3,Credit Card,16.92,Electronics,30000,74772.0,50859.65,23912.35
10702,2025-06-25 06:00:00,Smart Watch,South,New,5,Credit Card,4.13,Wearables,5000,23967.5,19276.48,4691.02
10703,2025-06-25 12:00:00,Laptop,West,New,1,Cash,14.22,Electronics,60000,51468.0,39851.81,11616.19
10704,2025-06-25 18:00:00,Smart Watch,South,Returning,3,Debit Card,14.64,Wearables,5000,12804.0,10647.08,2156.92
10705,2025-06-26 00:00:00,Keyboard,South,New,5,Net Banking,3.54,Accessories,1500,7234.5,5628.32,1606.18
10706,2025-06-26 06:00:00,Keyboard,East,Returning,2,Debit Card,8.67,Accessories,1500,2739.9,1924.99,814.91
10707,2025-06-26 12:00:00,Headphones,East,New,3,UPI,12.41,Accessories,2500,6569.25,3959.44,2609.81
10708,2025-06-26 18:00:00,Smart Watch,Central,VIP,2,Net Banking,0.52,Wearables,5000,9948.0,7940.78,2007.22
10709,2025-06-27 00:00:00,Smart Watch,West,New,3,UPI,8.09,Wearables,5000,13786.5,9679.73,4106.77
10710,2025-06-27 06:00:00,Smart Watch,East,VIP,4,UPI,3.1,Wearables,5000,19380.0,14877.22,4502.78
10711,2025-06-27 12:00:00,Monitor,North,New,5,UPI,10.84,Electronics,12000,53496.0,33502.76,19993.24
10712,2025-06-27 18:00:00,Mobile Phone,West,New,2,Net Banking,16.86,Electronics,30000,49884.0,41041.67,8842.33
10713,2025-06-28 00:00:00,Laptop,West,Returning,3,Net Banking,10.5,Electronics,60000,161100.0,114206.12,46893.88
10714,2025-06-28 06:00:00,Headphones,East,New,2,Cash,0.72,Accessories,2500,4964.0,4119.74,844.26
10715,2025-06-28 12:00:00,Smart Watch,West,New,3,Credit Card,0.59,Wearables,5000,14911.5,11582.57,3328.93
10716,2025-06-28 18:00:00,Smart Watch,East,VIP,3,Debit Card,12.11,Wearables,5000,13183.5,8310.42,4873.08
10717,2025-06-29 00:00:00,Tablet,South,New,1,Debit Card,6.56,Electronics,20000,18688.0,13918.81,4769.19
10718,2025-06-29 06:00:00,Headphones,Central,Returning,1,UPI,11.45,Accessories,2500,2213.75,1831.84,381.91
10719,2025-06-29 12:00:00,Smart Watch,South,VIP,1,Net Banking,3.27,Wearables,5000,4836.5,3869.16,967.34
10720,2025-06-29 18:00:00,Headphones,East,Returning,2,Net Banking,15.54,Accessories,2500,4223.0,2975.08,1247.92
10721,2025-06-30 00:00:00,Mobile Phone,East,Returning,4,UPI,17.21,Electronics,30000,99348.0,83329.73,16018.27
10722,2025-06-30 06:00:00,Tablet,South,Returning,3,Credit Card,17.78,Electronics,20000,49332.0,32911.55,16420.45
10723,2025-06-30 12:00:00,Headphones,North,Returning,5,Debit Card,6.08,Accessories,2500,11740.0,8144.94,3595.06
10724,2025-06-30 18:00:00,Laptop,North,VIP,1,Cash,13.21,Electronics,60000,52074.0,41004.55,11069.45
10725,2025-07-01 00:00:00,Laptop,North,New,2,Credit Card,5.58,Electronics,60000,113304.0,74579.65,38724.35
10726,2025-07-01 06:00:00,Keyboard,East,Returning,2,Net Banking,15.26,Accessories,1500,2542.2,1852.87,689.33
10727,2025-07-01 12:00:00,Tablet,West,VIP,2,UPI,2.41,Electronics,20000,39036.0,30533.85,8502.15
10728,2025-07-01 18:00:00,Tablet,East,Returning,5,Debit Card,15.26,Electronics,20000,84740.0,64486.46,20253.54
10729,2025-07-02 00:00:00,Keyboard,West,New,5,UPI,8.79,Accessories,1500,6840.75,4370.16,2470.59
10730,2025-07-02 06:00:00,Headphones,South,VIP,1,Net Banking,17.11,Accessories,2500,2072.25,1569.55,502.7
10731,2025-07-02 12:00:00,Tablet,Central,VIP,5,UPI,14.78,Electronics,20000,85220.0,63333.6,21886.4
10732,2025-07-02 18:00:00,Laptop,West,New,1,Debit Card,7.53,Electronics,60000,55482.0,41026.79,14455.21
10733,2025-07-03 00:00:00,Laptop,North,VIP,5,UPI,18.07,Electronics,60000,245790.0,198232.53,47557.47
10734,2025-07-03 06:00:00,Smart Watch,East,New,5,Debit Card,5.67,Wearables,5000,23582.5,15233.68,8348.82
10735,2025-07-03 12:00:00,Mobile Phone,South,VIP,5,UPI,19.34,Electronics,30000,120990.0,95326.99,25663.01
10736,2025-07-03 18:00:00,Tablet,North,VIP,1,UPI,15.34,Electronics,20000,16932.0,13380.2,3551.8
10737,2025-07-04 00:00:00,Headphones,South,New,3,Debit Card,19.81,Accessories,2500,6014.25,4695.09,1319.16
10738,2025-07-04 06:00:00,Keyboard,Central,New,1,UPI,1.08,Accessories,1500,1483.8,1077.97,405.83
10739,2025-07-04 12:00:00,Keyboard,East,VIP,3,Credit Card,5.48,Accessories,1500,4253.4,2972.64,1280.76
10740,2025-07-04 18:00:00,Headphones,East,VIP,2,Cash,14.83,Accessories,2500,4258.5,2975.28,1283.22
10741,2025-07-05 00:00:00,Monitor,Central,New,2,Credit Card,18.44,Electronics,12000,19574.4,15335.61,4238.79
10742,2025-07-05 06:00:00,Mouse,East,New,1,Cash,0.58,Accessories,800,795.36,576.22,219.14
10743,2025-07-05 12:00:00,Mobile Phone,West,VIP,3,Credit Card,0.0,Electronics,30000,90000.0,61614.76,28385.24
10744,2025-07-05 18:00:00,Keyboard,South,VIP,3,Cash,5.12,Accessories,1500,4269.6,3229.39,1040.21
10745,2025-07-06 00:00:00,Tablet,North,VIP,3,UPI,17.06,Electronics,20000,49764.0,40271.66,9492.34
10746,2025-07-06 06:00:00,Mobile Phone,Central,New,2,Debit Card,15.34,Electronics,30000,50796.0,31258.7,19537.3
10747,2025-07-06 12:00:00,Tablet,West,VIP,1,Debit Card,6.81,Electronics,20000,18638.0,15712.47,2925.53
10748,2025-07-06 18:00:00,Monitor,North,Returning,4,Net Banking,0.04,Electronics,12000,47980.8,29947.84,18032.96
10749,2025-07-07 00:00:00,Laptop,North,New,3,Cash,11.09,Electronics,60000,160038.0,116497.19,43540.81
10750,2025-07-07 06:00:00,Mobile Phone,Central,VIP,3,Net Banking,4.76,Electronics,30000,85716.0,63434.33,22281.67
10751,2025-07-07 12:00:00,Smart Watch,West,New,4,Net Banking,14.91,Wearables,5000,17018.0,10798.82,6219.18
10752,2025-07-07 18:00:00,Keyboard,North,Returning,1,Cash,8.93,Accessories,1500,1366.05,1132.32,233.73
10753,2025-07-08 00:00:00,Mobile Phone,North,New,3,Debit Card,13.57,Electronics,30000,77787.0,55840.7,21946.3
10754,2025-07-08 06:00:00,Mobile Phone,West,VIP,1,Cash,17.05,Electronics,30000,24885.0,15821.39,9063.61
10755,2025-07-08 12:00:00,Mobile Phone,East,Returning,3,UPI,10.72,Electronics,30000,80352.0,62506.07,17845.93
10756,2025-07-08 18:00:00,Mouse,North,Returning,5,Net Banking,6.72,Accessories,800,3731.2,2857.54,873.66
10757,2025-07-09 00:00:00,Mobile Phone,South,VIP,3,Net Banking,15.39,Electronics,30000,76149.0,64019.71,12129.29
10758,2025-07-09 06:00:00,Tablet,West,VIP,5,Cash,5.3,Electronics,20000,94700.0,67272.9,27427.1
10759,2025-07-09 12:00:00,Laptop,North,VIP,1,Net Banking,17.83,Electronics,60000,49302.0,32881.92,16420.08
10760,2025-07-09 18:00:00,Monitor,Central,New,3,Debit Card,1.43,Electronics,12000,35485.2,21823.34,13661.86
10761,2025-07-10 00:00:00,Headphones,South,New,2,Net Banking,16.71,Accessories,2500,4164.5,3261.97,902.53
10762,2025-07-10 06:00:00,Mobile Phone,North,New,2,Cash,1.83,Electronics,30000,58902.0,44430.92,14471.08
10763,2025-07-10 12:00:00,Keyboard,South,VIP,4,Debit Card,1.12,Accessories,1500,5932.8,5002.26,930.54
10764,2025-07-10 18:00:00,Mobile Phone,South,VIP,2,Debit Card,7.27,Electronics,30000,55638.0,43288.66,12349.34
10765,2025-07-11 00:00:00,Keyboard,East,New,5,Net Banking,19.13,Accessories,1500,6065.25,5054.11,1011.14
10766,2025-07-11 06:00:00,Tablet,South,Returning,2,Cash,19.67,Electronics,20000,32132.0,27244.55,4887.45
10767,2025-07-11 12:00:00,Keyboard,East,New,2,Net Banking,4.04,Accessories,1500,2878.8,2035.62,843.18
10768,2025-07-11 18:00:00,Smart Watch,West,Returning,2,UPI,2.97,Wearables,5000,9703.0,6186.38,3516.62
10769,2025-07-12 00:00:00,Headphones,East,VIP,3,UPI,7.06,Accessories,2500,6970.5,4523.59,2446.91
10770,2025-07-12 06:00:00,Laptop,Central,VIP,4,Debit Card,6.74,Electronics,60000,223824.0,152109.4,71714.6
10771,2025-07-12 12:00:00,Keyboard,North,New,1,Net Banking,15.19,Accessories,1500,1272.15,925.14,347.01
10772,2025-07-12 18:00:00,Keyboard,West,New,4,UPI,8.88,Accessories,1500,5467.2,3447.64,2019.56
10773,2025-07-13 00:00:00,Laptop,West,VIP,5,Credit Card,15.6,Electronics,60000,253200.0,171018.74,82181.26
10774,2025-07-13 06:00:00,Headphones,Central,New,3,UPI,14.97,Accessories,2500,6377.25,4317.07,2060.18
10775,2025-07-13 12:00:00,Mobile Phone,East,VIP,3,Net Banking,11.57,Electronics,30000,79587.0,47833.49,31753.51
10776,2025-07-13 18:00:00,Keyboard,North,VIP,2,Net Banking,16.67,Accessories,1500,2499.9,1721.29,778.61
10777,2025-07-14 00:00:00,Laptop,East,Returning,2,UPI,3.91,Electronics,60000,115308.0,72533.12,42774.88
10778,2025-07-14 06:00:00,Smart Watch,South,New,5,Net Banking,3.24,Wearables,5000,24190.0,17112.68,7077.32
10779,2025-07-14 12:00:00,Smart Watch,East,VIP,3,Net Banking,15.01,Wearables,5000,12748.5,8275.49,4473.01
10780,2025-07-14 18:00:00,Tablet,West,New,1,Credit Card,4.9,Electronics,20000,19020.0,15321.15,3698.85
10781,2025-07-15 00:00:00,Laptop,North,Returning,4,Debit Card,0.06,Electronics,60000,239856.0,148742.22,91113.78
10782,2025-07-15 06:00:00,Tablet,East,Returning,3,Net Banking,18.24,Electronics,20000,49056.0,40050.06,9005.94
10783,2025-07-15 12:00:00,Smart Watch,North,New,1,Cash,12.46,Wearables,5000,4377.0,3261.44,1115.56
10784,2025-07-15 18:00:00,Headphones,North,New,1,Debit Card,8.9,Accessories,2500,2277.5,1627.64,649.86
10785,2025-07-16 00:00:00,Mobile Phone,South,VIP,4,Debit Card,14.51,Electronics,30000,102588.0,75652.04,26935.96
10786,2025-07-16 06:00:00,Laptop,South,Returning,1,Cash,6.67,Electronics,60000,55998.0,38864.14,17133.86
10787,2025-07-16 12:00:00,Monitor,West,Returning,5,UPI,19.07,Electronics,12000,48558.0,30683.94,17874.06
10788,2025-07-16 18:00:00,Smart Watch,Central,Returning,1,Credit Card,1.37,Wearables,5000,4931.5,3903.13,1028.37
10789,2025-07-17 00:00:00,Smart Watch,North,New,5,Net Banking,12.82,Wearables,5000,21795.0,18132.96,3662.04
10790,2025-07-17 06:00:00,Monitor,Central,VIP,1,UPI,15.55,Electronics,12000,10134.0,8487.4,1646.6
10791,2025-07-17 12:00:00,Mouse,West,New,2,Cash,9.38,Accessories,800,1449.92,1113.07,336.85
10792,2025-07-17 18:00:00,Smart Watch,North,New,1,Credit Card,15.1,Wearables,5000,4245.0,2982.48,1262.52
10793,2025-07-18 00:00:00,Keyboard,North,New,5,Credit Card,18.54,Accessories,1500,6109.5,4396.34,1713.16
10794,2025-07-18 06:00:00,Headphones,Central,VIP,1,Credit Card,14.88,Accessories,2500,2128.0,1626.31,501.69
10795,2025-07-18 12:00:00,Laptop,East,New,1,Cash,6.19,Electronics,60000,56286.0,45353.46,10932.54
10796,2025-07-18 18:00:00,Monitor,South,Returning,1,UPI,11.24,Electronics,12000,10651.2,7388.12,3263.08
10797,2025-07-19 00:00:00,Keyboard,East,Returning,5,Net Banking,18.23,Accessories,1500,6132.75,5085.25,1047.5
10798,2025-07-19 06:00:00,Monitor,Central,Returning,1,Credit Card,8.98,Electronics,12000,10922.4,7438.9,3483.5
10799,2025-07-19 12:00:00,Laptop,South,VIP,4,Credit Card,13.63,Electronics,60000,207288.0,151883.02,55404.98
10800,2025-07-19 18:00:00,Tablet,East,New,4,UPI,9.31,Electronics,20000,72552.0,60968.38,11583.62
10801,2025-07-20 00:00:00,Laptop,South,VIP,5,Credit Card,2.43,Electronics,60000,292710.0,244281.05,48428.95
10802,2025-07-20 06:00:00,Mouse,North,New,2,Credit Card,1.17,Accessories,800,1581.28,1223.81,357.47
10803,2025-07-20 12:00:00,Laptop,East,Returning,4,Cash,19.05,Electronics,60000,194280.0,132331.89,61948.11
10804,2025-07-20 18:00:00,Laptop,South,New,3,Debit Card,12.25,Electronics,60000,157950.0,103419.15,54530.85
10805,2025-07-21 00:00:00,Mouse,South,New,4,UPI,2.08,Accessories,800,3133.44,1942.85,1190.59
10806,2025-07-21 06:00:00,Headphones,South,New,3,UPI,17.15,Accessories,2500,6213.75,4829.1,1384.65
10807,2025-07-21 12:00:00,Smart Watch,East,VIP,5,UPI,10.45,Wearables,5000,22387.5,16250.25,6137.25
10808,2025-07-21 18:00:00,Laptop,West,New,2,Cash,15.44,Electronics,60000,101472.0,75400.99,26071.01
10809,2025-07-22 00:00:00,Mouse,East,New,3,Cash,2.54,Accessories,800,2339.04,1679.66,659.38
10810,2025-07-22 06:00:00,Keyboard,Central,New,3,Net Banking,18.14,Accessories,1500,3683.7,2654.98,1028.72
10811,2025-07-22 12:00:00,Tablet,East,VIP,4,Cash,11.81,Electronics,20000,70552.0,52407.32,18144.68
10812,2025-07-22 18:00:00,Tablet,South,VIP,3,UPI,14.77,Electronics,20000,51138.0,42371.18,8766.82
10813,2025-07-23 00:00:00,Laptop,North,VIP,5,Net Banking,0.63,Electronics,60000,298110.0,181054.6,117055.4
10814,2025-07-23 06:00:00,Headphones,East,New,5,Debit Card,6.31,Accessories,2500,11711.25,9373.79,2337.46
10815,2025-07-23 12:00:00,Headphones,East,Returning,5,Credit Card,5.35,Accessories,2500,11831.25,8253.82,3577.43
10816,2025-07-23 18:00:00,Keyboard,South,Returning,4,Credit Card,18.99,Accessories,1500,4860.6,3821.55,1039.05
10817,2025-07-24 00:00:00,Laptop,North,Returning,2,Net Banking,3.71,Electronics,60000,115548.0,96728.88,18819.12
10818,2025-07-24 06:00:00,Tablet,North,New,4,Debit Card,14.14,Electronics,20000,68688.0,46472.36,22215.64
10819,2025-07-24 12:00:00,Headphones,Central,Returning,5,Credit Card,0.86,Accessories,2500,12392.5,7712.95,4679.55
10820,2025-07-24 18:00:00,Laptop,East,Returning,4,Net Banking,3.95,Electronics,60000,230520.0,151699.36,78820.64
10821,2025-07-25 00:00:00,Monitor,North,Returning,5,Cash,6.77,Electronics,12000,55938.0,36668.66,19269.34
10822,2025-07-25 06:00:00,Headphones,North,New,1,UPI,15.89,Accessories,2500,2102.75,1651.63,451.12
10823,2025-07-25 12:00:00,Mouse,West,Returning,1,Debit Card,15.8,Accessories,800,673.6,414.58,259.02
10824,2025-07-25 18:00:00,Monitor,West,Returning,3,Credit Card,19.05,Electronics,12000,29142.0,17856.28,11285.72
10825,2025-07-26 00:00:00,Smart Watch,North,New,2,UPI,18.34,Wearables,5000,8166.0,6315.6,1850.4
10826,2025-07-26 06:00:00,Headphones,Central,VIP,1,Net Banking,1.63,Accessories,2500,2459.25,1817.83,641.42
10827,2025-07-26 12:00:00,Tablet,North,Returning,5,Credit Card,16.6,Electronics,20000,83400.0,58750.45,24649.55
10828,2025-07-26 18:00:00,Mobile Phone,South,VIP,4,UPI,9.02,Electronics,30000,109176.0,81209.71,27966.29
10829,2025-07-27 00:00:00,Monitor,East,Returning,4,Cash,17.32,Electronics,12000,39686.4,31106.68,8579.72
10830,2025-07-27 06:00:00,Smart Watch,Central,New,3,Debit Card,1.79,Wearables,5000,14731.5,9219.97,5511.53
10831,2025-07-27 12:00:00,Keyboard,South,VIP,4,Net Banking,16.46,Accessories,1500,5012.4,3700.76,1311.64
10832,2025-07-27 18:00:00,Keyboard,Central,VIP,1,Credit Card,3.19,Accessories,1500,1452.15,1170.58,281.57
10833,2025-07-28 00:00:00,Tablet,South,VIP,4,Cash,6.68,Electronics,20000,74656.0,51557.98,23098.02
10834,2025-07-28 06:00:00,Headphones,East,VIP,1,Debit Card,0.58,Accessories,2500,2485.5,1965.42,520.08
10835,2025-07-28 12:00:00,Laptop,East,Returning,1,Debit Card,2.47,Electronics,60000,58518.0,47478.88,11039.12
10836,2025-07-28 18:00:00,Headphones,West,Returning,2,Cash,8.91,Accessories,2500,4554.5,3667.43,887.07
10837,2025-07-29 00:00:00,Tablet,South,VIP,3,Credit Card,16.37,Electronics,20000,50178.0,38265.2,11912.8
10838,2025-07-29 06:00:00,Keyboard,West,Returning,5,Debit Card,15.47,Accessories,1500,6339.75,4940.8,1398.95
10839,2025-07-29 12:00:00,Headphones,South,VIP,1,Net Banking,4.71,Accessories,2500,2382.25,1898.46,483.79
10840,2025-07-29 18:00:00,Keyboard,West,VIP,3,UPI,3.03,Accessories,1500,4363.65,3418.6,945.05
10841,2025-07-30 00:00:00,Monitor,East,New,5,Net Banking,7.79,Electronics,12000,55326.0,39443.01,15882.99
10842,2025-07-30 06:00:00,Smart Watch,Central,VIP,4,Debit Card,17.67,Wearables,5000,16466.0,10534.62,5931.38
10843,2025-07-30 12:00:00,Laptop,West,Returning,3,UPI,1.83,Electronics,60000,176706.0,119706.41,56999.59
10844,2025-07-30 18:00:00,Monitor,South,VIP,3,Cash,10.86,Electronics,12000,32090.4,20916.9,11173.5
10845,2025-07-31 00:00:00,Keyboard,South,New,3,UPI,1.78,Accessories,1500,4419.9,3051.33,1368.57
10846,2025-07-31 06:00:00,Keyboard,East,Returning,4,UPI,9.4,Accessories,1500,5436.0,3926.6,1509.4
10847,2025-07-31 12:00:00,Mobile Phone,South,New,4,UPI,2.54,Electronics,30000,116952.0,98211.81,18740.19
10848,2025-07-31 18:00:00,Mobile Phone,North,New,3,Debit Card,1.61,Electronics,30000,88551.0,74370.95,14180.05
10849,2025-08-01 00:00:00,Monitor,Central,VIP,2,Credit Card,3.82,Electronics,12000,23083.2,18291.06,4792.14
10850,2025-08-01 06:00:00,Mouse,West,New,1,Debit Card,5.11,Accessories,800,759.12,641.48,117.64
10851,2025-08-01 12:00:00,Monitor,Central,New,4,Credit Card,5.53,Electronics,12000,45345.6,38521.27,6824.33
10852,2025-08-01 18:00:00,Mobile Phone,East,Returning,2,Cash,12.91,Electronics,30000,52254.0,42916.95,9337.05
10853,2025-08-02 00:00:00,Keyboard,West,New,4,Cash,1.1,Accessories,1500,5934.0,3678.34,2255.66
10854,2025-08-02 06:00:00,Tablet,West,VIP,3,Cash,1.62,Electronics,20000,59028.0,41703.93,17324.07
10855,2025-08-02 12:00:00,Monitor,North,VIP,2,Cash,3.77,Electronics,12000,23095.2,16941.02,6154.18
10856,2025-08-02 18:00:00,Keyboard,East,VIP,5,Cash,17.44,Accessories,1500,6192.0,3907.28,2284.72
10857,2025-08-03 00:00:00,Tablet,South,New,1,Net Banking,12.57,Electronics,20000,17486.0,14026.53,3459.47
10858,2025-08-03 06:00:00,Tablet,North,Returning,1,Debit Card,14.61,Electronics,20000,17078.0,10881.6,6196.4
10859,2025-08-03 12:00:00,Mobile Phone,North,VIP,4,Credit Card,7.41,Electronics,30000,111108.0,77312.52,33795.48
10860,2025-08-03 18:00:00,Monitor,Central,New,1,Cash,4.26,Electronics,12000,11488.8,7091.21,4397.59
10861,2025-08-04 00:00:00,Headphones,Central,VIP,5,Net Banking,0.76,Accessories,2500,12405.0,9069.89,3335.11
10862,2025-08-04 06:00:00,Laptop,Central,VIP,2,Net Banking,9.77,Electronics,60000,108276.0,81126.91,27149.09
10863,2025-08-04 12:00:00,Mobile Phone,North,Returning,2,Net Banking,11.49,Electronics,30000,53106.0,41624.18,11481.82
10864,2025-08-04 18:00:00,Mobile Phone,South,VIP,3,Debit Card,17.94,Electronics,30000,73854.0,50580.05,23273.95
10865,2025-08-05 00:00:00,Headphones,West,Returning,2,Cash,17.64,Accessories,2500,4118.0,3078.75,1039.25
10866,2025-08-05 06:00:00,Laptop,Central,New,4,Net Banking,8.49,Electronics,60000,219624.0,172083.49,47540.51
10867,2025-08-05 12:00:00,Keyboard,South,VIP,5,Net Banking,8.47,Accessories,1500,6864.75,5426.65,1438.1
10868,2025-08-05 18:00:00,Mouse,East,New,3,Cash,3.22,Accessories,800,2322.72,1568.79,753.93
10869,2025-08-06 00:00:00,Monitor,Central,New,4,Debit Card,5.15,Electronics,12000,45528.0,28087.41,17440.59
10870,2025-08-06 06:00:00,Mouse,West,New,4,Net Banking,18.51,Accessories,800,2607.68,1589.13,1018.55
10871,2025-08-06 12:00:00,Keyboard,East,VIP,4,Credit Card,2.82,Accessories,1500,5830.8,4618.08,1212.72
10872,2025-08-06 18:00:00,Smart Watch,East,Returning,1,UPI,19.37,Wearables,5000,4031.5,2807.37,1224.13
10873,2025-08-07 00:00:00,Mobile Phone,West,VIP,4,UPI,10.09,Electronics,30000,107892.0,68348.04,39543.96
10874,2025-08-07 06:00:00,Laptop,Central,New,1,UPI,9.13,Electronics,60000,54522.0,35227.88,19294.12
10875,2025-08-07 12:00:00,Mobile Phone,North,Returning,2,Debit Card,3.49,Electronics,30000,57906.0,45834.78,12071.22
10876,2025-08-07 18:00:00,Tablet,West,New,1,Net Banking,13.23,Electronics,20000,17354.0,13010.74,4343.26
10877,2025-08-08 00:00:00,Mobile Phone,West,Returning,4,UPI,9.2,Electronics,30000,108960.0,79034.22,29925.78
10878,2025-08-08 06:00:00,Mobile Phone,West,VIP,5,UPI,7.41,Electronics,30000,138885.0,104962.6,33922.4
10879,2025-08-08 12:00:00,Keyboard,East,Returning,5,Cash,5.29,Accessories,1500,7103.25,4506.12,2597.13
10880,2025-08-08 18:00:00,Keyboard,South,VIP,2,Net Banking,1.33,Accessories,1500,2960.1,2012.16,947.94
10881,2025-08-09 00:00:00,Keyboard,North,New,4,Net Banking,10.39,Accessories,1500,5376.6,3728.76,1647.84
10882,2025-08-09 06:00:00,Mouse,Central,Returning,1,Cash,6.26,Accessories,800,749.92,508.91,241.01
10883,2025-08-09 12:00:00,Tablet,Central,New,5,Net Banking,14.16,Electronics,20000,85840.0,70054.37,15785.63
10884,2025-08-09 18:00:00,Smart Watch,South,Returning,3,Credit Card,14.47,Wearables,5000,12829.5,9562.54,3266.96
10885,2025-08-10 00:00:00,Smart Watch,West,VIP,4,Debit Card,6.64,Wearables,5000,18672.0,14607.67,4064.33
10886,2025-08-10 06:00:00,Keyboard,North,Returning,4,Cash,13.38,Accessories,1500,5197.2,3425.87,1771.33
10887,2025-08-10 12:00:00,Laptop,Central,Returning,3,UPI,5.17,Electronics,60000,170694.0,113685.36,57008.64
10888,2025-08-10 18:00:00,Mouse,Central,VIP,5,Net Banking,14.54,Accessories,800,3418.4,2243.61,1174.79
10889,2025-08-11 00:00:00,Headphones,West,VIP,3,Credit Card,0.32,Accessories,2500,7476.0,5771.43,1704.57
10890,2025-08-11 06:00:00,Laptop,South,VIP,2,Credit Card,3.03,Electronics,60000,116364.0,79972.35,36391.65
10891,2025-08-11 12:00:00,Monitor,North,Returning,1,Debit Card,4.9,Electronics,12000,11412.0,8002.91,3409.09
10892,2025-08-11 18:00:00,Monitor,South,New,1,Credit Card,15.46,Electronics,12000,10144.8,7885.35,2259.45
10893,2025-08-12 00:00:00,Laptop,South,Returning,5,Net Banking,1.33,Electronics,60000,296010.0,249521.53,46488.47
10894,2025-08-12 06:00:00,Keyboard,North,Returning,3,Net Banking,3.76,Accessories,1500,4330.8,2773.74,1557.06
10895,2025-08-12 12:00:00,Headphones,North,New,4,Credit Card,7.17,Accessories,2500,9283.0,5715.26,3567.74
10896,2025-08-12 18:00:00,Headphones,Central,VIP,4,Net Banking,0.18,Accessories,2500,9982.0,6475.44,3506.56
10897,2025-08-13 00:00:00,Mouse,Central,Returning,4,Net Banking,15.24,Accessories,800,2712.32,2125.75,586.57
10898,2025-08-13 06:00:00,Headphones,North,New,2,UPI,11.2,Accessories,2500,4440.0,2880.04,1559.96
10899,2025-08-13 12:00:00,Monitor,East,VIP,2,Cash,18.01,Electronics,12000,19677.6,14681.22,4996.38
10900,2025-08-13 18:00:00,Tablet,Central,VIP,4,Net Banking,0.62,Electronics,20000,79504.0,59435.53,20068.47
10901,2025-08-14 00:00:00,Keyboard,East,Returning,5,Net Banking,5.43,Accessories,1500,7092.75,4777.72,2315.03
10902,2025-08-14 06:00:00,Headphones,North,VIP,2,Debit Card,14.63,Accessories,2500,4268.5,2634.44,1634.06
10903,2025-08-14 12:00:00,Mouse,Central,VIP,2,Cash,13.5,Accessories,800,1384.0,968.52,415.48
10904,2025-08-14 18:00:00,Monitor,South,New,1,Cash,4.86,Electronics,12000,11416.8,7383.2,4033.6
10905,2025-08-15 00:00:00,Tablet,North,New,1,Cash,11.91,Electronics,20000,17618.0,11383.31,6234.69
10906,2025-08-15 06:00:00,Mobile Phone,West,VIP,5,Credit Card,15.88,Electronics,30000,126180.0,92193.07,33986.93
10907,2025-08-15 12:00:00,Mobile Phone,East,New,2,UPI,0.67,Electronics,30000,59598.0,45787.97,13810.03
10908,2025-08-15 18:00:00,Tablet,North,VIP,2,UPI,14.35,Electronics,20000,34260.0,21201.93,13058.07
10909,2025-08-16 00:00:00,Monitor,North,Returning,3,Debit Card,5.04,Electronics,12000,34185.6,25453.93,8731.67
10910,2025-08-16 06:00:00,Mouse,Central,New,5,Cash,18.96,Accessories,800,3241.6,2144.48,1097.12
10911,2025-08-16 12:00:00,Tablet,Central,VIP,5,Cash,10.76,Electronics,20000,89240.0,68565.28,20674.72
10912,2025-08-16 18:00:00,Keyboard,Central,VIP,3,Net Banking,0.67,Accessories,1500,4469.85,3587.3,882.55
10913,2025-08-17 00:00:00,Keyboard,West,New,3,Credit Card,8.07,Accessories,1500,4136.85,3316.73,820.12
10914,2025-08-17 06:00:00,Mobile Phone,Central,New,1,Credit Card,19.33,Electronics,30000,24201.0,16758.35,7442.65
10915,2025-08-17 12:00:00,Headphones,North,Returning,5,Debit Card,14.61,Accessories,2500,10673.75,7917.97,2755.78
10916,2025-08-17 18:00:00,Mouse,Central,VIP,5,UPI,6.01,Accessories,800,3759.6,3001.75,757.85
10917,2025-08-18 00:00:00,Mobile Phone,South,Returning,3,Cash,11.51,Electronics,30000,79641.0,48995.35,30645.65
10918,2025-08-18 06:00:00,Headphones,Central,Returning,4,Debit Card,11.98,Accessories,2500,8802.0,6613.88,2188.12
10919,2025-08-18 12:00:00,Headphones,West,Returning,4,Credit Card,0.47,Accessories,2500,9953.0,8053.28,1899.72
10920,2025-08-18 18:00:00,Smart Watch,South,New,1,Credit Card,3.58,Wearables,5000,4821.0,3341.38,1479.62
10921,2025-08-19 00:00:00,Keyboard,North,Returning,4,Credit Card,11.04,Accessories,1500,5337.6,3810.26,1527.34
10922,2025-08-19 06:00:00,Monitor,North,New,4,Cash,8.06,Electronics,12000,44131.2,34187.65,9943.55
10923,2025-08-19 12:00:00,Laptop,East,New,4,Cash,3.8,Electronics,60000,230880.0,142446.31,88433.69
10924,2025-08-19 18:00:00,Monitor,South,Returning,2,Cash,15.45,Electronics,12000,20292.0,14131.53,6160.47
10925,2025-08-20 00:00:00,Laptop,East,Returning,1,Net Banking,9.78,Electronics,60000,54132.0,36481.05,17650.95
10926,2025-08-20 06:00:00,Tablet,South,VIP,3,UPI,6.2,Electronics,20000,56280.0,34007.11,22272.89
10927,2025-08-20 12:00:00,Keyboard,South,Returning,4,Credit Card,3.23,Accessories,1500,5806.2,3768.18,2038.02
10928,2025-08-20 18:00:00,Headphones,West,VIP,2,Credit Card,12.22,Accessories,2500,4389.0,3067.78,1321.22
10929,2025-08-21 00:00:00,Mouse,East,Returning,4,Net Banking,13.33,Accessories,800,2773.44,1800.95,972.49
10930,2025-08-21 06:00:00,Laptop,West,Returning,2,Credit Card,13.39,Electronics,60000,103932.0,78011.32,25920.68
10931,2025-08-21 12:00:00,Monitor,South,Returning,1,Credit Card,4.41,Electronics,12000,11470.8,8169.08,3301.72
10932,2025-08-21 18:00:00,Headphones,North,Returning,4,Cash,11.91,Accessories,2500,8809.0,5372.35,3436.65
10933,2025-08-22 00:00:00,Laptop,South,VIP,2,Cash,18.11,Electronics,60000,98268.0,65717.71,32550.29
10934,2025-08-22 06:00:00,Laptop,West,VIP,5,UPI,7.06,Electronics,60000,278820.0,168649.63,110170.37
10935,2025-08-22 12:00:00,Smart Watch,East,Returning,5,Credit Card,4.22,Wearables,5000,23945.0,16510.89,7434.11
10936,2025-08-22 18:00:00,Laptop,East,Returning,2,Debit Card,15.44,Electronics,60000,101472.0,67456.3,34015.7
10937,2025-08-23 00:00:00,Mouse,West,VIP,4,Credit Card,3.54,Accessories,800,3086.72,2383.09,703.63
10938,2025-08-23 06:00:00,Keyboard,East,New,4,Credit Card,5.07,Accessories,1500,5695.8,3855.21,1840.59
10939,2025-08-23 12:00:00,Mouse,Central,New,1,UPI,2.01,Accessories,800,783.92,543.88,240.04
10940,2025-08-23 18:00:00,Mobile Phone,North,New,1,Debit Card,5.36,Electronics,30000,28392.0,22183.62,6208.38
10941,2025-08-24 00:00:00,Headphones,North,VIP,3,Credit Card,8.21,Accessories,2500,6884.25,4958.24,1926.01
10942,2025-08-24 06:00:00,Keyboard,North,VIP,1,Debit Card,1.28,Accessories,1500,1480.8,1094.48,386.32
10943,2025-08-24 12:00:00,Smart Watch,East,New,4,Cash,17.43,Wearables,5000,16514.0,13381.9,3132.1
10944,2025-08-24 18:00:00,Keyboard,East,New,3,Cash,10.27,Accessories,1500,4037.85,2631.56,1406.29
10945,2025-08-25 00:00:00,Keyboard,South,Returning,1,Debit Card,11.76,Accessories,1500,1323.6,1121.48,202.12
10946,2025-08-25 06:00:00,Monitor,South,VIP,2,Credit Card,7.43,Electronics,12000,22216.8,18329.44,3887.36
10947,2025-08-25 12:00:00,Keyboard,North,VIP,5,Debit Card,13.4,Accessories,1500,6495.0,4362.29,2132.71
10948,2025-08-25 18:00:00,Smart Watch,Central,New,1,Debit Card,8.64,Wearables,5000,4568.0,3760.54,807.46
10949,2025-08-26 00:00:00,Mouse,South,New,1,Cash,15.23,Accessories,800,678.16,534.72,143.44
10950,2025-08-26 06:00:00,Keyboard,South,VIP,2,Debit Card,16.43,Accessories,1500,2507.1,2087.63,419.47
10951,2025-08-26 12:00:00,Tablet,East,Returning,4,Net Banking,13.44,Electronics,20000,69248.0,53513.73,15734.27
10952,2025-08-26 18:00:00,Headphones,Central,New,2,Net Banking,9.83,Accessories,2500,4508.5,3465.32,1043.18
10953,2025-08-27 00:00:00,Keyboard,North,VIP,1,Cash,15.65,Accessories,1500,1265.25,760.25,505.0
10954,2025-08-27 06:00:00,Headphones,South,VIP,4,Credit Card,9.89,Accessories,2500,9011.0,6475.78,2535.22
10955,2025-08-27 12:00:00,Tablet,Central,Returning,3,Credit Card,2.23,Electronics,20000,58662.0,38134.24,20527.76
10956,2025-08-27 18:00:00,Tablet,Central,Returning,1,Cash,2.33,Electronics,20000,19534.0,13303.05,6230.95
10957,2025-08-28 00:00:00,Headphones,North,New,2,Credit Card,18.97,Accessories,2500,4051.5,3422.32,629.18
10958,2025-08-28 06:00:00,Laptop,Central,New,3,UPI,4.27,Electronics,60000,172314.0,107071.7,65242.3
10959,2025-08-28 12:00:00,Mobile Phone,Central,New,5,Net Banking,16.32,Electronics,30000,125520.0,97983.63,27536.37
10960,2025-08-28 18:00:00,Monitor,Central,VIP,3,UPI,4.93,Electronics,12000,34225.2,22014.89,12210.31
10961,2025-08-29 00:00:00,Laptop,South,New,2,UPI,8.62,Electronics,60000,109656.0,65996.5,43659.5
10962,2025-08-29 06:00:00,Laptop,North,VIP,3,UPI,13.1,Electronics,60000,156420.0,113459.98,42960.02
10963,2025-08-29 12:00:00,Mouse,Central,New,2,Cash,3.18,Accessories,800,1549.12,991.91,557.21
10964,2025-08-29 18:00:00,Monitor,Central,Returning,1,UPI,14.74,Electronics,12000,10231.2,8608.19,1623.01
10965,2025-08-30 00:00:00,Monitor,South,Returning,4,Debit Card,13.8,Electronics,12000,41376.0,26932.64,14443.36
10966,2025-08-30 06:00:00,Laptop,North,VIP,5,Credit Card,10.86,Electronics,60000,267420.0,173290.52,94129.48
10967,2025-08-30 12:00:00,Keyboard,East,Returning,4,Cash,11.32,Accessories,1500,5320.8,3235.27,2085.53
10968,2025-08-30 18:00:00,Mouse,South,VIP,4,Debit Card,2.12,Accessories,800,3132.16,2137.56,994.6
10969,2025-08-31 00:00:00,Mouse,North,VIP,4,Debit Card,8.72,Accessories,800,2920.96,1770.18,1150.78
10970,2025-08-31 06:00:00,Tablet,Central,Returning,2,Net Banking,1.73,Electronics,20000,39308.0,28487.36,10820.64
10971,2025-08-31 12:00:00,Smart Watch,North,VIP,2,Net Banking,6.16,Wearables,5000,9384.0,6816.56,2567.44
10972,2025-08-31 18:00:00,Monitor,North,Returning,5,Debit Card,18.01,Electronics,12000,49194.0,30171.21,19022.79
10973,2025-09-01 00:00:00,Laptop,North,New,2,Net Banking,11.49,Electronics,60000,106212.0,70101.57,36110.43
10974,2025-09-01 06:00:00,Tablet,East,New,2,Credit Card,14.85,Electronics,20000,34060.0,27521.39,6538.61
10975,2025-09-01 12:00:00,Headphones,North,Returning,2,Credit Card,11.48,Accessories,2500,4426.0,3167.41,1258.59
10976,2025-09-01 18:00:00,Mobile Phone,East,Returning,2,Net Banking,3.88,Electronics,30000,57672.0,40869.41,16802.59
10977,2025-09-02 00:00:00,Smart Watch,Central,Returning,1,UPI,11.9,Wearables,5000,4405.0,3412.53,992.47
10978,2025-09-02 06:00:00,Smart Watch,East,Returning,5,Debit Card,15.11,Wearables,5000,21222.5,16526.4,4696.1
10979,2025-09-02 12:00:00,Smart Watch,Central,New,2,Credit Card,2.77,Wearables,5000,9723.0,7685.94,2037.06
10980,2025-09-02 18:00:00,Mouse,Central,VIP,5,Net Banking,16.34,Accessories,800,3346.4,2702.62,643.78
10981,2025-09-03 00:00:00,Headphones,East,VIP,3,Net Banking,11.11,Accessories,2500,6666.75,4387.14,2279.61
10982,2025-09-03 06:00:00,Smart Watch,South,New,1,Credit Card,0.09,Wearables,5000,4995.5,3080.2,1915.3
10983,2025-09-03 12:00:00,Headphones,West,VIP,2,Credit Card,10.4,Accessories,2500,4480.0,3113.9,1366.1
10984,2025-09-03 18:00:00,Keyboard,North,New,1,UPI,7.91,Accessories,1500,1381.35,1124.11,257.24
10985,2025-09-04 00:00:00,Smart Watch,West,VIP,1,Net Banking,5.93,Wearables,5000,4703.5,2913.85,1789.65
10986,2025-09-04 06:00:00,Mobile Phone,North,Returning,3,Net Banking,15.43,Electronics,30000,76113.0,56627.19,19485.81
10987,2025-09-04 12:00:00,Headphones,North,Returning,5,Cash,17.99,Accessories,2500,10251.25,7947.49,2303.76
10988,2025-09-04 18:00:00,Headphones,Central,Returning,1,UPI,15.25,Accessories,2500,2118.75,1526.25,592.5
10989,2025-09-05 00:00:00,Mobile Phone,North,New,4,Credit Card,16.94,Electronics,30000,99672.0,66161.66,33510.34
10990,2025-09-05 06:00:00,Smart Watch,North,New,3,Credit Card,18.18,Wearables,5000,12273.0,8365.0,3908.0
10991,2025-09-05 12:00:00,Mobile Phone,East,VIP,4,Debit Card,18.25,Electronics,30000,98100.0,60617.27,37482.73
10992,2025-09-05 18:00:00,Headphones,West,VIP,3,Credit Card,2.29,Accessories,2500,7328.25,4932.98,2395.27
10993,2025-09-06 00:00:00,Mobile Phone,East,VIP,4,Net Banking,9.13,Electronics,30000,109044.0,66636.19,42407.81
10994,2025-09-06 06:00:00,Headphones,North,New,4,Credit Card,0.01,Accessories,2500,9999.0,7815.03,2183.97
10995,2025-09-06 12:00:00,Headphones,Central,VIP,1,Net Banking,10.13,Accessories,2500,2246.75,1852.44,394.31
10996,2025-09-06 18:00:00,Keyboard,East,Returning,1,Net Banking,18.48,Accessories,1500,1222.8,927.34,295.46
10997,2025-09-07 00:00:00,Laptop,East,VIP,3,UPI,3.98,Electronics,60000,172836.0,132077.09,40758.91
10998,2025-09-07 06:00:00,Headphones,South,Returning,5,Credit Card,12.8,Accessories,2500,10900.0,7826.59,3073.41
10999,2025-09-07 12:00:00,Smart Watch,North,New,1,UPI,12.89,Wearables,5000,4355.5,2783.2,1572.3
11000,2025-09-07 18:00:00,Tablet,Central,Returning,1,Net Banking,3.21,Electronics,20000,19358.0,11652.19,7705.81
11001,2025-09-08 00:00:00,Mouse,East,Returning,2,Credit Card,4.77,Accessories,800,1523.68,1045.24,478.44
11002,2025-09-08 06:00:00,Monitor,East,Returning,1,Credit Card,9.24,Electronics,12000,10891.2,8580.87,2310.33
11003,2025-09-08 12:00:00,Laptop,Central,New,5,UPI,3.76,Electronics,60000,288720.0,242555.95,46164.05
11004,2025-09-08 18:00:00,Laptop,North,New,2,UPI,11.7,Electronics,60000,105960.0,74995.44,30964.56
11005,2025-09-09 00:00:00,Laptop,South,New,4,Net Banking,9.69,Electronics,60000,216744.0,149845.48,66898.52
11006,2025-09-09 06:00:00,Keyboard,East,New,4,Net Banking,10.38,Accessories,1500,5377.2,3825.82,1551.38
11007,2025-09-09 12:00:00,Headphones,South,VIP,2,Credit Card,2.69,Accessories,2500,4865.5,3439.63,1425.87
11008,2025-09-09 18:00:00,Keyboard,West,New,2,Credit Card,10.35,Accessories,1500,2689.5,2034.53,654.97
11009,2025-09-10 00:00:00,Headphones,North,Returning,2,Cash,0.99,Accessories,2500,4950.5,3878.9,1071.6
11010,2025-09-10 06:00:00,Smart Watch,West,New,3,Cash,17.63,Wearables,5000,12355.5,9837.94,2517.56
11011,2025-09-10 12:00:00,Keyboard,West,VIP,5,Debit Card,6.86,Accessories,1500,6985.5,5325.75,1659.75
11012,2025-09-10 18:00:00,Keyboard,West,VIP,5,Net Banking,17.13,Accessories,1500,6215.25,4409.29,1805.96
11013,2025-09-11 00:00:00,Mouse,North,VIP,4,Debit Card,14.03,Accessories,800,2751.04,2304.07,446.97
11014,2025-09-11 06:00:00,Tablet,North,Returning,4,Debit Card,15.32,Electronics,20000,67744.0,52688.23,15055.77
11015,2025-09-11 12:00:00,Keyboard,Central,New,4,UPI,6.29,Accessories,1500,5622.6,3973.29,1649.31
11016,2025-09-11 18:00:00,Mouse,South,New,1,UPI,4.55,Accessories,800,763.6,543.41,220.19
11017,2025-09-12 00:00:00,Mobile Phone,South,New,4,Cash,8.13,Electronics,30000,110244.0,88690.77,21553.23
11018,2025-09-12 06:00:00,Tablet,Central,Returning,2,Debit Card,0.48,Electronics,20000,39808.0,28269.06,11538.94
11019,2025-09-12 12:00:00,Smart Watch,Central,Returning,4,Cash,18.38,Wearables,5000,16324.0,11901.31,4422.69
11020,2025-09-12 18:00:00,Keyboard,West,VIP,2,Net Banking,7.74,Accessories,1500,2767.8,1862.42,905.38
11021,2025-09-13 00:00:00,Monitor,Central,VIP,3,Credit Card,19.77,Electronics,12000,28882.8,23387.23,5495.57
11022,2025-09-13 06:00:00,Laptop,East,New,1,UPI,15.23,Electronics,60000,50862.0,37158.32,13703.68
11023,2025-09-13 12:00:00,Mobile Phone,South,Returning,1,Net Banking,1.61,Electronics,30000,29517.0,21787.5,7729.5
11024,2025-09-13 18:00:00,Mobile Phone,Central,Returning,5,Net Banking,13.2,Electronics,30000,130200.0,106785.98,23414.02
11025,2025-09-14 00:00:00,Smart Watch,East,New,3,UPI,5.42,Wearables,5000,14187.0,11777.04,2409.96
11026,2025-09-14 06:00:00,Mouse,East,New,2,UPI,4.87,Accessories,800,1522.08,1226.87,295.21
11027,2025-09-14 12:00:00,Mobile Phone,East,VIP,3,Debit Card,5.13,Electronics,30000,85383.0,52625.18,32757.82
11028,2025-09-14 18:00:00,Tablet,East,VIP,1,Cash,18.32,Electronics,20000,16336.0,11612.89,4723.11
11029,2025-09-15 00:00:00,Keyboard,West,VIP,2,Net Banking,10.0,Accessories,1500,2700.0,1851.75,848.25
11030,2025-09-15 06:00:00,Keyboard,East,New,3,Debit Card,13.39,Accessories,1500,3897.45,2546.51,1350.94
11031,2025-09-15 12:00:00,Monitor,West,New,1,Debit Card,5.62,Electronics,12000,11325.6,9368.97,1956.63
11032,2025-09-15 18:00:00,Smart Watch,West,VIP,2,Net Banking,10.46,Wearables,5000,8954.0,7364.82,1589.18
11033,2025-09-16 00:00:00,Laptop,East,VIP,2,Net Banking,7.0,Electronics,60000,111600.0,79941.81,31658.19
11034,2025-09-16 06:00:00,Mouse,South,Returning,1,Credit Card,6.42,Accessories,800,748.64,474.37,274.27
11035,2025-09-16 12:00:00,Laptop,East,Returning,2,Cash,4.94,Electronics,60000,114072.0,68824.36,45247.64
11036,2025-09-16 18:00:00,Mobile Phone,East,VIP,1,Net Banking,8.18,Electronics,30000,27546.0,19547.1,7998.9
11037,2025-09-17 00:00:00,Smart Watch,East,VIP,4,UPI,13.2,Wearables,5000,17360.0,10589.41,6770.59
11038,2025-09-17 06:00:00,Monitor,South,Returning,4,Credit Card,4.44,Electronics,12000,45868.8,34511.18,11357.62
11039,2025-09-17 12:00:00,Laptop,North,VIP,2,Cash,19.31,Electronics,60000,96828.0,72824.55,24003.45
11040,2025-09-17 18:00:00,Tablet,North,Returning,2,UPI,2.49,Electronics,20000,39004.0,32167.96,6836.04
11041,2025-09-18 00:00:00,Keyboard,West,Returning,1,UPI,9.6,Accessories,1500,1356.0,878.03,477.97
11042,2025-09-18 06:00:00,Mobile Phone,West,Returning,2,Cash,1.7,Electronics,30000,58980.0,40864.21,18115.79
11043,2025-09-18 12:00:00,Monitor,South,New,5,Credit Card,0.45,Electronics,12000,59730.0,48673.16,11056.84
11044,2025-09-18 18:00:00,Laptop,Central,New,4,UPI,18.45,Electronics,60000,195720.0,140639.33,55080.67
11045,2025-09-19 00:00:00,Mouse,North,VIP,2,Debit Card,16.21,Accessories,800,1340.64,824.4,516.24
11046,2025-09-19 06:00:00,Tablet,West,Returning,2,Cash,13.88,Electronics,20000,34448.0,21622.87,12825.13
11047,2025-09-19 12:00:00,Tablet,North,New,3,Cash,17.3,Electronics,20000,49620.0,39862.9,9757.1
11048,2025-09-19 18:00:00,Laptop,South,VIP,2,Net Banking,16.06,Electronics,60000,100728.0,79164.59,21563.41
11049,2025-09-20 00:00:00,Keyboard,South,VIP,5,Credit Card,12.94,Accessories,1500,6529.5,5347.47,1182.03
11050,2025-09-20 06:00:00,Laptop,Central,VIP,4,Debit Card,16.95,Electronics,60000,199320.0,125514.85,73805.15
11051,2025-09-20 12:00:00,Mobile Phone,Central,VIP,3,Debit Card,7.82,Electronics,30000,82962.0,65548.62,17413.38
11052,2025-09-20 18:00:00,Laptop,South,VIP,1,Net Banking,11.06,Electronics,60000,53364.0,40758.15,12605.85
11053,2025-09-21 00:00:00,Tablet,West,Returning,1,UPI,15.53,Electronics,20000,16894.0,11117.49,5776.51
11054,2025-09-21 06:00:00,Monitor,North,VIP,4,UPI,1.7,Electronics,12000,47184.0,39798.58,7385.42
11055,2025-09-21 12:00:00,Laptop,East,Returning,1,Debit Card,17.17,Electronics,60000,49698.0,36905.17,12792.83
11056,2025-09-21 18:00:00,Keyboard,Central,New,5,Credit Card,3.14,Accessories,1500,7264.5,6005.7,1258.8
11057,2025-09-22 00:00:00,Smart Watch,East,VIP,2,UPI,17.29,Wearables,5000,8271.0,6738.99,1532.01
11058,2025-09-22 06:00:00,Monitor,West,New,4,Cash,6.23,Electronics,12000,45009.6,30754.22,14255.38
11059,2025-09-22 12:00:00,Mouse,Central,Returning,3,Net Banking,6.54,Accessories,800,2243.04,1646.37,596.67
11060,2025-09-22 18:00:00,Headphones,East,Returning,2,Credit Card,1.48,Accessories,2500,4926.0,3486.83,1439.17
11061,2025-09-23 00:00:00,Laptop,West,New,1,UPI,17.72,Electronics,60000,49368.0,38372.24,10995.76
11062,2025-09-23 06:00:00,Keyboard,North,VIP,1,Debit Card,3.49,Accessories,1500,1447.65,1081.41,366.24
11063,2025-09-23 12:00:00,Monitor,West,VIP,3,Net Banking,12.6,Electronics,12000,31464.0,25052.06,6411.94
11064,2025-09-23 18:00:00,Keyboard,Central,New,5,UPI,12.88,Accessories,1500,6534.0,3939.6,2594.4
11065,2025-09-24 00:00:00,Mouse,South,New,3,Debit Card,5.62,Accessories,800,2265.12,1748.56,516.56
11066,2025-09-24 06:00:00,Tablet,North,New,4,UPI,19.71,Electronics,20000,64232.0,43662.75,20569.25
11067,2025-09-24 12:00:00,Keyboard,East,VIP,3,Net Banking,1.28,Accessories,1500,4442.4,2914.46,1527.94
11068,2025-09-24 18:00:00,Monitor,Central,VIP,1,Cash,12.16,Electronics,12000,10540.8,8435.91,2104.89
11069,2025-09-25 00:00:00,Keyboard,South,VIP,5,Cash,9.59,Accessories,1500,6780.75,4219.7,2561.05
11070,2025-09-25 06:00:00,Keyboard,West,New,5,Debit Card,4.91,Accessories,1500,7131.75,4686.38,2445.37
11071,2025-09-25 12:00:00,Keyboard,South,VIP,3,Cash,3.27,Accessories,1500,4352.85,2833.42,1519.43
11072,2025-09-25 18:00:00,Mobile Phone,Central,Returning,4,Net Banking,14.74,Electronics,30000,102312.0,72125.5,30186.5
11073,2025-09-26 00:00:00,Mobile Phone,Central,New,1,Debit Card,18.33,Electronics,30000,24501.0,16674.99,7826.01
11074,2025-09-26 06:00:00,Tablet,South,VIP,2,UPI,2.15,Electronics,20000,39140.0,30533.78,8606.22
11075,2025-09-26 12:00:00,Laptop,West,New,5,Credit Card,3.88,Electronics,60000,288360.0,223433.57,64926.43
11076,2025-09-26 18:00:00,Keyboard,South,Returning,3,UPI,19.73,Accessories,1500,3612.15,2461.2,1150.95
11077,2025-09-27 00:00:00,Mouse,Central,Returning,4,Net Banking,0.3,Accessories,800,3190.4,2262.78,927.62
11078,2025-09-27 06:00:00,Laptop,Central,New,4,Debit Card,10.17,Electronics,60000,215592.0,140561.04,75030.96
11079,2025-09-27 12:00:00,Mouse,East,New,1,UPI,10.32,Accessories,800,717.44,550.78,166.66
11080,2025-09-27 18:00:00,Laptop,East,Returning,5,Debit Card,5.26,Electronics,60000,284220.0,198685.61,85534.39
11081,2025-09-28 00:00:00,Tablet,North,New,1,Cash,13.26,Electronics,20000,17348.0,10984.87,6363.13
11082,2025-09-28 06:00:00,Keyboard,Central,Returning,2,Credit Card,18.9,Accessories,1500,2433.0,1537.21,895.79
11083,2025-09-28 12:00:00,Keyboard,East,Returning,2,Net Banking,9.0,Accessories,1500,2730.0,1857.98,872.02
11084,2025-09-28 18:00:00,Headphones,South,VIP,2,UPI,14.99,Accessories,2500,4250.5,3344.43,906.07
11085,2025-09-29 00:00:00,Mouse,West,New,4,Credit Card,12.92,Accessories,800,2786.56,1689.7,1096.86
11086,2025-09-29 06:00:00,Laptop,South,New,5,Net Banking,9.46,Electronics,60000,271620.0,180476.19,91143.81
11087,2025-09-29 12:00:00,Laptop,West,VIP,1,Net Banking,1.0,Electronics,60000,59400.0,38052.92,21347.08
11088,2025-09-29 18:00:00,Smart Watch,East,Returning,1,Cash,14.83,Wearables,5000,4258.5,3573.39,685.11
11089,2025-09-30 00:00:00,Smart Watch,North,New,2,Debit Card,7.27,Wearables,5000,9273.0,7198.82,2074.18
11090,2025-09-30 06:00:00,Mobile Phone,South,VIP,5,Debit Card,4.49,Electronics,30000,143265.0,94312.52,48952.48
11091,2025-09-30 12:00:00,Headphones,South,VIP,5,Credit Card,18.97,Accessories,2500,10128.75,6602.58,3526.17
11092,2025-09-30 18:00:00,Monitor,South,New,3,Cash,15.47,Electronics,12000,30430.8,24786.12,5644.68
11093,2025-10-01 00:00:00,Smart Watch,West,VIP,5,Net Banking,19.25,Wearables,5000,20187.5,13072.55,7114.95
11094,2025-10-01 06:00:00,Monitor,East,Returning,5,Cash,5.12,Electronics,12000,56928.0,48346.95,8581.05
11095,2025-10-01 12:00:00,Mobile Phone,South,VIP,1,Cash,16.72,Electronics,30000,24984.0,16753.67,8230.33
11096,2025-10-01 18:00:00,Mobile Phone,South,Returning,5,Credit Card,12.15,Electronics,30000,131775.0,81843.24,49931.76
11097,2025-10-02 00:00:00,Mobile Phone,North,Returning,5,Debit Card,19.63,Electronics,30000,120555.0,93157.13,27397.87
11098,2025-10-02 06:00:00,Mouse,North,New,1,Cash,18.93,Accessories,800,648.56,487.98,160.58
11099,2025-10-02 12:00:00,Mouse,East,VIP,5,Cash,19.46,Accessories,800,3221.6,2738.22,483.38
11100,2025-10-02 18:00:00,Tablet,East,Returning,1,Cash,19.04,Electronics,20000,16192.0,12962.04,3229.96
11101,2025-10-03 00:00:00,Tablet,Central,Returning,3,UPI,0.15,Electronics,20000,59910.0,42368.9,17541.1
11102,2025-10-03 06:00:00,Mobile Phone,North,VIP,4,Cash,14.82,Electronics,30000,102216.0,78619.73,23596.27
11103,2025-10-03 12:00:00,Headphones,Central,Returning,1,Cash,5.44,Accessories,2500,2364.0,1901.75,462.25
11104,2025-10-03 18:00:00,Laptop,West,VIP,1,Net Banking,14.1,Electronics,60000,51540.0,37543.37,13996.63
11105,2025-10-04 00:00:00,Mouse,Central,New,5,UPI,19.61,Accessories,800,3215.6,2148.72,1066.88
11106,2025-10-04 06:00:00,Headphones,South,Returning,1,Cash,0.79,Accessories,2500,2480.25,1618.43,861.82
11107,2025-10-04 12:00:00,Keyboard,Central,Returning,2,Cash,11.34,Accessories,1500,2659.8,1792.23,867.57
11108,2025-10-04 18:00:00,Mouse,East,VIP,2,Credit Card,14.7,Accessories,800,1364.8,1108.24,256.56
11109,2025-10-05 00:00:00,Mouse,West,VIP,3,Credit Card,5.07,Accessories,800,2278.32,1583.68,694.64
11110,2025-10-05 06:00:00,Tablet,South,VIP,1,UPI,4.5,Electronics,20000,19100.0,12828.82,6271.18
11111,2025-10-05 12:00:00,Laptop,Central,VIP,5,Net Banking,1.21,Electronics,60000,296370.0,237532.2,58837.8
11112,2025-10-05 18:00:00,Laptop,West,Returning,5,UPI,1.88,Electronics,60000,294360.0,178965.02,115394.98
11113,2025-10-06 00:00:00,Smart Watch,West,New,4,UPI,13.13,Wearables,5000,17374.0,13004.26,4369.74
11114,2025-10-06 06:00:00,Monitor,South,New,3,Credit Card,10.1,Electronics,12000,32364.0,26486.95,5877.05
11115,2025-10-06 12:00:00,Monitor,Central,New,5,Credit Card,0.6,Electronics,12000,59640.0,41898.35,17741.65
11116,2025-10-06 18:00:00,Monitor,West,New,4,Net Banking,19.39,Electronics,12000,38692.8,25820.85,12871.95
11117,2025-10-07 00:00:00,Monitor,West,VIP,5,Cash,13.12,Electronics,12000,52128.0,37684.75,14443.25
11118,2025-10-07 06:00:00,Keyboard,North,Returning,4,Net Banking,10.31,Accessories,1500,5381.4,4194.1,1187.3
11119,2025-10-07 12:00:00,Keyboard,West,Returning,2,Cash,5.45,Accessories,1500,2836.5,2068.24,768.26
11120,2025-10-07 18:00:00,Mouse,North,Returning,2,Debit Card,13.16,Accessories,800,1389.44,836.32,553.12
11121,2025-10-08 00:00:00,Mobile Phone,Central,VIP,5,Credit Card,7.28,Electronics,30000,139080.0,86171.34,52908.66
11122,2025-10-08 06:00:00,Tablet,Central,Returning,3,Debit Card,14.05,Electronics,20000,51570.0,40241.73,11328.27
11123,2025-10-08 12:00:00,Tablet,Central,VIP,1,Debit Card,13.65,Electronics,20000,17270.0,12088.79,5181.21
11124,2025-10-08 18:00:00,Monitor,East,Returning,3,Credit Card,1.85,Electronics,12000,35334.0,28132.72,7201.28
11125,2025-10-09 00:00:00,Mouse,Central,New,3,Debit Card,18.19,Accessories,800,1963.44,1496.87,466.57
11126,2025-10-09 06:00:00,Smart Watch,West,VIP,1,UPI,9.74,Wearables,5000,4513.0,3363.9,1149.1
11127,2025-10-09 12:00:00,Headphones,South,Returning,2,Cash,7.86,Accessories,2500,4607.0,3802.36,804.64
11128,2025-10-09 18:00:00,Mobile Phone,North,New,2,Net Banking,19.11,Electronics,30000,48534.0,29379.11,19154.89
11129,2025-10-10 00:00:00,Mouse,East,New,1,Credit Card,8.76,Accessories,800,729.92,466.24,263.68
11130,2025-10-10 06:00:00,Mobile Phone,Central,New,4,UPI,14.42,Electronics,30000,102696.0,77647.83,25048.17
11131,2025-10-10 12:00:00,Mobile Phone,Central,VIP,3,Net Banking,13.1,Electronics,30000,78210.0,48213.1,29996.9
11132,2025-10-10 18:00:00,Mobile Phone,South,VIP,5,Net Banking,3.3,Electronics,30000,145050.0,110418.24,34631.76
11133,2025-10-11 00:00:00,Mouse,South,Returning,2,Net Banking,19.82,Accessories,800,1282.88,1085.36,197.52
11134,2025-10-11 06:00:00,Monitor,East,New,5,Debit Card,9.27,Electronics,12000,54438.0,44622.94,9815.06
11135,2025-10-11 12:00:00,Tablet,North,Returning,1,Debit Card,7.9,Electronics,20000,18420.0,13773.17,4646.83
11136,2025-10-11 18:00:00,Tablet,Central,Returning,5,Debit Card,18.39,Electronics,20000,81610.0,67205.36,14404.64
11137,2025-10-12 00:00:00,Monitor,East,New,5,Debit Card,10.58,Electronics,12000,53652.0,33750.7,19901.3
11138,2025-10-12 06:00:00,Mobile Phone,West,Returning,3,UPI,14.1,Electronics,30000,77310.0,55174.1,22135.9
11139,2025-10-12 12:00:00,Headphones,West,VIP,1,Debit Card,16.92,Accessories,2500,2077.0,1468.79,608.21
11140,2025-10-12 18:00:00,Laptop,East,Returning,5,Credit Card,4.71,Electronics,60000,285870.0,195567.07,90302.93
11141,2025-10-13 00:00:00,Mouse,Central,New,2,Net Banking,3.39,Accessories,800,1545.76,927.53,618.23
11142,2025-10-13 06:00:00,Laptop,East,VIP,1,UPI,1.37,Electronics,60000,59178.0,48689.13,10488.87
11143,2025-10-13 12:00:00,Smart Watch,Central,VIP,2,Debit Card,17.94,Wearables,5000,8206.0,6519.07,1686.93
11144,2025-10-13 18:00:00,Monitor,South,Returning,4,Net Banking,4.01,Electronics,12000,46075.2,35165.26,10909.94
11145,2025-10-14 00:00:00,Headphones,East,Returning,5,UPI,6.16,Accessories,2500,11730.0,7416.2,4313.8
11146,2025-10-14 06:00:00,Mouse,Central,VIP,1,Net Banking,5.72,Accessories,800,754.24,523.86,230.38
11147,2025-10-14 12:00:00,Monitor,East,Returning,2,UPI,6.09,Electronics,12000,22538.4,18731.25,3807.15
11148,2025-10-14 18:00:00,Mobile Phone,East,New,5,Cash,13.36,Electronics,30000,129960.0,98020.04,31939.96
11149,2025-10-15 00:00:00,Tablet,Central,Returning,3,UPI,19.08,Electronics,20000,48552.0,36455.4,12096.6
11150,2025-10-15 06:00:00,Laptop,Central,Returning,2,Debit Card,6.59,Electronics,60000,112092.0,92843.75,19248.25
11151,2025-10-15 12:00:00,Keyboard,North,VIP,2,Net Banking,8.15,Accessories,1500,2755.5,2038.96,716.54
11152,2025-10-15 18:00:00,Keyboard,East,Returning,4,Net Banking,15.42,Accessories,1500,5074.8,3803.08,1271.72
11153,2025-10-16 00:00:00,Headphones,West,Returning,3,Net Banking,8.65,Accessories,2500,6851.25,4702.9,2148.35
11154,2025-10-16 06:00:00,Mobile Phone,East,Returning,4,Credit Card,18.52,Electronics,30000,97776.0,67745.1,30030.9
11155,2025-10-16 12:00:00,Smart Watch,East,New,3,Credit Card,10.06,Wearables,5000,13491.0,10406.98,3084.02
11156,2025-10-16 18:00:00,Laptop,Central,Returning,2,Debit Card,6.95,Electronics,60000,111660.0,75940.95,35719.05
11157,2025-10-17 00:00:00,Mobile Phone,East,New,4,Cash,19.43,Electronics,30000,96684.0,71524.6,25159.4
11158,2025-10-17 06:00:00,Laptop,East,New,5,Credit Card,8.52,Electronics,60000,274440.0,183819.68,90620.32
11159,2025-10-17 12:00:00,Headphones,West,New,3,UPI,4.62,Accessories,2500,7153.5,4589.19,2564.31
11160,2025-10-17 18:00:00,Headphones,Central,New,2,Debit Card,3.55,Accessories,2500,4822.5,3441.34,1381.16
11161,2025-10-18 00:00:00,Smart Watch,East,VIP,1,Cash,19.9,Wearables,5000,4005.0,2620.72,1384.28
11162,2025-10-18 06:00:00,Keyboard,South,New,3,UPI,15.06,Accessories,1500,3822.3,3151.96,670.34
11163,2025-10-18 12:00:00,Mobile Phone,North,Returning,3,Net Banking,8.17,Electronics,30000,82647.0,55861.38,26785.62
11164,2025-10-18 18:00:00,Mouse,West,New,5,Credit Card,16.53,Accessories,800,3338.8,2501.93,836.87
11165,2025-10-19 00:00:00,Keyboard,East,Returning,3,UPI,10.94,Accessories,1500,4007.7,2668.57,1339.13
11166,2025-10-19 06:00:00,Mobile Phone,South,New,3,Cash,6.35,Electronics,30000,84285.0,56007.79,28277.21
11167,2025-10-19 12:00:00,Keyboard,East,VIP,5,Debit Card,14.87,Accessories,1500,6384.75,4390.53,1994.22
11168,2025-10-19 18:00:00,Mouse,East,New,5,UPI,14.92,Accessories,800,3403.2,2821.15,582.05
11169,2025-10-20 00:00:00,Tablet,Central,New,4,Debit Card,10.0,Electronics,20000,72000.0,50246.96,21753.04
11170,2025-10-20 06:00:00,Tablet,Central,VIP,2,Net Banking,0.9,Electronics,20000,39640.0,31922.75,7717.25
11171,2025-10-20 12:00:00,Smart Watch,Central,New,2,Cash,1.54,Wearables,5000,9846.0,6393.25,3452.75
11172,2025-10-20 18:00:00,Tablet,South,Returning,4,Cash,15.77,Electronics,20000,67384.0,41241.86,26142.14
11173,2025-10-21 00:00:00,Tablet,East,New,2,Credit Card,16.47,Electronics,20000,33412.0,26576.56,6835.44
11174,2025-10-21 06:00:00,Monitor,North,New,3,Cash,13.57,Electronics,12000,31114.8,22883.96,8230.84
11175,2025-10-21 12:00:00,Laptop,West,New,4,UPI,16.78,Electronics,60000,199728.0,144988.84,54739.16
11176,2025-10-21 18:00:00,Monitor,Central,VIP,4,UPI,14.39,Electronics,12000,41092.8,27452.11,13640.69
11177,2025-10-22 00:00:00,Monitor,Central,New,2,UPI,17.94,Electronics,12000,19694.4,12172.7,7521.7
11178,2025-10-22 06:00:00,Smart Watch,East,New,1,Net Banking,3.01,Wearables,5000,4849.5,3495.11,1354.39
11179,2025-10-22 12:00:00,Monitor,East,Returning,2,Cash,7.75,Electronics,12000,22140.0,18084.1,4055.9
11180,2025-10-22 18:00:00,Tablet,South,New,1,Cash,9.28,Electronics,20000,18144.0,11430.82,6713.18
11181,2025-10-23 00:00:00,Mouse,South,New,4,UPI,5.95,Accessories,800,3009.6,2504.87,504.73
11182,2025-10-23 06:00:00,Smart Watch,Central,New,1,Credit Card,14.51,Wearables,5000,4274.5,2858.28,1416.22
11183,2025-10-23 12:00:00,Smart Watch,East,New,3,Credit Card,18.25,Wearables,5000,12262.5,8988.98,3273.52
11184,2025-10-23 18:00:00,Headphones,North,Returning,5,Cash,8.25,Accessories,2500,11468.75,7071.94,4396.81
11185,2025-10-24 00:00:00,Smart Watch,West,Returning,1,Cash,18.83,Wearables,5000,4058.5,2866.36,1192.14
11186,2025-10-24 06:00:00,Headphones,East,VIP,5,Debit Card,10.34,Accessories,2500,11207.5,7077.25,4130.25
11187,2025-10-24 12:00:00,Smart Watch,East,New,3,Cash,10.45,Wearables,5000,13432.5,8220.6,5211.9
11188,2025-10-24 18:00:00,Laptop,South,VIP,5,UPI,12.0,Electronics,60000,264000.0,222192.81,41807.19
11189,2025-10-25 00:00:00,Tablet,West,VIP,3,Net Banking,5.37,Electronics,20000,56778.0,44430.13,12347.87
11190,2025-10-25 06:00:00,Smart Watch,Central,New,5,Cash,7.67,Wearables,5000,23082.5,17998.91,5083.59
11191,2025-10-25 12:00:00,Tablet,East,Returning,5,Cash,11.06,Electronics,20000,88940.0,55377.37,33562.63
11192,2025-10-25 18:00:00,Tablet,Central,Returning,2,UPI,18.84,Electronics,20000,32464.0,27021.01,5442.99
11193,2025-10-26 00:00:00,Keyboard,East,New,1,Debit Card,12.85,Accessories,1500,1307.25,937.78,369.47
11194,2025-10-26 06:00:00,Smart Watch,Central,New,5,Cash,6.66,Wearables,5000,23335.0,18973.01,4361.99
11195,2025-10-26 12:00:00,Mobile Phone,West,Returning,4,Credit Card,0.21,Electronics,30000,119748.0,72226.04,47521.96
11196,2025-10-26 18:00:00,Keyboard,South,New,2,Credit Card,19.63,Accessories,1500,2411.1,1626.41,784.69
11197,2025-10-27 00:00:00,Mobile Phone,West,New,1,Credit Card,9.86,Electronics,30000,27042.0,22958.98,4083.02
11198,2025-10-27 06:00:00,Tablet,North,New,2,Net Banking,18.77,Electronics,20000,32492.0,22970.53,9521.47
11199,2025-10-27 12:00:00,Tablet,South,Returning,1,Net Banking,10.99,Electronics,20000,17802.0,14635.44,3166.56
11200,2025-10-27 18:00:00,Keyboard,West,VIP,3,Cash,12.11,Accessories,1500,3955.05,2697.34,1257.71
11201,2025-10-28 00:00:00,Keyboard,North,VIP,5,Cash,14.24,Accessories,1500,6432.0,4703.93,1728.07
11202,2025-10-28 06:00:00,Mobile Phone,East,New,4,Cash,6.42,Electronics,30000,112296.0,91358.95,20937.05
11203,2025-10-28 12:00:00,Headphones,East,Returning,2,Net Banking,13.98,Accessories,2500,4301.0,3232.01,1068.99
11204,2025-10-28 18:00:00,Mobile Phone,Central,New,2,Cash,10.54,Electronics,30000,53676.0,41936.96,11739.04
11205,2025-10-29 00:00:00,Keyboard,South,Returning,2,UPI,13.45,Accessories,1500,2596.5,1706.44,890.06
11206,2025-10-29 06:00:00,Mouse,East,New,2,Debit Card,16.72,Accessories,800,1332.48,851.42,481.06
11207,2025-10-29 12:00:00,Keyboard,South,Returning,5,Credit Card,3.68,Accessories,1500,7224.0,4750.33,2473.67
11208,2025-10-29 18:00:00,Mouse,East,Returning,1,Credit Card,12.27,Accessories,800,701.84,507.61,194.23
11209,2025-10-30 00:00:00,Laptop,Central,VIP,5,UPI,1.04,Electronics,60000,296880.0,237575.6,59304.4
11210,2025-10-30 06:00:00,Keyboard,West,New,3,Cash,2.04,Accessories,1500,4408.2,3035.04,1373.16
11211,2025-10-30 12:00:00,Laptop,Central,VIP,5,Net Banking,13.49,Electronics,60000,259530.0,192364.66,67165.34
11212,2025-10-30 18:00:00,Headphones,North,VIP,5,Cash,1.42,Accessories,2500,12322.5,9872.83,2449.67
11213,2025-10-31 00:00:00,Mobile Phone,East,Returning,3,Cash,11.91,Electronics,30000,79281.0,52301.21,26979.79
11214,2025-10-31 06:00:00,Mouse,North,New,5,Credit Card,4.4,Accessories,800,3824.0,3138.52,685.48
11215,2025-10-31 12:00:00,Mobile Phone,North,Returning,1,Credit Card,6.08,Electronics,30000,28176.0,23619.11,4556.89
11216,2025-10-31 18:00:00,Laptop,South,Returning,4,Net Banking,2.59,Electronics,60000,233784.0,142548.05,91235.95
11217,2025-11-01 00:00:00,Mouse,East,Returning,3,Credit Card,4.97,Accessories,800,2280.72,1402.14,878.58
11218,2025-11-01 06:00:00,Mobile Phone,North,New,2,Cash,16.43,Electronics,30000,50142.0,31225.43,18916.57
11219,2025-11-01 12:00:00,Keyboard,West,New,1,UPI,12.78,Accessories,1500,1308.3,1039.04,269.26
11220,2025-11-01 18:00:00,Tablet,North,Returning,4,Net Banking,19.0,Electronics,20000,64800.0,41947.26,22852.74
11221,2025-11-02 00:00:00,Laptop,West,New,1,UPI,0.97,Electronics,60000,59418.0,46430.65,12987.35
11222,2025-11-02 06:00:00,Mobile Phone,South,Returning,1,Cash,15.85,Electronics,30000,25245.0,17932.0,7313.0
11223,2025-11-02 12:00:00,Laptop,North,New,2,Net Banking,13.98,Electronics,60000,103224.0,83514.8,19709.2
11224,2025-11-02 18:00:00,Monitor,Central,New,4,UPI,5.22,Electronics,12000,45494.4,36492.83,9001.57
11225,2025-11-03 00:00:00,Laptop,South,VIP,1,Net Banking,14.58,Electronics,60000,51252.0,43047.36,8204.64
11226,2025-11-03 06:00:00,Mouse,West,Returning,2,Cash,14.33,Accessories,800,1370.72,908.46,462.26
11227,2025-11-03 12:00:00,Monitor,South,VIP,3,Net Banking,9.19,Electronics,12000,32691.6,21488.51,11203.09
11228,2025-11-03 18:00:00,Smart Watch,North,VIP,2,Cash,13.77,Wearables,5000,8623.0,5241.72,3381.28
11229,2025-11-04 00:00:00,Mouse,East,Returning,5,Net Banking,8.89,Accessories,800,3644.4,2560.57,1083.83
11230,2025-11-04 06:00:00,Tablet,East,Returning,2,Net Banking,6.71,Electronics,20000,37316.0,26672.2,10643.8
11231,2025-11-04 12:00:00,Monitor,West,New,2,Credit Card,9.33,Electronics,12000,21760.8,18303.63,3457.17
11232,2025-11-04 18:00:00,Smart Watch,West,Returning,2,Cash,17.9,Wearables,5000,8210.0,6631.19,1578.81
11233,2025-11-05 00:00:00,Keyboard,East,VIP,1,Debit Card,7.69,Accessories,1500,1384.65,888.53,496.12
11234,2025-11-05 06:00:00,Laptop,West,VIP,4,Net Banking,8.07,Electronics,60000,220632.0,176422.28,44209.72
11235,2025-11-05 12:00:00,Mobile Phone,South,Returning,2,UPI,12.17,Electronics,30000,52698.0,33967.8,18730.2
11236,2025-11-05 18:00:00,Headphones,Central,VIP,2,Credit Card,15.06,Accessories,2500,4247.0,2630.77,1616.23
11237,2025-11-06 00:00:00,Laptop,Central,New,5,Credit Card,14.69,Electronics,60000,255930.0,207116.65,48813.35
11238,2025-11-06 06:00:00,Smart Watch,South,VIP,5,Net Banking,0.4,Wearables,5000,24900.0,21015.35,3884.65
11239,2025-11-06 12:00:00,Laptop,Central,New,3,Debit Card,13.75,Electronics,60000,155250.0,96570.1,58679.9
11240,2025-11-06 18:00:00,Tablet,North,VIP,3,Credit Card,9.01,Electronics,20000,54594.0,43865.25,10728.75
11241,2025-11-07 00:00:00,Keyboard,South,New,5,Cash,10.48,Accessories,1500,6714.0,5470.59,1243.41
11242,2025-11-07 06:00:00,Headphones,West,New,4,Net Banking,11.23,Accessories,2500,8877.0,5589.75,3287.25
11243,2025-11-07 12:00:00,Monitor,South,Returning,3,Net Banking,14.63,Electronics,12000,30733.2,20616.24,10116.96
11244,2025-11-07 18:00:00,Monitor,East,New,4,Debit Card,16.63,Electronics,12000,40017.6,31350.39,8667.21
11245,2025-11-08 00:00:00,Monitor,West,Returning,5,Cash,12.93,Electronics,12000,52242.0,41894.56,10347.44
11246,2025-11-08 06:00:00,Smart Watch,East,VIP,3,Cash,11.28,Wearables,5000,13308.0,9162.47,4145.53
11247,2025-11-08 12:00:00,Mouse,West,VIP,2,Debit Card,7.48,Accessories,800,1480.32,947.38,532.94
11248,2025-11-08 18:00:00,Mouse,Central,VIP,5,UPI,2.76,Accessories,800,3889.6,2964.21,925.39
11249,2025-11-09 00:00:00,Mobile Phone,South,New,3,Cash,19.17,Electronics,30000,72747.0,56414.73,16332.27
11250,2025-11-09 06:00:00,Headphones,North,VIP,4,UPI,9.24,Accessories,2500,9076.0,6588.29,2487.71
11251,2025-11-09 12:00:00,Monitor,West,VIP,4,UPI,11.32,Electronics,12000,42566.4,27082.24,15484.16
11252,2025-11-09 18:00:00,Mouse,West,Returning,3,Net Banking,15.02,Accessories,800,2039.52,1654.3,385.22
11253,2025-11-10 00:00:00,Smart Watch,East,Returning,4,Net Banking,1.37,Wearables,5000,19726.0,15017.73,4708.27
11254,2025-11-10 06:00:00,Mobile Phone,Central,VIP,3,Credit Card,17.1,Electronics,30000,74610.0,60978.09,13631.91
11255,2025-11-10 12:00:00,Keyboard,East,VIP,3,Net Banking,15.94,Accessories,1500,3782.7,3151.91,630.79
11256,2025-11-10 18:00:00,Mobile Phone,East,New,4,Cash,15.49,Electronics,30000,101412.0,81274.06,20137.94
11257,2025-11-11 00:00:00,Mouse,Central,New,1,Cash,0.44,Accessories,800,796.48,668.78,127.7
11258,2025-11-11 06:00:00,Tablet,North,VIP,2,UPI,10.53,Electronics,20000,35788.0,30010.54,5777.46
11259,2025-11-11 12:00:00,Smart Watch,East,Returning,5,Cash,1.09,Wearables,5000,24727.5,18665.21,6062.29
11260,2025-11-11 18:00:00,Tablet,East,VIP,2,Net Banking,11.02,Electronics,20000,35592.0,27834.49,7757.51
11261,2025-11-12 00:00:00,Monitor,West,New,5,Net Banking,14.37,Electronics,12000,51378.0,39810.35,11567.65
11262,2025-11-12 06:00:00,Tablet,Central,Returning,5,Net Banking,2.44,Electronics,20000,97560.0,73685.51,23874.49
11263,2025-11-12 12:00:00,Monitor,South,Returning,2,Debit Card,13.9,Electronics,12000,20664.0,12498.39,8165.61
11264,2025-11-12 18:00:00,Monitor,North,New,3,Cash,8.99,Electronics,12000,32763.6,22573.36,10190.24
11265,2025-11-13 00:00:00,Mouse,North,VIP,4,Credit Card,16.23,Accessories,800,2680.64,1675.45,1005.19
11266,2025-11-13 06:00:00,Tablet,Central,VIP,1,Cash,10.67,Electronics,20000,17866.0,12060.71,5805.29
11267,2025-11-13 12:00:00,Monitor,West,VIP,1,Cash,6.72,Electronics,12000,11193.6,6908.03,4285.57
11268,2025-11-13 18:00:00,Headphones,West,New,1,Debit Card,6.64,Accessories,2500,2334.0,1937.24,396.76
11269,2025-11-14 00:00:00,Keyboard,Central,Returning,2,Cash,17.95,Accessories,1500,2461.5,1754.64,706.86
11270,2025-11-14 06:00:00,Mobile Phone,West,New,2,UPI,9.06,Electronics,30000,54564.0,35321.52,19242.48
11271,2025-11-14 12:00:00,Mobile Phone,North,VIP,3,Net Banking,8.12,Electronics,30000,82692.0,61704.34,20987.66
11272,2025-11-14 18:00:00,Mouse,North,New,1,Net Banking,0.8,Accessories,800,793.6,515.14,278.46
11273,2025-11-15 00:00:00,Tablet,South,Returning,3,Debit Card,7.29,Electronics,20000,55626.0,44562.55,11063.45
11274,2025-11-15 06:00:00,Tablet,Central,New,1,Net Banking,16.99,Electronics,20000,16602.0,11230.92,5371.08
11275,2025-11-15 12:00:00,Monitor,East,VIP,2,UPI,15.22,Electronics,12000,20347.2,13810.16,6537.04
11276,2025-11-15 18:00:00,Smart Watch,East,Returning,4,Debit Card,4.42,Wearables,5000,19116.0,15627.1,3488.9
11277,2025-11-16 00:00:00,Laptop,South,New,4,Credit Card,8.26,Electronics,60000,220176.0,162886.36,57289.64
11278,2025-11-16 06:00:00,Monitor,South,New,4,Net Banking,3.93,Electronics,12000,46113.6,37897.33,8216.27
11279,2025-11-16 12:00:00,Keyboard,West,Returning,4,Cash,19.08,Accessories,1500,4855.2,3414.28,1440.92
11280,2025-11-16 18:00:00,Headphones,South,Returning,5,UPI,11.96,Accessories,2500,11005.0,7549.23,3455.77
11281,2025-11-17 00:00:00,Mobile Phone,South,VIP,1,UPI,15.09,Electronics,30000,25473.0,18507.43,6965.57
11282,2025-11-17 06:00:00,Monitor,East,Returning,4,Net Banking,14.28,Electronics,12000,41145.6,25319.89,15825.71
11283,2025-11-17 12:00:00,Laptop,West,VIP,5,Credit Card,17.47,Electronics,60000,247590.0,158098.64,89491.36
11284,2025-11-17 18:00:00,Laptop,South,New,5,Cash,18.99,Electronics,60000,243030.0,159155.59,83874.41
11285,2025-11-18 00:00:00,Monitor,South,VIP,5,Credit Card,0.65,Electronics,12000,59610.0,47936.53,11673.47
11286,2025-11-18 06:00:00,Mouse,West,New,3,Credit Card,19.51,Accessories,800,1931.76,1513.44,418.32
11287,2025-11-18 12:00:00,Mobile Phone,Central,Returning,3,Net Banking,17.41,Electronics,30000,74331.0,48190.78,26140.22
11288,2025-11-18 18:00:00,Mouse,West,New,5,Cash,7.66,Accessories,800,3693.6,2471.71,1221.89
11289,2025-11-19 00:00:00,Headphones,East,Returning,4,Net Banking,16.74,Accessories,2500,8326.0,6961.08,1364.92
11290,2025-11-19 06:00:00,Laptop,Central,New,1,Net Banking,14.73,Electronics,60000,51162.0,31794.66,19367.34
11291,2025-11-19 12:00:00,Laptop,North,New,2,UPI,15.86,Electronics,60000,100968.0,74399.66,26568.34
11292,2025-11-19 18:00:00,Keyboard,West,New,3,Net Banking,4.41,Accessories,1500,4301.55,3142.29,1159.26
11293,2025-11-20 00:00:00,Headphones,East,New,4,Debit Card,12.97,Accessories,2500,8703.0,6800.76,1902.24
11294,2025-11-20 06:00:00,Laptop,Central,VIP,4,Cash,0.52,Electronics,60000,238752.0,158855.75,79896.25
11295,2025-11-20 12:00:00,Headphones,West,New,2,UPI,16.96,Accessories,2500,4152.0,3461.49,690.51
11296,2025-11-20 18:00:00,Mobile Phone,South,VIP,2,Cash,19.02,Electronics,30000,48588.0,34140.15,14447.85
11297,2025-11-21 00:00:00,Tablet,West,Returning,4,UPI,13.24,Electronics,20000,69408.0,46602.61,22805.39
11298,2025-11-21 06:00:00,Laptop,North,Returning,2,Debit Card,10.25,Electronics,60000,107700.0,73690.21,34009.79
11299,2025-11-21 12:00:00,Keyboard,West,VIP,4,Net Banking,14.51,Accessories,1500,5129.4,3524.82,1604.58
11300,2025-11-21 18:00:00,Mobile Phone,Central,Returning,2,UPI,6.53,Electronics,30000,56082.0,36438.28,19643.72
11301,2025-11-22 00:00:00,Monitor,Central,Returning,2,UPI,12.53,Electronics,12000,20992.8,17466.29,3526.51
11302,2025-11-22 06:00:00,Headphones,West,New,4,UPI,14.38,Accessories,2500,8562.0,5511.52,3050.48
11303,2025-11-22 12:00:00,Monitor,Central,New,5,Debit Card,2.85,Electronics,12000,58290.0,47839.08,10450.92
11304,2025-11-22 18:00:00,Mouse,South,New,4,Cash,2.8,Accessories,800,3110.4,2181.11,929.29
11305,2025-11-23 00:00:00,Mobile Phone,West,VIP,1,Debit Card,14.32,Electronics,30000,25704.0,17152.77,8551.23
11306,2025-11-23 06:00:00,Monitor,South,VIP,2,UPI,8.64,Electronics,12000,21926.4,14243.99,7682.41
11307,2025-11-23 12:00:00,Smart Watch,South,Returning,3,UPI,17.78,Wearables,5000,12333.0,8954.81,3378.19
11308,2025-11-23 18:00:00,Smart Watch,East,New,2,Net Banking,6.24,Wearables,5000,9376.0,7194.34,2181.66
11309,2025-11-24 00:00:00,Laptop,West,VIP,1,Debit Card,0.85,Electronics,60000,59490.0,49052.79,10437.21
11310,2025-11-24 06:00:00,Headphones,Central,VIP,3,Debit Card,13.0,Accessories,2500,6525.0,4979.3,1545.7
11311,2025-11-24 12:00:00,Tablet,South,New,3,Credit Card,13.68,Electronics,20000,51792.0,37337.66,14454.34
11312,2025-11-24 18:00:00,Mobile Phone,East,VIP,4,Cash,11.07,Electronics,30000,106716.0,64922.71,41793.29
11313,2025-11-25 00:00:00,Laptop,West,New,5,Credit Card,13.67,Electronics,60000,258990.0,214665.6,44324.4
11314,2025-11-25 06:00:00,Keyboard,West,Returning,4,Credit Card,10.48,Accessories,1500,5371.2,4434.42,936.78
11315,2025-11-25 12:00:00,Mouse,North,Returning,3,Cash,13.85,Accessories,800,2067.6,1436.32,631.28
11316,2025-11-25 18:00:00,Headphones,North,Returning,3,Net Banking,0.88,Accessories,2500,7434.0,4514.36,2919.64
11317,2025-11-26 00:00:00,Mobile Phone,South,New,5,Net Banking,7.37,Electronics,30000,138945.0,108841.51,30103.49
11318,2025-11-26 06:00:00,Smart Watch,North,VIP,2,Cash,4.22,Wearables,5000,9578.0,7642.48,1935.52
11319,2025-11-26 12:00:00,Mobile Phone,South,Returning,5,Cash,1.99,Electronics,30000,147015.0,108146.65,38868.35
11320,2025-11-26 18:00:00,Tablet,Central,Returning,4,Debit Card,4.68,Electronics,20000,76256.0,53434.01,22821.99
11321,2025-11-27 00:00:00,Smart Watch,South,Returning,2,Debit Card,3.83,Wearables,5000,9617.0,7816.54,1800.46
11322,2025-11-27 06:00:00,Tablet,North,VIP,4,Debit Card,19.46,Electronics,20000,64432.0,41760.25,22671.75
11323,2025-11-27 12:00:00,Keyboard,Central,VIP,5,Debit Card,5.73,Accessories,1500,7070.25,5019.1,2051.15
11324,2025-11-27 18:00:00,Mouse,North,New,2,UPI,4.62,Accessories,800,1526.08,924.99,601.09
11325,2025-11-28 00:00:00,Keyboard,South,Returning,5,UPI,16.7,Accessories,1500,6247.5,4004.66,2242.84
11326,2025-11-28 06:00:00,Laptop,East,VIP,1,Net Banking,8.38,Electronics,60000,54972.0,45913.04,9058.96
11327,2025-11-28 12:00:00,Laptop,West,New,3,UPI,8.43,Electronics,60000,164826.0,122716.39,42109.61
11328,2025-11-28 18:00:00,Keyboard,North,Returning,2,UPI,8.87,Accessories,1500,2733.9,2190.94,542.96
11329,2025-11-29 00:00:00,Mouse,South,VIP,3,Debit Card,8.33,Accessories,800,2200.08,1587.63,612.45
11330,2025-11-29 06:00:00,Keyboard,Central,VIP,1,Debit Card,6.53,Accessories,1500,1402.05,1133.85,268.2
11331,2025-11-29 12:00:00,Mouse,North,New,2,Cash,5.73,Accessories,800,1508.32,1108.22,400.1
11332,2025-11-29 18:00:00,Mouse,North,Returning,3,Debit Card,17.64,Accessories,800,1976.64,1188.23,788.41
11333,2025-11-30 00:00:00,Monitor,West,Returning,3,Cash,3.23,Electronics,12000,34837.2,28738.07,6099.13
11334,2025-11-30 06:00:00,Smart Watch,South,VIP,2,Cash,3.62,Wearables,5000,9638.0,6140.77,3497.23
11335,2025-11-30 12:00:00,Headphones,East,Returning,3,UPI,11.43,Accessories,2500,6642.75,4733.88,1908.87
11336,2025-11-30 18:00:00,Mouse,Central,New,3,Debit Card,6.87,Accessories,800,2235.12,1607.43,627.69
11337,2025-12-01 00:00:00,Tablet,South,VIP,2,UPI,8.43,Electronics,20000,36628.0,22409.34,14218.66
11338,2025-12-01 06:00:00,Mouse,Central,VIP,3,Debit Card,16.13,Accessories,800,2012.88,1234.43,778.45
11339,2025-12-01 12:00:00,Mouse,North,New,3,UPI,18.07,Accessories,800,1966.32,1554.65,411.67
11340,2025-12-01 18:00:00,Mouse,West,VIP,4,UPI,15.81,Accessories,800,2694.08,1818.81,875.27
11341,2025-12-02 00:00:00,Monitor,West,Returning,4,UPI,4.7,Electronics,12000,45744.0,32130.91,13613.09
11342,2025-12-02 06:00:00,Smart Watch,East,Returning,1,Net Banking,19.6,Wearables,5000,4020.0,2978.93,1041.07
11343,2025-12-02 12:00:00,Monitor,West,VIP,4,UPI,7.26,Electronics,12000,44515.2,30864.46,13650.74
11344,2025-12-02 18:00:00,Laptop,North,New,4,Credit Card,3.38,Electronics,60000,231888.0,184063.27,47824.73
11345,2025-12-03 00:00:00,Monitor,East,New,1,Credit Card,9.99,Electronics,12000,10801.2,8869.04,1932.16
11346,2025-12-03 06:00:00,Tablet,South,Returning,3,Credit Card,14.51,Electronics,20000,51294.0,31542.19,19751.81
11347,2025-12-03 12:00:00,Tablet,West,New,3,Cash,1.67,Electronics,20000,58998.0,44770.68,14227.32
11348,2025-12-03 18:00:00,Monitor,East,VIP,4,UPI,12.69,Electronics,12000,41908.8,28473.47,13435.33
11349,2025-12-04 00:00:00,Smart Watch,North,VIP,1,Credit Card,17.16,Wearables,5000,4142.0,3089.18,1052.82
11350,2025-12-04 06:00:00,Keyboard,Central,Returning,3,Cash,5.24,Accessories,1500,4264.2,3074.39,1189.81
11351,2025-12-04 12:00:00,Headphones,Central,Returning,5,Credit Card,13.86,Accessories,2500,10767.5,7358.72,3408.78
11352,2025-12-04 18:00:00,Smart Watch,North,Returning,2,Debit Card,8.0,Wearables,5000,9200.0,5738.08,3461.92
11353,2025-12-05 00:00:00,Monitor,North,New,2,Net Banking,8.28,Electronics,12000,22012.8,16286.39,5726.41
11354,2025-12-05 06:00:00,Mouse,Central,VIP,2,UPI,5.62,Accessories,800,1510.08,948.63,561.45
11355,2025-12-05 12:00:00,Mobile Phone,East,VIP,4,Net Banking,12.49,Electronics,30000,105012.0,67105.82,37906.18
11356,2025-12-05 18:00:00,Headphones,Central,VIP,2,Net Banking,7.22,Accessories,2500,4639.0,3922.48,716.52
11357,2025-12-06 00:00:00,Headphones,North,Returning,2,Debit Card,16.62,Accessories,2500,4169.0,2831.49,1337.51
11358,2025-12-06 06:00:00,Tablet,West,VIP,5,Debit Card,19.26,Electronics,20000,80740.0,60240.84,20499.16
11359,2025-12-06 12:00:00,Headphones,South,New,3,Debit Card,18.7,Accessories,2500,6097.5,4073.48,2024.02
11360,2025-12-06 18:00:00,Monitor,West,New,5,Cash,3.26,Electronics,12000,58044.0,47385.81,10658.19
11361,2025-12-07 00:00:00,Mouse,West,VIP,4,Credit Card,0.28,Accessories,800,3191.04,2140.66,1050.38
11362,2025-12-07 06:00:00,Mouse,North,Returning,2,UPI,8.77,Accessories,800,1459.68,1009.69,449.99
11363,2025-12-07 12:00:00,Laptop,Central,VIP,3,Debit Card,14.58,Electronics,60000,153756.0,115639.41,38116.59
11364,2025-12-07 18:00:00,Mouse,East,New,2,UPI,19.55,Accessories,800,1287.2,1052.28,234.92
11365,2025-12-08 00:00:00,Smart Watch,West,New,2,UPI,15.67,Wearables,5000,8433.0,6780.58,1652.42
11366,2025-12-08 06:00:00,Mouse,Central,New,4,UPI,11.61,Accessories,800,2828.48,1883.67,944.81
11367,2025-12-08 12:00:00,Tablet,East,VIP,2,Debit Card,0.53,Electronics,20000,39788.0,32124.38,7663.62
11368,2025-12-08 18:00:00,Mouse,West,New,1,Debit Card,16.51,Accessories,800,667.92,517.84,150.08
11369,2025-12-09 00:00:00,Laptop,East,Returning,3,Credit Card,3.54,Electronics,60000,173628.0,147142.29,26485.71
11370,2025-12-09 06:00:00,Mobile Phone,Central,VIP,3,Debit Card,1.11,Electronics,30000,89001.0,74214.54,14786.46
11371,2025-12-09 12:00:00,Monitor,South,VIP,1,Debit Card,17.01,Electronics,12000,9958.8,7302.63,2656.17
11372,2025-12-09 18:00:00,Tablet,Central,New,4,UPI,11.33,Electronics,20000,70936.0,55860.83,15075.17
11373,2025-12-10 00:00:00,Smart Watch,North,New,2,Credit Card,2.57,Wearables,5000,9743.0,7234.62,2508.38
11374,2025-12-10 06:00:00,Mobile Phone,East,Returning,2,Net Banking,7.73,Electronics,30000,55362.0,41452.23,13909.77
11375,2025-12-10 12:00:00,Tablet,South,VIP,3,Debit Card,1.71,Electronics,20000,58974.0,36880.88,22093.12
11376,2025-12-10 18:00:00,Keyboard,East,New,4,Debit Card,12.76,Accessories,1500,5234.4,3143.58,2090.82
11377,2025-12-11 00:00:00,Headphones,East,Returning,4,Net Banking,5.65,Accessories,2500,9435.0,5774.66,3660.34
11378,2025-12-11 06:00:00,Keyboard,West,New,4,UPI,17.32,Accessories,1500,4960.8,4175.3,785.5
11379,2025-12-11 12:00:00,Mouse,North,VIP,2,Credit Card,7.16,Accessories,800,1485.44,938.15,547.29
11380,2025-12-11 18:00:00,Mobile Phone,East,New,4,UPI,9.89,Electronics,30000,108132.0,66079.19,42052.81
11381,2025-12-12 00:00:00,Mouse,Central,VIP,1,Cash,1.27,Accessories,800,789.84,535.05,254.79
11382,2025-12-12 06:00:00,Headphones,Central,New,5,Debit Card,5.51,Accessories,2500,11811.25,8823.54,2987.71
11383,2025-12-12 12:00:00,Tablet,West,VIP,4,Cash,13.54,Electronics,20000,69168.0,57901.58,11266.42
11384,2025-12-12 18:00:00,Headphones,North,Returning,5,Debit Card,14.73,Accessories,2500,10658.75,8260.23,2398.52
11385,2025-12-13 00:00:00,Laptop,North,VIP,2,Cash,4.86,Electronics,60000,114168.0,76388.47,37779.53
11386,2025-12-13 06:00:00,Headphones,Central,Returning,4,Net Banking,10.08,Accessories,2500,8992.0,7506.2,1485.8
11387,2025-12-13 12:00:00,Laptop,South,VIP,3,Debit Card,16.35,Electronics,60000,150570.0,91698.68,58871.32
11388,2025-12-13 18:00:00,Headphones,West,Returning,2,Debit Card,7.6,Accessories,2500,4620.0,3902.81,717.19
11389,2025-12-14 00:00:00,Monitor,West,New,1,Cash,2.68,Electronics,12000,11678.4,7178.25,4500.15
11390,2025-12-14 06:00:00,Laptop,Central,VIP,1,Credit Card,8.64,Electronics,60000,54816.0,43220.36,11595.64
11391,2025-12-14 12:00:00,Mobile Phone,Central,New,5,Cash,12.01,Electronics,30000,131985.0,80685.65,51299.35
11392,2025-12-14 18:00:00,Mouse,South,Returning,5,Debit Card,0.15,Accessories,800,3994.0,3326.56,667.44
11393,2025-12-15 00:00:00,Smart Watch,South,VIP,3,Debit Card,6.97,Wearables,5000,13954.5,8751.79,5202.71
11394,2025-12-15 06:00:00,Mouse,North,VIP,3,Credit Card,12.15,Accessories,800,2108.4,1291.65,816.75
11395,2025-12-15 12:00:00,Keyboard,West,New,1,UPI,19.04,Accessories,1500,1214.4,998.62,215.78
11396,2025-12-15 18:00:00,Mouse,West,VIP,4,Credit Card,8.17,Accessories,800,2938.56,1833.51,1105.05
11397,2025-12-16 00:00:00,Tablet,Central,VIP,1,UPI,3.26,Electronics,20000,19348.0,15468.39,3879.61
11398,2025-12-16 06:00:00,Monitor,North,New,1,Debit Card,10.68,Electronics,12000,10718.4,8432.79,2285.61
11399,2025-12-16 12:00:00,Headphones,West,VIP,3,Net Banking,5.72,Accessories,2500,7071.0,5301.27,1769.73
11400,2025-12-16 18:00:00,Keyboard,North,New,5,Net Banking,4.3,Accessories,1500,7177.5,4984.71,2192.79
11401,2025-12-17 00:00:00,Tablet,North,New,3,Cash,11.81,Electronics,20000,52914.0,43860.16,9053.84
11402,2025-12-17 06:00:00,Tablet,Central,New,3,Credit Card,18.32,Electronics,20000,49008.0,40077.29,8930.71
11403,2025-12-17 12:00:00,Laptop,North,New,3,Credit Card,16.7,Electronics,60000,149940.0,105941.87,43998.13
11404,2025-12-17 18:00:00,Mouse,South,New,1,Net Banking,3.65,Accessories,800,770.8,507.13,263.67
11405,2025-12-18 00:00:00,Mobile Phone,South,Returning,4,UPI,15.32,Electronics,30000,101616.0,67894.01,33721.99
11406,2025-12-18 06:00:00,Smart Watch,East,Returning,1,Credit Card,4.6,Wearables,5000,4770.0,3124.74,1645.26
11407,2025-12-18 12:00:00,Mobile Phone,Central,New,2,UPI,5.81,Electronics,30000,56514.0,41555.48,14958.52
11408,2025-12-18 18:00:00,Keyboard,East,Returning,3,UPI,18.4,Accessories,1500,3672.0,3000.52,671.48
11409,2025-12-19 00:00:00,Monitor,South,Returning,3,UPI,18.22,Electronics,12000,29440.8,23358.42,6082.38
11410,2025-12-19 06:00:00,Mobile Phone,East,VIP,2,UPI,3.37,Electronics,30000,57978.0,46317.33,11660.67
11411,2025-12-19 12:00:00,Headphones,Central,New,3,Cash,1.28,Accessories,2500,7404.0,5272.18,2131.82
11412,2025-12-19 18:00:00,Mobile Phone,Central,Returning,3,Cash,5.86,Electronics,30000,84726.0,57665.47,27060.53
11413,2025-12-20 00:00:00,Keyboard,North,VIP,3,Net Banking,11.64,Accessories,1500,3976.2,3138.57,837.63
11414,2025-12-20 06:00:00,Smart Watch,West,VIP,2,Cash,17.54,Wearables,5000,8246.0,6582.98,1663.02
11415,2025-12-20 12:00:00,Mobile Phone,North,New,1,Credit Card,2.38,Electronics,30000,29286.0,22662.63,6623.37
11416,2025-12-20 18:00:00,Headphones,Central,New,3,Cash,8.3,Accessories,2500,6877.5,4181.7,2695.8
11417,2025-12-21 00:00:00,Laptop,South,VIP,4,Credit Card,5.43,Electronics,60000,226968.0,169640.69,57327.31
11418,2025-12-21 06:00:00,Monitor,South,New,2,Credit Card,0.3,Electronics,12000,23928.0,16432.83,7495.17
11419,2025-12-21 12:00:00,Keyboard,North,New,5,UPI,15.77,Accessories,1500,6317.25,4100.2,2217.05
11420,2025-12-21 18:00:00,Laptop,Central,VIP,2,Net Banking,16.27,Electronics,60000,100476.0,77728.11,22747.89
11421,2025-12-22 00:00:00,Laptop,South,VIP,1,UPI,4.42,Electronics,60000,57348.0,38258.66,19089.34
11422,2025-12-22 06:00:00,Laptop,Central,New,2,UPI,3.02,Electronics,60000,116376.0,96383.8,19992.2
11423,2025-12-22 12:00:00,Tablet,South,Returning,5,Cash,2.89,Electronics,20000,97110.0,65502.61,31607.39
11424,2025-12-22 18:00:00,Monitor,Central,New,4,Cash,9.28,Electronics,12000,43545.6,32171.28,11374.32
11425,2025-12-23 00:00:00,Smart Watch,East,Returning,5,Credit Card,4.93,Wearables,5000,23767.5,19178.96,4588.54
11426,2025-12-23 06:00:00,Mouse,Central,VIP,2,Cash,10.23,Accessories,800,1436.32,1006.18,430.14
11427,2025-12-23 12:00:00,Monitor,Central,Returning,5,Cash,7.7,Electronics,12000,55380.0,44700.77,10679.23
11428,2025-12-23 18:00:00,Tablet,North,VIP,2,Debit Card,4.22,Electronics,20000,38312.0,29918.76,8393.24
11429,2025-12-24 00:00:00,Mouse,East,New,4,Credit Card,15.02,Accessories,800,2719.36,2257.66,461.7
11430,2025-12-24 06:00:00,Monitor,West,New,4,Credit Card,3.01,Electronics,12000,46555.2,31725.44,14829.76
11431,2025-12-24 12:00:00,Laptop,North,VIP,1,Debit Card,15.98,Electronics,60000,50412.0,31570.87,18841.13
11432,2025-12-24 18:00:00,Keyboard,West,VIP,4,Credit Card,11.23,Accessories,1500,5326.2,3768.75,1557.45
11433,2025-12-25 00:00:00,Mouse,South,VIP,3,Net Banking,16.64,Accessories,800,2000.64,1593.42,407.22
11434,2025-12-25 06:00:00,Headphones,West,New,5,Net Banking,0.1,Accessories,2500,12487.5,8898.7,3588.8
11435,2025-12-25 12:00:00,Headphones,Central,New,5,Debit Card,14.98,Accessories,2500,10627.5,7072.57,3554.93
11436,2025-12-25 18:00:00,Mobile Phone,West,Returning,2,Cash,1.03,Electronics,30000,59382.0,36038.98,23343.02
11437,2025-12-26 00:00:00,Mouse,North,VIP,4,Net Banking,19.0,Accessories,800,2592.0,1758.04,833.96
11438,2025-12-26 06:00:00,Keyboard,North,Returning,1,Debit Card,14.05,Accessories,1500,1289.25,1003.48,285.77
11439,2025-12-26 12:00:00,Smart Watch,West,New,1,Net Banking,6.4,Wearables,5000,4680.0,2980.71,1699.29
11440,2025-12-26 18:00:00,Tablet,North,Returning,1,UPI,6.4,Electronics,20000,18720.0,12827.32,5892.68
11441,2025-12-27 00:00:00,Laptop,North,Returning,3,Debit Card,17.23,Electronics,60000,148986.0,90145.15,58840.85
11442,2025-12-27 06:00:00,Mobile Phone,West,New,4,Credit Card,18.06,Electronics,30000,98328.0,76738.98,21589.02
11443,2025-12-27 12:00:00,Headphones,East,New,1,Net Banking,17.83,Accessories,2500,2054.25,1684.84,369.41
11444,2025-12-27 18:00:00,Tablet,East,VIP,3,Credit Card,16.17,Electronics,20000,50298.0,37327.76,12970.24
11445,2025-12-28 00:00:00,Tablet,South,Returning,5,Debit Card,16.38,Electronics,20000,83620.0,50712.86,32907.14
11446,2025-12-28 06:00:00,Laptop,North,New,2,Net Banking,11.46,Electronics,60000,106248.0,69529.36,36718.64
11447,2025-12-28 12:00:00,Smart Watch,West,New,4,Credit Card,0.56,Wearables,5000,19888.0,14112.87,5775.13
11448,2025-12-28 18:00:00,Smart Watch,North,Returning,4,Cash,1.74,Wearables,5000,19652.0,14677.99,4974.01
11449,2025-12-29 00:00:00,Mouse,Central,New,5,Cash,12.99,Accessories,800,3480.4,2520.05,960.35
11450,2025-12-29 06:00:00,Headphones,North,VIP,4,UPI,8.02,Accessories,2500,9198.0,7624.83,1573.17
11451,2025-12-29 12:00:00,Smart Watch,North,VIP,4,Debit Card,11.35,Wearables,5000,17730.0,14798.51,2931.49
11452,2025-12-29 18:00:00,Keyboard,East,Returning,4,Credit Card,4.62,Accessories,1500,5722.8,3586.98,2135.82
11453,2025-12-30 00:00:00,Smart Watch,West,VIP,4,UPI,12.99,Wearables,5000,17402.0,11043.27,6358.73
11454,2025-12-30 06:00:00,Tablet,North,New,3,Debit Card,4.86,Electronics,20000,57084.0,39360.2,17723.8
11455,2025-12-30 12:00:00,Laptop,East,New,3,Cash,9.22,Electronics,60000,163404.0,115250.27,48153.73
11456,2025-12-30 18:00:00,Keyboard,South,New,2,Credit Card,9.57,Accessories,1500,2712.9,2025.23,687.67
11457,2025-12-31 00:00:00,Mouse,East,New,4,Net Banking,3.55,Accessories,800,3086.4,2448.41,637.99
11458,2025-12-31 06:00:00,Headphones,East,Returning,5,Cash,17.52,Accessories,2500,10310.0,6535.94,3774.06
11459,2025-12-31 12:00:00,Mouse,East,VIP,1,Net Banking,10.52,Accessories,800,715.84,573.14,142.7
11460,2025-12-31 18:00:00,Tablet,North,VIP,2,Net Banking,17.34,Electronics,20000,33064.0,24880.89,8183.11
11461,2026-01-01 00:00:00,Keyboard,North,New,1,Credit Card,5.25,Accessories,1500,1421.25,1201.27,219.98
11462,2026-01-01 06:00:00,Keyboard,South,Returning,1,Credit Card,3.45,Accessories,1500,1448.25,1104.71,343.54
11463,2026-01-01 12:00:00,Keyboard,Central,New,4,Net Banking,0.36,Accessories,1500,5978.4,4657.31,1321.09
11464,2026-01-01 18:00:00,Tablet,Central,New,5,UPI,1.88,Electronics,20000,98120.0,63660.47,34459.53
11465,2026-01-02 00:00:00,Tablet,Central,Returning,1,Net Banking,2.95,Electronics,20000,19410.0,15376.9,4033.1
11466,2026-01-02 06:00:00,Mouse,South,Returning,1,Net Banking,1.58,Accessories,800,787.36,488.02,299.34
11467,2026-01-02 12:00:00,Mobile Phone,Central,New,2,Credit Card,17.94,Electronics,30000,49236.0,37622.83,11613.17
11468,2026-01-02 18:00:00,Mouse,Central,VIP,5,Debit Card,18.23,Accessories,800,3270.8,2007.92,1262.88
11469,2026-01-03 00:00:00,Headphones,East,New,5,Cash,18.75,Accessories,2500,10156.25,6386.32,3769.93
11470,2026-01-03 06:00:00,Laptop,North,VIP,1,Credit Card,19.2,Electronics,60000,48480.0,30395.34,18084.66
11471,2026-01-03 12:00:00,Keyboard,North,VIP,5,UPI,9.84,Accessories,1500,6762.0,4145.92,2616.08
11472,2026-01-03 18:00:00,Mobile Phone,East,Returning,2,Cash,10.6,Electronics,30000,53640.0,36490.47,17149.53
11473,2026-01-04 00:00:00,Laptop,East,Returning,2,Credit Card,2.62,Electronics,60000,116856.0,99162.61,17693.39
11474,2026-01-04 06:00:00,Mobile Phone,East,New,2,Credit Card,2.74,Electronics,30000,58356.0,40093.86,18262.14
11475,2026-01-04 12:00:00,Smart Watch,North,VIP,4,Debit Card,15.46,Wearables,5000,16908.0,13360.6,3547.4
11476,2026-01-04 18:00:00,Smart Watch,Central,VIP,1,UPI,17.11,Wearables,5000,4144.5,2623.8,1520.7
11477,2026-01-05 00:00:00,Monitor,East,New,5,UPI,15.69,Electronics,12000,50586.0,36099.32,14486.68
11478,2026-01-05 06:00:00,Smart Watch,South,New,2,Credit Card,16.69,Wearables,5000,8331.0,5384.15,2946.85
11479,2026-01-05 12:00:00,Mouse,East,New,1,Debit Card,5.53,Accessories,800,755.76,489.75,266.01
11480,2026-01-05 18:00:00,Smart Watch,West,Returning,1,Credit Card,9.32,Wearables,5000,4534.0,2833.4,1700.6
11481,2026-01-06 00:00:00,Tablet,East,New,4,Net Banking,9.18,Electronics,20000,72656.0,51441.25,21214.75
11482,2026-01-06 06:00:00,Keyboard,North,New,5,Net Banking,19.91,Accessories,1500,6006.75,3717.48,2289.27
11483,2026-01-06 12:00:00,Mouse,East,VIP,5,Debit Card,18.98,Accessories,800,3240.8,2681.61,559.19
11484,2026-01-06 18:00:00,Laptop,West,New,2,Credit Card,11.97,Electronics,60000,105636.0,75210.2,30425.8
11485,2026-01-07 00:00:00,Monitor,South,VIP,2,Debit Card,2.76,Electronics,12000,23337.6,18895.09,4442.51
11486,2026-01-07 06:00:00,Monitor,Central,VIP,1,Credit Card,5.17,Electronics,12000,11379.6,9614.24,1765.36
11487,2026-01-07 12:00:00,Monitor,East,Returning,5,Credit Card,7.28,Electronics,12000,55632.0,42805.75,12826.25
11488,2026-01-07 18:00:00,Laptop,West,New,5,Net Banking,17.46,Electronics,60000,247620.0,204380.02,43239.98
11489,2026-01-08 00:00:00,Laptop,West,New,2,Cash,3.41,Electronics,60000,115908.0,73467.34,42440.66
11490,2026-01-08 06:00:00,Laptop,South,VIP,3,UPI,4.39,Electronics,60000,172098.0,138968.86,33129.14
11491,2026-01-08 12:00:00,Laptop,North,Returning,1,UPI,6.99,Electronics,60000,55806.0,37267.49,18538.51
11492,2026-01-08 18:00:00,Monitor,East,Returning,5,Debit Card,18.54,Electronics,12000,48876.0,35100.28,13775.72
11493,2026-01-09 00:00:00,Monitor,West,New,4,UPI,10.08,Electronics,12000,43161.6,32873.85,10287.75
11494,2026-01-09 06:00:00,Mobile Phone,South,VIP,4,Net Banking,12.94,Electronics,30000,104472.0,86281.95,18190.05
11495,2026-01-09 12:00:00,Mouse,Central,New,3,Cash,7.74,Accessories,800,2214.24,1832.83,381.41
11496,2026-01-09 18:00:00,Keyboard,West,New,2,Credit Card,3.77,Accessories,1500,2886.9,1798.61,1088.29
11497,2026-01-10 00:00:00,Smart Watch,South,New,2,Credit Card,4.46,Wearables,5000,9554.0,6603.14,2950.86
11498,2026-01-10 06:00:00,Smart Watch,North,New,2,Net Banking,16.05,Wearables,5000,8395.0,6701.68,1693.32
11499,2026-01-10 12:00:00,Tablet,North,VIP,4,UPI,17.87,Electronics,20000,65704.0,50972.46,14731.54
11500,2026-01-10 18:00:00,Monitor,West,Returning,2,Credit Card,9.86,Electronics,12000,21633.6,13122.68,8510.92
11501,2026-01-11 00:00:00,Tablet,West,New,4,UPI,7.14,Electronics,20000,74288.0,52928.15,21359.85
11502,2026-01-11 06:00:00,Mouse,East,New,3,Net Banking,16.16,Accessories,800,2012.16,1624.44,387.72
11503,2026-01-11 12:00:00,Mouse,South,New,1,Credit Card,13.46,Accessories,800,692.32,543.07,149.25
11504,2026-01-11 18:00:00,Tablet,West,New,5,Debit Card,0.82,Electronics,20000,99180.0,69719.82,29460.18
11505,2026-01-12 00:00:00,Monitor,East,Returning,3,Cash,7.01,Electronics,12000,33476.4,26238.48,7237.92
11506,2026-01-12 06:00:00,Tablet,East,Returning,4,UPI,13.64,Electronics,20000,69088.0,50973.31,18114.69
11507,2026-01-12 12:00:00,Smart Watch,West,Returning,3,UPI,11.47,Wearables,5000,13279.5,10997.51,2281.99
11508,2026-01-12 18:00:00,Mobile Phone,North,Returning,5,UPI,19.56,Electronics,30000,120660.0,90106.69,30553.31
11509,2026-01-13 00:00:00,Smart Watch,South,New,1,UPI,17.32,Wearables,5000,4134.0,2894.56,1239.44
11510,2026-01-13 06:00:00,Headphones,South,VIP,5,Net Banking,1.19,Accessories,2500,12351.25,10075.29,2275.96
11511,2026-01-13 12:00:00,Monitor,North,Returning,4,Net Banking,14.52,Electronics,12000,41030.4,25129.77,15900.63
11512,2026-01-13 18:00:00,Monitor,West,Returning,5,Net Banking,6.73,Electronics,12000,55962.0,46175.79,9786.21
11513,2026-01-14 00:00:00,Keyboard,South,New,3,Net Banking,13.64,Accessories,1500,3886.2,3008.26,877.94
11514,2026-01-14 06:00:00,Laptop,West,New,2,Credit Card,12.34,Electronics,60000,105192.0,87851.25,17340.75
11515,2026-01-14 12:00:00,Headphones,West,New,3,Net Banking,10.06,Accessories,2500,6745.5,4469.75,2275.75
11516,2026-01-14 18:00:00,Mouse,East,New,4,Credit Card,17.06,Accessories,800,2654.08,2053.54,600.54
11517,2026-01-15 00:00:00,Monitor,North,VIP,1,Debit Card,14.17,Electronics,12000,10299.6,8264.05,2035.55
11518,2026-01-15 06:00:00,Tablet,West,VIP,5,Net Banking,17.79,Electronics,20000,82210.0,63755.96,18454.04
11519,2026-01-15 12:00:00,Headphones,Central,Returning,1,Debit Card,5.63,Accessories,2500,2359.25,1539.61,819.64
11520,2026-01-15 18:00:00,Keyboard,North,VIP,4,Net Banking,6.96,Accessories,1500,5582.4,3734.05,1848.35
11521,2026-01-16 00:00:00,Mouse,South,Returning,5,Debit Card,12.44,Accessories,800,3502.4,2597.68,904.72
11522,2026-01-16 06:00:00,Laptop,East,Returning,3,Cash,19.33,Electronics,60000,145206.0,103341.32,41864.68
11523,2026-01-16 12:00:00,Laptop,South,VIP,3,Debit Card,7.43,Electronics,60000,166626.0,130598.01,36027.99
11524,2026-01-16 18:00:00,Keyboard,South,Returning,4,Credit Card,0.65,Accessories,1500,5961.0,4140.92,1820.08
11525,2026-01-17 00:00:00,Keyboard,North,New,5,UPI,8.92,Accessories,1500,6831.0,5566.38,1264.62
11526,2026-01-17 06:00:00,Tablet,South,Returning,3,Debit Card,10.88,Electronics,20000,53472.0,37857.11,15614.89
11527,2026-01-17 12:00:00,Monitor,West,New,4,UPI,16.02,Electronics,12000,40310.4,24589.76,15720.64
11528,2026-01-17 18:00:00,Laptop,South,VIP,4,Cash,14.57,Electronics,60000,205032.0,123909.25,81122.75
11529,2026-01-18 00:00:00,Mouse,East,VIP,1,Cash,19.29,Accessories,800,645.68,491.81,153.87
11530,2026-01-18 06:00:00,Headphones,East,Returning,3,Credit Card,15.65,Accessories,2500,6326.25,4650.67,1675.58
11531,2026-01-18 12:00:00,Mouse,Central,New,5,Credit Card,5.97,Accessories,800,3761.2,2767.06,994.14
11532,2026-01-18 18:00:00,Mobile Phone,East,Returning,3,Debit Card,12.83,Electronics,30000,78453.0,62566.44,15886.56
11533,2026-01-19 00:00:00,Mobile Phone,South,VIP,3,Net Banking,13.44,Electronics,30000,77904.0,54059.93,23844.07
11534,2026-01-19 06:00:00,Keyboard,East,Returning,3,Cash,19.96,Accessories,1500,3601.8,3057.43,544.37
11535,2026-01-19 12:00:00,Tablet,North,Returning,4,UPI,2.77,Electronics,20000,77784.0,65057.18,12726.82
11536,2026-01-19 18:00:00,Mobile Phone,East,New,2,Net Banking,3.83,Electronics,30000,57702.0,34808.18,22893.82
11537,2026-01-20 00:00:00,Laptop,West,VIP,2,Cash,3.11,Electronics,60000,116268.0,95797.36,20470.64
11538,2026-01-20 06:00:00,Mouse,North,Returning,1,Debit Card,11.78,Accessories,800,705.76,543.53,162.23
11539,2026-01-20 12:00:00,Mouse,Central,New,3,Cash,2.71,Accessories,800,2334.96,1694.07,640.89
11540,2026-01-20 18:00:00,Keyboard,West,Returning,2,Credit Card,13.12,Accessories,1500,2606.4,1943.56,662.84
11541,2026-01-21 00:00:00,Monitor,South,New,1,UPI,16.08,Electronics,12000,10070.4,8161.7,1908.7
11542,2026-01-21 06:00:00,Monitor,South,New,4,UPI,8.66,Electronics,12000,43843.2,36730.05,7113.15
11543,2026-01-21 12:00:00,Headphones,South,Returning,3,Credit Card,11.21,Accessories,2500,6659.25,4928.4,1730.85
11544,2026-01-21 18:00:00,Keyboard,West,VIP,5,Net Banking,18.25,Accessories,1500,6131.25,3956.64,2174.61
11545,2026-01-22 00:00:00,Smart Watch,West,VIP,4,Credit Card,11.39,Wearables,5000,17722.0,13467.63,4254.37
11546,2026-01-22 06:00:00,Headphones,West,New,1,UPI,4.17,Accessories,2500,2395.75,1483.1,912.65
11547,2026-01-22 12:00:00,Smart Watch,North,VIP,4,Debit Card,6.86,Wearables,5000,18628.0,14134.64,4493.36
11548,2026-01-22 18:00:00,Monitor,North,New,5,Net Banking,10.6,Electronics,12000,53640.0,43027.48,10612.52
11549,2026-01-23 00:00:00,Keyboard,South,VIP,4,Cash,3.1,Accessories,1500,5814.0,4001.97,1812.03
11550,2026-01-23 06:00:00,Smart Watch,East,Returning,1,Debit Card,12.25,Wearables,5000,4387.5,2710.58,1676.92
11551,2026-01-23 12:00:00,Keyboard,South,VIP,5,Net Banking,19.98,Accessories,1500,6001.5,4639.5,1362.0
11552,2026-01-23 18:00:00,Keyboard,Central,New,5,UPI,13.05,Accessories,1500,6521.25,4465.96,2055.29
11553,2026-01-24 00:00:00,Monitor,North,New,4,UPI,7.45,Electronics,12000,44424.0,29420.87,15003.13
11554,2026-01-24 06:00:00,Headphones,West,VIP,5,Debit Card,6.63,Accessories,2500,11671.25,9013.65,2657.6
11555,2026-01-24 12:00:00,Headphones,North,Returning,4,Net Banking,18.63,Accessories,2500,8137.0,6854.58,1282.42
11556,2026-01-24 18:00:00,Keyboard,West,New,3,Cash,17.43,Accessories,1500,3715.65,2921.73,793.92
11557,2026-01-25 00:00:00,Mobile Phone,Central,New,5,Cash,9.45,Electronics,30000,135825.0,98179.4,37645.6
11558,2026-01-25 06:00:00,Tablet,Central,New,4,Credit Card,7.07,Electronics,20000,74344.0,55767.49,18576.51
11559,2026-01-25 12:00:00,Monitor,North,New,3,Debit Card,14.21,Electronics,12000,30884.4,19629.19,11255.21
11560,2026-01-25 18:00:00,Tablet,West,New,5,Net Banking,6.29,Electronics,20000,93710.0,75277.55,18432.45
11561,2026-01-26 00:00:00,Tablet,Central,Returning,3,Debit Card,2.39,Electronics,20000,58566.0,43987.39,14578.61
11562,2026-01-26 06:00:00,Headphones,South,VIP,5,Cash,6.2,Accessories,2500,11725.0,9866.09,1858.91
11563,2026-01-26 12:00:00,Headphones,South,Returning,1,Net Banking,8.69,Accessories,2500,2282.75,1928.63,354.12
11564,2026-01-26 18:00:00,Mobile Phone,West,Returning,1,UPI,5.11,Electronics,30000,28467.0,19603.7,8863.3
11565,2026-01-27 00:00:00,Tablet,North,New,4,UPI,4.34,Electronics,20000,76528.0,64829.66,11698.34
11566,2026-01-27 06:00:00,Tablet,Central,Returning,2,Net Banking,0.12,Electronics,20000,39952.0,33528.05,6423.95
11567,2026-01-27 12:00:00,Keyboard,North,New,1,Debit Card,12.62,Accessories,1500,1310.7,996.08,314.62
11568,2026-01-27 18:00:00,Headphones,South,Returning,2,Debit Card,12.29,Accessories,2500,4385.5,2996.9,1388.6
11569,2026-01-28 00:00:00,Tablet,Central,New,3,UPI,3.76,Electronics,20000,57744.0,45521.62,12222.38
11570,2026-01-28 06:00:00,Mouse,North,New,3,UPI,18.87,Accessories,800,1947.12,1300.3,646.82
11571,2026-01-28 12:00:00,Mobile Phone,East,Returning,2,Cash,8.19,Electronics,30000,55086.0,41725.5,13360.5
11572,2026-01-28 18:00:00,Smart Watch,West,Returning,4,Net Banking,0.51,Wearables,5000,19898.0,12061.08,7836.92
11573,2026-01-29 00:00:00,Mouse,West,VIP,5,Debit Card,4.4,Accessories,800,3824.0,2895.33,928.67
11574,2026-01-29 06:00:00,Mouse,East,VIP,2,Cash,13.84,Accessories,800,1378.56,1155.1,223.46
11575,2026-01-29 12:00:00,Smart Watch,South,VIP,2,Debit Card,4.03,Wearables,5000,9597.0,6322.37,3274.63
11576,2026-01-29 18:00:00,Monitor,Central,Returning,2,UPI,1.08,Electronics,12000,23740.8,18863.13,4877.67
11577,2026-01-30 00:00:00,Monitor,West,Returning,2,Net Banking,12.35,Electronics,12000,21036.0,14164.71,6871.29
11578,2026-01-30 06:00:00,Mobile Phone,East,New,2,Credit Card,10.37,Electronics,30000,53778.0,41783.49,11994.51
11579,2026-01-30 12:00:00,Mouse,East,VIP,4,Net Banking,15.23,Accessories,800,2712.64,2102.28,610.36
11580,2026-01-30 18:00:00,Tablet,South,New,1,Credit Card,15.45,Electronics,20000,16910.0,10926.98,5983.02
11581,2026-01-31 00:00:00,Headphones,South,New,5,Cash,19.2,Accessories,2500,10100.0,7567.75,2532.25
11582,2026-01-31 06:00:00,Mobile Phone,North,New,1,Credit Card,1.14,Electronics,30000,29658.0,24165.11,5492.89
11583,2026-01-31 12:00:00,Keyboard,West,New,2,Credit Card,0.78,Accessories,1500,2976.6,2070.62,905.98
11584,2026-01-31 18:00:00,Smart Watch,North,VIP,1,Cash,19.74,Wearables,5000,4013.0,3120.39,892.61
11585,2026-02-01 00:00:00,Mouse,East,New,4,Net Banking,12.9,Accessories,800,2787.2,2142.26,644.94
11586,2026-02-01 06:00:00,Mobile Phone,Central,Returning,3,Cash,14.31,Electronics,30000,77121.0,51237.53,25883.47
11587,2026-02-01 12:00:00,Laptop,Central,Returning,1,UPI,1.93,Electronics,60000,58842.0,48818.91,10023.09
11588,2026-02-01 18:00:00,Laptop,South,Returning,5,UPI,1.4,Electronics,60000,295800.0,219151.72,76648.28
11589,2026-02-02 00:00:00,Monitor,Central,VIP,4,Credit Card,3.21,Electronics,12000,46459.2,32002.17,14457.03
11590,2026-02-02 06:00:00,Smart Watch,Central,New,3,Cash,8.54,Wearables,5000,13719.0,8795.11,4923.89
11591,2026-02-02 12:00:00,Headphones,Central,VIP,4,Cash,2.2,Accessories,2500,9780.0,7025.61,2754.39
11592,2026-02-02 18:00:00,Tablet,East,New,2,Cash,8.93,Electronics,20000,36428.0,28505.94,7922.06
11593,2026-02-03 00:00:00,Headphones,Central,VIP,3,Net Banking,11.23,Accessories,2500,6657.75,5032.66,1625.09
11594,2026-02-03 06:00:00,Headphones,Central,VIP,5,Debit Card,0.01,Accessories,2500,12498.75,9771.06,2727.69
11595,2026-02-03 12:00:00,Headphones,Central,New,3,Debit Card,2.28,Accessories,2500,7329.0,5848.1,1480.9
11596,2026-02-03 18:00:00,Smart Watch,North,VIP,5,Debit Card,7.5,Wearables,5000,23125.0,16424.56,6700.44
11597,2026-02-04 00:00:00,Headphones,East,New,2,Net Banking,1.07,Accessories,2500,4946.5,3611.15,1335.35
11598,2026-02-04 06:00:00,Keyboard,South,Returning,5,Cash,2.67,Accessories,1500,7299.75,6180.01,1119.74
11599,2026-02-04 12:00:00,Smart Watch,North,Returning,4,Debit Card,4.64,Wearables,5000,19072.0,16058.87,3013.13
11600,2026-02-04 18:00:00,Keyboard,West,Returning,1,Cash,8.59,Accessories,1500,1371.15,964.88,406.27
11601,2026-02-05 00:00:00,Smart Watch,East,VIP,4,Credit Card,14.3,Wearables,5000,17140.0,13219.99,3920.01
11602,2026-02-05 06:00:00,Monitor,East,Returning,4,Debit Card,2.65,Electronics,12000,46728.0,31162.79,15565.21
11603,2026-02-05 12:00:00,Mobile Phone,West,New,3,Credit Card,14.76,Electronics,30000,76716.0,48958.19,27757.81
11604,2026-02-05 18:00:00,Laptop,West,Returning,2,Net Banking,17.1,Electronics,60000,99480.0,78798.14,20681.86
11605,2026-02-06 00:00:00,Headphones,West,Returning,1,UPI,13.03,Accessories,2500,2174.25,1541.64,632.61
11606,2026-02-06 06:00:00,Monitor,South,VIP,5,Net Banking,0.87,Electronics,12000,59478.0,38319.49,21158.51
11607,2026-02-06 12:00:00,Mobile Phone,Central,New,3,Net Banking,8.81,Electronics,30000,82071.0,64812.45,17258.55
11608,2026-02-06 18:00:00,Laptop,East,VIP,2,Net Banking,13.2,Electronics,60000,104160.0,86327.04,17832.96
11609,2026-02-07 00:00:00,Mouse,Central,VIP,1,Debit Card,19.57,Accessories,800,643.44,536.19,107.25
11610,2026-02-07 06:00:00,Tablet,Central,New,4,Credit Card,19.04,Electronics,20000,64768.0,48516.64,16251.36
11611,2026-02-07 12:00:00,Keyboard,West,VIP,2,Debit Card,7.91,Accessories,1500,2762.7,1988.9,773.8
11612,2026-02-07 18:00:00,Mouse,South,New,2,UPI,12.32,Accessories,800,1402.88,891.48,511.4
11613,2026-02-08 00:00:00,Smart Watch,North,Returning,2,Net Banking,17.82,Wearables,5000,8218.0,6559.59,1658.41
11614,2026-02-08 06:00:00,Laptop,South,New,4,Cash,16.62,Electronics,60000,200112.0,167359.83,32752.17
11615,2026-02-08 12:00:00,Mouse,Central,New,5,UPI,9.59,Accessories,800,3616.4,2974.0,642.4
11616,2026-02-08 18:00:00,Tablet,South,New,3,Credit Card,5.22,Electronics,20000,56868.0,44808.91,12059.09
11617,2026-02-09 00:00:00,Monitor,West,VIP,5,UPI,2.74,Electronics,12000,58356.0,35080.26,23275.74
11618,2026-02-09 06:00:00,Laptop,North,New,1,Debit Card,9.76,Electronics,60000,54144.0,38005.72,16138.28
11619,2026-02-09 12:00:00,Mouse,West,New,3,Cash,14.46,Accessories,800,2052.96,1442.57,610.39
11620,2026-02-09 18:00:00,Keyboard,North,New,1,Debit Card,19.4,Accessories,1500,1209.0,995.72,213.28
11621,2026-02-10 00:00:00,Keyboard,Central,Returning,4,Net Banking,17.24,Accessories,1500,4965.6,3060.86,1904.74
11622,2026-02-10 06:00:00,Mobile Phone,North,New,5,Net Banking,4.08,Electronics,30000,143880.0,105436.08,38443.92
11623,2026-02-10 12:00:00,Mouse,North,VIP,2,UPI,14.4,Accessories,800,1369.6,868.37,501.23
11624,2026-02-10 18:00:00,Headphones,North,New,3,Net Banking,5.78,Accessories,2500,7066.5,5409.92,1656.58
11625,2026-02-11 00:00:00,Mouse,South,New,2,Net Banking,13.67,Accessories,800,1381.28,1102.35,278.93
11626,2026-02-11 06:00:00,Monitor,South,Returning,1,Credit Card,13.32,Electronics,12000,10401.6,7910.31,2491.29
11627,2026-02-11 12:00:00,Laptop,Central,New,2,Credit Card,5.45,Electronics,60000,113460.0,90614.41,22845.59
11628,2026-02-11 18:00:00,Laptop,North,VIP,2,Debit Card,4.69,Electronics,60000,114372.0,85993.34,28378.66
11629,2026-02-12 00:00:00,Monitor,East,New,4,Debit Card,2.08,Electronics,12000,47001.6,30431.65,16569.95
11630,2026-02-12 06:00:00,Mouse,Central,VIP,4,Credit Card,1.01,Accessories,800,3167.68,2203.65,964.03
11631,2026-02-12 12:00:00,Monitor,North,Returning,5,UPI,17.17,Electronics,12000,49698.0,41707.42,7990.58
11632,2026-02-12 18:00:00,Tablet,North,New,1,Credit Card,1.0,Electronics,20000,19800.0,13306.47,6493.53
11633,2026-02-13 00:00:00,Smart Watch,South,Returning,4,Debit Card,1.77,Wearables,5000,19646.0,12096.35,7549.65
11634,2026-02-13 06:00:00,Monitor,Central,New,4,Cash,4.78,Electronics,12000,45705.6,31820.58,13885.02
11635,2026-02-13 12:00:00,Keyboard,North,VIP,5,Net Banking,17.75,Accessories,1500,6168.75,4266.16,1902.59
11636,2026-02-13 18:00:00,Monitor,North,Returning,3,Cash,6.66,Electronics,12000,33602.4,24112.32,9490.08
11637,2026-02-14 00:00:00,Laptop,Central,New,5,Cash,3.84,Electronics,60000,288480.0,213497.08,74982.92
11638,2026-02-14 06:00:00,Keyboard,East,VIP,2,Net Banking,14.31,Accessories,1500,2570.7,2180.23,390.47
11639,2026-02-14 12:00:00,Laptop,Central,Returning,2,Credit Card,6.38,Electronics,60000,112344.0,88645.99,23698.01
11640,2026-02-14 18:00:00,Mobile Phone,Central,New,4,UPI,6.67,Electronics,30000,111996.0,68202.51,43793.49
11641,2026-02-15 00:00:00,Headphones,East,Returning,4,Cash,14.78,Accessories,2500,8522.0,6631.63,1890.37
11642,2026-02-15 06:00:00,Laptop,Central,New,5,UPI,5.03,Electronics,60000,284910.0,229653.97,55256.03
11643,2026-02-15 12:00:00,Keyboard,North,VIP,5,Debit Card,17.94,Accessories,1500,6154.5,5070.74,1083.76
11644,2026-02-15 18:00:00,Mobile Phone,Central,VIP,1,Cash,11.23,Electronics,30000,26631.0,18801.53,7829.47
11645,2026-02-16 00:00:00,Laptop,East,Returning,2,Debit Card,10.76,Electronics,60000,107088.0,72649.18,34438.82
11646,2026-02-16 06:00:00,Tablet,West,Returning,5,Credit Card,5.3,Electronics,20000,94700.0,76691.01,18008.99
11647,2026-02-16 12:00:00,Monitor,Central,New,3,Cash,16.7,Electronics,12000,29988.0,23822.58,6165.42
11648,2026-02-16 18:00:00,Headphones,South,VIP,1,Debit Card,11.45,Accessories,2500,2213.75,1624.92,588.83
11649,2026-02-17 00:00:00,Laptop,North,New,5,Debit Card,3.11,Electronics,60000,290670.0,182968.25,107701.75
11650,2026-02-17 06:00:00,Mobile Phone,North,VIP,4,Credit Card,4.13,Electronics,30000,115044.0,87771.71,27272.29
11651,2026-02-17 12:00:00,Tablet,South,Returning,5,UPI,9.37,Electronics,20000,90630.0,55865.86,34764.14
11652,2026-02-17 18:00:00,Mouse,South,New,4,UPI,15.59,Accessories,800,2701.12,1688.45,1012.67
11653,2026-02-18 00:00:00,Mobile Phone,Central,New,4,Cash,18.79,Electronics,30000,97452.0,66538.77,30913.23
11654,2026-02-18 06:00:00,Monitor,South,VIP,2,Credit Card,13.27,Electronics,12000,20815.2,14420.64,6394.56
11655,2026-02-18 12:00:00,Mobile Phone,West,VIP,2,Cash,10.12,Electronics,30000,53928.0,38585.13,15342.87
11656,2026-02-18 18:00:00,Tablet,East,VIP,5,UPI,5.01,Electronics,20000,94990.0,65047.8,29942.2
11657,2026-02-19 00:00:00,Mobile Phone,South,Returning,5,Credit Card,13.46,Electronics,30000,129810.0,78982.51,50827.49
11658,2026-02-19 06:00:00,Tablet,South,New,3,Net Banking,19.64,Electronics,20000,48216.0,30827.09,17388.91
11659,2026-02-19 12:00:00,Laptop,West,VIP,1,Credit Card,9.52,Electronics,60000,54288.0,34135.1,20152.9
11660,2026-02-19 18:00:00,Smart Watch,North,Returning,1,Credit Card,3.24,Wearables,5000,4838.0,3424.32,1413.68
11661,2026-02-20 00:00:00,Tablet,North,VIP,5,Net Banking,2.07,Electronics,20000,97930.0,63951.45,33978.55
11662,2026-02-20 06:00:00,Tablet,Central,New,2,Debit Card,5.39,Electronics,20000,37844.0,25483.63,12360.37
11663,2026-02-20 12:00:00,Headphones,West,VIP,3,Debit Card,11.39,Accessories,2500,6645.75,4770.93,1874.82
11664,2026-02-20 18:00:00,Tablet,East,New,1,Debit Card,18.94,Electronics,20000,16212.0,10681.93,5530.07
11665,2026-02-21 00:00:00,Tablet,East,Returning,5,UPI,5.98,Electronics,20000,94020.0,62192.56,31827.44
11666,2026-02-21 06:00:00,Mouse,West,Returning,2,Credit Card,6.11,Accessories,800,1502.24,1214.24,288.0
11667,2026-02-21 12:00:00,Smart Watch,East,VIP,2,Net Banking,9.62,Wearables,5000,9038.0,6661.2,2376.8
11668,2026-02-21 18:00:00,Laptop,North,New,2,UPI,18.37,Electronics,60000,97956.0,79754.78,18201.22
11669,2026-02-22 00:00:00,Monitor,East,New,4,Net Banking,8.38,Electronics,12000,43977.6,32043.46,11934.14
11670,2026-02-22 06:00:00,Headphones,East,New,2,UPI,4.46,Accessories,2500,4777.0,3952.09,824.91
11671,2026-02-22 12:00:00,Mouse,West,VIP,5,UPI,3.26,Accessories,800,3869.6,2568.2,1301.4
11672,2026-02-22 18:00:00,Keyboard,West,New,3,UPI,9.14,Accessories,1500,4088.7,3083.56,1005.14
11673,2026-02-23 00:00:00,Smart Watch,East,New,5,Net Banking,16.01,Wearables,5000,20997.5,15240.15,5757.35
11674,2026-02-23 06:00:00,Laptop,South,New,2,Cash,5.83,Electronics,60000,113004.0,93756.34,19247.66
11675,2026-02-23 12:00:00,Laptop,West,New,3,UPI,10.25,Electronics,60000,161550.0,113831.34,47718.66
11676,2026-02-23 18:00:00,Keyboard,Central,VIP,1,Debit Card,12.06,Accessories,1500,1319.1,1073.36,245.74
11677,2026-02-24 00:00:00,Monitor,Central,VIP,1,Credit Card,9.01,Electronics,12000,10918.8,8090.57,2828.23
11678,2026-02-24 06:00:00,Tablet,North,New,5,Cash,3.83,Electronics,20000,96170.0,74737.14,21432.86
11679,2026-02-24 12:00:00,Mouse,East,New,3,Cash,18.43,Accessories,800,1957.68,1608.67,349.01
11680,2026-02-24 18:00:00,Mobile Phone,South,Returning,5,Net Banking,11.31,Electronics,30000,133035.0,112976.86,20058.14
11681,2026-02-25 00:00:00,Headphones,North,Returning,3,Cash,14.58,Accessories,2500,6406.5,5014.91,1391.59
11682,2026-02-25 06:00:00,Mobile Phone,East,New,3,Net Banking,12.72,Electronics,30000,78552.0,53307.78,25244.22
11683,2026-02-25 12:00:00,Keyboard,West,New,5,Net Banking,19.96,Accessories,1500,6003.0,4050.54,1952.46
11684,2026-02-25 18:00:00,Laptop,Central,Returning,3,Debit Card,9.13,Electronics,60000,163566.0,110779.32,52786.68
11685,2026-02-26 00:00:00,Monitor,South,Returning,2,UPI,8.5,Electronics,12000,21960.0,13713.52,8246.48
11686,2026-02-26 06:00:00,Laptop,Central,New,3,Cash,7.2,Electronics,60000,167040.0,102462.29,64577.71
11687,2026-02-26 12:00:00,Headphones,West,VIP,3,UPI,7.23,Accessories,2500,6957.75,5184.99,1772.76
11688,2026-02-26 18:00:00,Laptop,East,VIP,5,UPI,5.52,Electronics,60000,283440.0,227502.3,55937.7
11689,2026-02-27 00:00:00,Laptop,West,New,1,UPI,19.61,Electronics,60000,48234.0,29376.13,18857.87
11690,2026-02-27 06:00:00,Headphones,West,New,4,Net Banking,17.42,Accessories,2500,8258.0,6124.62,2133.38
11691,2026-02-27 12:00:00,Mouse,Central,Returning,3,UPI,6.33,Accessories,800,2248.08,1557.79,690.29
11692,2026-02-27 18:00:00,Mouse,South,Returning,4,Cash,6.1,Accessories,800,3004.8,2473.31,531.49
11693,2026-02-28 00:00:00,Headphones,West,VIP,3,Net Banking,2.07,Accessories,2500,7344.75,4673.81,2670.94
11694,2026-02-28 06:00:00,Monitor,Central,New,5,Cash,17.54,Electronics,12000,49476.0,36654.69,12821.31
11695,2026-02-28 12:00:00,Keyboard,South,Returning,5,Net Banking,7.44,Accessories,1500,6942.0,5850.23,1091.77
11696,2026-02-28 18:00:00,Smart Watch,East,VIP,3,Credit Card,11.45,Wearables,5000,13282.5,9115.23,4167.27
11697,2026-03-01 00:00:00,Laptop,East,VIP,5,Credit Card,18.01,Electronics,60000,245970.0,193195.72,52774.28
11698,2026-03-01 06:00:00,Monitor,North,VIP,5,Credit Card,8.16,Electronics,12000,55104.0,45219.05,9884.95
11699,2026-03-01 12:00:00,Laptop,Central,Returning,3,Credit Card,16.14,Electronics,60000,150948.0,97595.83,53352.17
11700,2026-03-01 18:00:00,Smart Watch,South,Returning,1,Net Banking,8.61,Wearables,5000,4569.5,3875.54,693.96
11701,2026-03-02 00:00:00,Keyboard,West,New,3,UPI,14.02,Accessories,1500,3869.1,3104.36,764.74
11702,2026-03-02 06:00:00,Mouse,East,New,1,Debit Card,8.62,Accessories,800,731.04,463.77,267.27
11703,2026-03-02 12:00:00,Monitor,South,VIP,5,Debit Card,7.86,Electronics,12000,55284.0,37467.14,17816.86
11704,2026-03-02 18:00:00,Tablet,Central,VIP,1,Credit Card,19.81,Electronics,20000,16038.0,12128.62,3909.38
11705,2026-03-03 00:00:00,Tablet,North,Returning,5,UPI,12.25,Electronics,20000,87750.0,72062.88,15687.12
11706,2026-03-03 06:00:00,Smart Watch,East,Returning,1,Cash,7.35,Wearables,5000,4632.5,3005.14,1627.36
11707,2026-03-03 12:00:00,Tablet,South,New,1,UPI,5.16,Electronics,20000,18968.0,14848.18,4119.82
11708,2026-03-03 18:00:00,Mouse,South,New,3,Cash,0.8,Accessories,800,2380.8,1589.57,791.23
11709,2026-03-04 00:00:00,Smart Watch,South,New,1,Debit Card,14.13,Wearables,5000,4293.5,3440.61,852.89
11710,2026-03-04 06:00:00,Mouse,Central,Returning,5,UPI,7.44,Accessories,800,3702.4,2854.03,848.37
11711,2026-03-04 12:00:00,Keyboard,Central,VIP,3,UPI,16.43,Accessories,1500,3760.65,2748.01,1012.64
11712,2026-03-04 18:00:00,Laptop,Central,New,1,Debit Card,7.28,Electronics,60000,55632.0,42417.54,13214.46
11713,2026-03-05 00:00:00,Keyboard,West,New,3,UPI,7.47,Accessories,1500,4163.85,3410.66,753.19
11714,2026-03-05 06:00:00,Keyboard,South,Returning,4,Cash,15.58,Accessories,1500,5065.2,3528.45,1536.75
11715,2026-03-05 12:00:00,Mouse,East,New,3,UPI,9.79,Accessories,800,2165.04,1715.39,449.65
11716,2026-03-05 18:00:00,Smart Watch,Central,VIP,4,Cash,17.7,Wearables,5000,16460.0,10529.9,5930.1
11717,2026-03-06 00:00:00,Smart Watch,Central,Returning,4,Credit Card,11.8,Wearables,5000,17640.0,13676.23,3963.77
11718,2026-03-06 06:00:00,Tablet,South,New,3,UPI,4.81,Electronics,20000,57114.0,44986.66,12127.34
11719,2026-03-06 12:00:00,Mobile Phone,Central,New,5,Cash,11.37,Electronics,30000,132945.0,94490.58,38454.42
11720,2026-03-06 18:00:00,Laptop,West,Returning,5,Debit Card,0.08,Electronics,60000,299760.0,239330.04,60429.96
11721,2026-03-07 00:00:00,Mouse,West,Returning,5,Credit Card,6.25,Accessories,800,3750.0,2772.28,977.72
11722,2026-03-07 06:00:00,Tablet,Central,New,2,UPI,4.16,Electronics,20000,38336.0,31974.85,6361.15
11723,2026-03-07 12:00:00,Monitor,South,VIP,4,Cash,13.08,Electronics,12000,41721.6,26206.03,15515.57
11724,2026-03-07 18:00:00,Mobile Phone,South,Returning,3,UPI,2.72,Electronics,30000,87552.0,55394.62,32157.38
11725,2026-03-08 00:00:00,Mobile Phone,South,VIP,5,Cash,5.8,Electronics,30000,141300.0,114538.75,26761.25
11726,2026-03-08 06:00:00,Mouse,North,New,5,UPI,6.63,Accessories,800,3734.8,3027.39,707.41
11727,2026-03-08 12:00:00,Headphones,Central,VIP,3,Credit Card,0.07,Accessories,2500,7494.75,5379.78,2114.97
11728,2026-03-08 18:00:00,Laptop,South,New,4,Credit Card,0.94,Electronics,60000,237744.0,199940.46,37803.54
11729,2026-03-09 00:00:00,Mobile Phone,West,New,3,UPI,6.22,Electronics,30000,84402.0,64976.65,19425.35
11730,2026-03-09 06:00:00,Mouse,East,New,2,UPI,4.45,Accessories,800,1528.8,1292.93,235.87
11731,2026-03-09 12:00:00,Mouse,East,New,2,Net Banking,2.34,Accessories,800,1562.56,1145.51,417.05
11732,2026-03-09 18:00:00,Tablet,South,VIP,3,UPI,3.08,Electronics,20000,58152.0,37822.25,20329.75
11733,2026-03-10 00:00:00,Monitor,East,New,4,UPI,16.71,Electronics,12000,39979.2,28429.14,11550.06
11734,2026-03-10 06:00:00,Headphones,East,New,5,Credit Card,13.67,Accessories,2500,10791.25,9119.92,1671.33
11735,2026-03-10 12:00:00,Laptop,North,VIP,2,UPI,9.68,Electronics,60000,108384.0,75067.14,33316.86
11736,2026-03-10 18:00:00,Smart Watch,West,Returning,2,Debit Card,18.18,Wearables,5000,8182.0,6866.78,1315.22
11737,2026-03-11 00:00:00,Keyboard,West,VIP,4,UPI,0.59,Accessories,1500,5964.6,4767.24,1197.36
11738,2026-03-11 06:00:00,Monitor,North,VIP,2,Net Banking,6.9,Electronics,12000,22344.0,15876.01,6467.99
11739,2026-03-11 12:00:00,Monitor,North,VIP,2,Cash,16.47,Electronics,12000,20047.2,14744.07,5303.13
11740,2026-03-11 18:00:00,Tablet,East,New,4,Credit Card,12.57,Electronics,20000,69944.0,52588.08,17355.92
11741,2026-03-12 00:00:00,Smart Watch,Central,New,3,Debit Card,19.63,Wearables,5000,12055.5,9239.84,2815.66
11742,2026-03-12 06:00:00,Mobile Phone,East,New,5,Cash,18.89,Electronics,30000,121665.0,75331.9,46333.1
11743,2026-03-12 12:00:00,Mobile Phone,North,Returning,5,Debit Card,3.4,Electronics,30000,144900.0,120759.23,24140.77
11744,2026-03-12 18:00:00,Tablet,West,New,2,Credit Card,19.44,Electronics,20000,32224.0,24143.83,8080.17
11745,2026-03-13 00:00:00,Mouse,East,Returning,5,Net Banking,18.91,Accessories,800,3243.6,2701.23,542.37
11746,2026-03-13 06:00:00,Mobile Phone,Central,New,3,Credit Card,7.47,Electronics,30000,83277.0,63121.85,20155.15
11747,2026-03-13 12:00:00,Headphones,East,VIP,2,Debit Card,19.66,Accessories,2500,4017.0,2843.05,1173.95
11748,2026-03-13 18:00:00,Laptop,South,New,5,Debit Card,0.72,Electronics,60000,297840.0,220917.46,76922.54
11749,2026-03-14 00:00:00,Monitor,East,Returning,1,Credit Card,13.22,Electronics,12000,10413.6,8407.69,2005.91
11750,2026-03-14 06:00:00,Monitor,North,Returning,1,UPI,5.32,Electronics,12000,11361.6,7743.29,3618.31
11751,2026-03-14 12:00:00,Headphones,West,New,1,Credit Card,2.59,Accessories,2500,2435.25,2043.45,391.8
11752,2026-03-14 18:00:00,Smart Watch,West,VIP,1,Net Banking,11.55,Wearables,5000,4422.5,3168.67,1253.83
11753,2026-03-15 00:00:00,Mobile Phone,North,New,1,Credit Card,6.13,Electronics,30000,28161.0,23628.75,4532.25
11754,2026-03-15 06:00:00,Monitor,South,New,2,Cash,13.34,Electronics,12000,20798.4,17058.62,3739.78
11755,2026-03-15 12:00:00,Keyboard,North,New,4,UPI,10.8,Accessories,1500,5352.0,4238.33,1113.67
11756,2026-03-15 18:00:00,Smart Watch,East,VIP,4,Cash,7.85,Wearables,5000,18430.0,13211.72,5218.28
11757,2026-03-16 00:00:00,Laptop,North,Returning,2,Credit Card,3.64,Electronics,60000,115632.0,86346.61,29285.39
11758,2026-03-16 06:00:00,Laptop,North,VIP,2,UPI,12.03,Electronics,60000,105564.0,85454.83,20109.17
11759,2026-03-16 12:00:00,Monitor,South,Returning,3,Cash,16.58,Electronics,12000,30031.2,22103.38,7927.82
11760,2026-03-16 18:00:00,Tablet,East,Returning,4,Cash,12.0,Electronics,20000,70400.0,55232.14,15167.86
11761,2026-03-17 00:00:00,Smart Watch,Central,Returning,1,UPI,12.21,Wearables,5000,4389.5,3501.35,888.15
11762,2026-03-17 06:00:00,Monitor,Central,VIP,2,UPI,10.24,Electronics,12000,21542.4,15688.77,5853.63
11763,2026-03-17 12:00:00,Tablet,West,New,1,Debit Card,7.76,Electronics,20000,18448.0,13541.97,4906.03
11764,2026-03-17 18:00:00,Monitor,North,New,4,UPI,9.15,Electronics,12000,43608.0,28321.59,15286.41
11765,2026-03-18 00:00:00,Keyboard,West,New,5,Credit Card,19.79,Accessories,1500,6015.75,3977.52,2038.23
11766,2026-03-18 06:00:00,Smart Watch,South,New,5,Net Banking,14.99,Wearables,5000,21252.5,17559.58,3692.92
11767,2026-03-18 12:00:00,Mouse,Central,New,2,Debit Card,8.61,Accessories,800,1462.24,1184.53,277.71
11768,2026-03-18 18:00:00,Laptop,North,VIP,3,UPI,9.15,Electronics,60000,163530.0,98531.84,64998.16
11769,2026-03-19 00:00:00,Monitor,South,VIP,1,Net Banking,9.99,Electronics,12000,10801.2,8828.33,1972.87
11770,2026-03-19 06:00:00,Keyboard,South,VIP,2,Debit Card,13.19,Accessories,1500,2604.3,1579.01,1025.29
11771,2026-03-19 12:00:00,Tablet,North,VIP,3,Credit Card,9.32,Electronics,20000,54408.0,38878.33,15529.67
11772,2026-03-19 18:00:00,Tablet,South,VIP,1,Net Banking,13.72,Electronics,20000,17256.0,10644.5,6611.5
11773,2026-03-20 00:00:00,Laptop,North,VIP,4,UPI,6.58,Electronics,60000,224208.0,188829.27,35378.73
11774,2026-03-20 06:00:00,Headphones,North,VIP,5,UPI,8.21,Accessories,2500,11473.75,9673.29,1800.46
11775,2026-03-20 12:00:00,Monitor,East,New,3,Credit Card,17.28,Electronics,12000,29779.2,22415.33,7363.87
11776,2026-03-20 18:00:00,Smart Watch,West,Returning,1,Debit Card,6.58,Wearables,5000,4671.0,3260.6,1410.4
11777,2026-03-21 00:00:00,Mobile Phone,South,VIP,2,Net Banking,19.29,Electronics,30000,48426.0,35254.04,13171.96
11778,2026-03-21 06:00:00,Tablet,South,Returning,1,Credit Card,3.45,Electronics,20000,19310.0,15266.0,4044.0
11779,2026-03-21 12:00:00,Smart Watch,East,VIP,2,Debit Card,4.83,Wearables,5000,9517.0,6241.23,3275.77
11780,2026-03-21 18:00:00,Smart Watch,East,VIP,5,Cash,9.27,Wearables,5000,22682.5,16114.34,6568.16
11781,2026-03-22 00:00:00,Mouse,East,New,5,Cash,15.95,Accessories,800,3362.0,2636.87,725.13
11782,2026-03-22 06:00:00,Smart Watch,Central,Returning,1,Debit Card,14.63,Wearables,5000,4268.5,2983.03,1285.47
11783,2026-03-22 12:00:00,Smart Watch,Central,New,1,UPI,3.49,Wearables,5000,4825.5,2933.9,1891.6
11784,2026-03-22 18:00:00,Mouse,Central,New,2,UPI,4.73,Accessories,800,1524.32,1107.95,416.37
11785,2026-03-23 00:00:00,Tablet,North,Returning,2,Cash,11.51,Electronics,20000,35396.0,27762.95,7633.05
11786,2026-03-23 06:00:00,Smart Watch,South,New,3,UPI,5.9,Wearables,5000,14115.0,11915.94,2199.06
11787,2026-03-23 12:00:00,Headphones,West,VIP,3,UPI,8.45,Accessories,2500,6866.25,4183.34,2682.91
11788,2026-03-23 18:00:00,Headphones,North,VIP,3,Debit Card,9.73,Accessories,2500,6770.25,4976.0,1794.25
11789,2026-03-24 00:00:00,Keyboard,South,VIP,1,Debit Card,11.88,Accessories,1500,1321.8,941.76,380.04
11790,2026-03-24 06:00:00,Mouse,South,VIP,3,UPI,5.02,Accessories,800,2279.52,1505.88,773.64
11791,2026-03-24 12:00:00,Keyboard,East,VIP,1,Debit Card,3.26,Accessories,1500,1451.1,1102.02,349.08
11792,2026-03-24 18:00:00,Mouse,East,New,5,Net Banking,7.97,Accessories,800,3681.2,2359.3,1321.9
11793,2026-03-25 00:00:00,Monitor,North,New,4,Cash,1.64,Electronics,12000,47212.8,31678.19,15534.61
11794,2026-03-25 06:00:00,Monitor,East,VIP,5,Net Banking,10.54,Electronics,12000,53676.0,42696.0,10980.0
11795,2026-03-25 12:00:00,Smart Watch,South,VIP,1,Net Banking,16.79,Wearables,5000,4160.5,2975.19,1185.31
11796,2026-03-25 18:00:00,Mobile Phone,East,New,1,UPI,2.38,Electronics,30000,29286.0,24846.76,4439.24
11797,2026-03-26 00:00:00,Monitor,Central,Returning,4,UPI,2.25,Electronics,12000,46920.0,32685.18,14234.82
11798,2026-03-26 06:00:00,Mobile Phone,East,New,2,Net Banking,1.6,Electronics,30000,59040.0,42261.73,16778.27
11799,2026-03-26 12:00:00,Monitor,South,New,2,Net Banking,16.96,Electronics,12000,19929.6,13453.76,6475.84
11800,2026-03-26 18:00:00,Laptop,North,New,2,Credit Card,1.61,Electronics,60000,118068.0,77815.48,40252.52
11801,2026-03-27 00:00:00,Monitor,West,New,3,Credit Card,19.67,Electronics,12000,28918.8,24019.1,4899.7
11802,2026-03-27 06:00:00,Keyboard,East,New,2,Cash,7.17,Accessories,1500,2784.9,2192.29,592.61
11803,2026-03-27 12:00:00,Tablet,South,Returning,3,Net Banking,6.58,Electronics,20000,56052.0,38303.17,17748.83
11804,2026-03-27 18:00:00,Smart Watch,West,VIP,3,Debit Card,1.83,Wearables,5000,14725.5,11412.84,3312.66
11805,2026-03-28 00:00:00,Keyboard,West,VIP,2,Credit Card,11.71,Accessories,1500,2648.7,2228.74,419.96
11806,2026-03-28 06:00:00,Tablet,Central,Returning,2,UPI,11.72,Electronics,20000,35312.0,21840.9,13471.1
11807,2026-03-28 12:00:00,Headphones,West,VIP,4,Net Banking,9.88,Accessories,2500,9012.0,6003.13,3008.87
11808,2026-03-28 18:00:00,Keyboard,South,VIP,4,Debit Card,6.22,Accessories,1500,5626.8,3658.23,1968.57
11809,2026-03-29 00:00:00,Headphones,South,VIP,3,Debit Card,7.37,Accessories,2500,6947.25,5679.0,1268.25
11810,2026-03-29 06:00:00,Mobile Phone,East,Returning,4,Debit Card,6.41,Electronics,30000,112308.0,72415.93,39892.07
11811,2026-03-29 12:00:00,Mobile Phone,East,Returning,3,UPI,8.52,Electronics,30000,82332.0,55740.33,26591.67
11812,2026-03-29 18:00:00,Laptop,East,VIP,1,Credit Card,6.84,Electronics,60000,55896.0,41137.51,14758.49
11813,2026-03-30 00:00:00,Monitor,West,VIP,3,Debit Card,13.51,Electronics,12000,31136.4,23516.5,7619.9
11814,2026-03-30 06:00:00,Keyboard,West,VIP,3,Credit Card,5.92,Accessories,1500,4233.6,3395.54,838.06
11815,2026-03-30 12:00:00,Headphones,Central,New,4,Cash,7.02,Accessories,2500,9298.0,6525.62,2772.38
11816,2026-03-30 18:00:00,Tablet,East,New,1,UPI,8.71,Electronics,20000,18258.0,13393.36,4864.64
11817,2026-03-31 00:00:00,Mobile Phone,North,New,5,Credit Card,0.08,Electronics,30000,149880.0,126103.86,23776.14
11818,2026-03-31 06:00:00,Monitor,Central,Returning,5,Credit Card,9.84,Electronics,12000,54096.0,36479.12,17616.88
11819,2026-03-31 12:00:00,Mobile Phone,North,VIP,5,Debit Card,5.12,Electronics,30000,142320.0,94219.19,48100.81
11820,2026-03-31 18:00:00,Tablet,West,Returning,1,Debit Card,1.12,Electronics,20000,19776.0,15378.8,4397.2
11821,2026-04-01 00:00:00,Monitor,Central,Returning,2,UPI,18.22,Electronics,12000,19627.2,15560.13,4067.07
11822,2026-04-01 06:00:00,Monitor,Central,Returning,1,Credit Card,6.45,Electronics,12000,11226.0,7899.68,3326.32
11823,2026-04-01 12:00:00,Headphones,South,VIP,4,Net Banking,8.52,Accessories,2500,9148.0,5975.88,3172.12
11824,2026-04-01 18:00:00,Headphones,West,New,3,Debit Card,16.55,Accessories,2500,6258.75,4974.02,1284.73
11825,2026-04-02 00:00:00,Keyboard,West,VIP,3,Debit Card,3.34,Accessories,1500,4349.7,3338.93,1010.77
11826,2026-04-02 06:00:00,Keyboard,Central,VIP,4,Cash,17.01,Accessories,1500,4979.4,4078.41,900.99
11827,2026-04-02 12:00:00,Mouse,West,Returning,4,UPI,4.83,Accessories,800,3045.44,2470.1,575.34
11828,2026-04-02 18:00:00,Smart Watch,Central,Returning,3,Credit Card,11.78,Wearables,5000,13233.0,8618.64,4614.36
11829,2026-04-03 00:00:00,Mouse,South,Returning,2,Credit Card,13.71,Accessories,800,1380.64,1115.67,264.97
11830,2026-04-03 06:00:00,Laptop,Central,New,2,Credit Card,18.1,Electronics,60000,98280.0,63272.02,35007.98
11831,2026-04-03 12:00:00,Mobile Phone,West,New,2,Debit Card,12.15,Electronics,30000,52710.0,43007.46,9702.54
11832,2026-04-03 18:00:00,Keyboard,West,New,4,UPI,9.06,Accessories,1500,5456.4,4324.63,1131.77
11833,2026-04-04 00:00:00,Headphones,Central,VIP,3,Credit Card,11.45,Accessories,2500,6641.25,4930.9,1710.35
11834,2026-04-04 06:00:00,Tablet,Central,Returning,3,Net Banking,4.04,Electronics,20000,57576.0,43789.74,13786.26
11835,2026-04-04 12:00:00,Headphones,Central,VIP,3,Cash,13.78,Accessories,2500,6466.5,4048.16,2418.34
11836,2026-04-04 18:00:00,Mobile Phone,East,New,1,Cash,3.74,Electronics,30000,28878.0,17614.75,11263.25
11837,2026-04-05 00:00:00,Mouse,West,Returning,1,Credit Card,11.14,Accessories,800,710.88,485.29,225.59
11838,2026-04-05 06:00:00,Headphones,West,New,5,Debit Card,12.95,Accessories,2500,10881.25,8763.23,2118.02
11839,2026-04-05 12:00:00,Smart Watch,East,Returning,1,Cash,17.97,Wearables,5000,4101.5,2938.5,1163.0
11840,2026-04-05 18:00:00,Laptop,Central,Returning,2,Cash,9.0,Electronics,60000,109200.0,71618.66,37581.34
11841,2026-04-06 00:00:00,Mobile Phone,South,VIP,2,Cash,15.51,Electronics,30000,50694.0,40993.06,9700.94
11842,2026-04-06 06:00:00,Mouse,Central,VIP,2,Cash,3.35,Accessories,800,1546.4,1016.23,530.17
11843,2026-04-06 12:00:00,Smart Watch,Central,New,2,Credit Card,3.12,Wearables,5000,9688.0,7787.93,1900.07
11844,2026-04-06 18:00:00,Tablet,East,VIP,5,UPI,10.5,Electronics,20000,89500.0,63835.42,25664.58
11845,2026-04-07 00:00:00,Mouse,West,VIP,2,UPI,11.93,Accessories,800,1409.12,1008.75,400.37
11846,2026-04-07 06:00:00,Monitor,Central,VIP,4,Debit Card,12.65,Electronics,12000,41928.0,28015.45,13912.55
11847,2026-04-07 12:00:00,Smart Watch,West,Returning,4,Net Banking,14.91,Wearables,5000,17018.0,14040.59,2977.41
11848,2026-04-07 18:00:00,Smart Watch,North,VIP,4,UPI,5.9,Wearables,5000,18820.0,11709.73,7110.27
11849,2026-04-08 00:00:00,Laptop,West,New,1,Net Banking,12.45,Electronics,60000,52530.0,33414.42,19115.58
11850,2026-04-08 06:00:00,Mobile Phone,South,Returning,3,UPI,3.76,Electronics,30000,86616.0,65739.05,20876.95
11851,2026-04-08 12:00:00,Tablet,South,Returning,5,UPI,4.38,Electronics,20000,95620.0,77694.01,17925.99
11852,2026-04-08 18:00:00,Laptop,Central,VIP,4,Debit Card,1.35,Electronics,60000,236760.0,147705.76,89054.24
11853,2026-04-09 00:00:00,Mouse,West,Returning,4,Cash,14.94,Accessories,800,2721.92,2132.46,589.46
11854,2026-04-09 06:00:00,Laptop,Central,New,2,Debit Card,10.14,Electronics,60000,107832.0,84715.83,23116.17
11855,2026-04-09 12:00:00,Smart Watch,East,New,4,UPI,4.76,Wearables,5000,19048.0,14198.01,4849.99
11856,2026-04-09 18:00:00,Mobile Phone,South,Returning,2,Cash,11.12,Electronics,30000,53328.0,38485.86,14842.14
11857,2026-04-10 00:00:00,Keyboard,Central,VIP,2,Cash,7.08,Accessories,1500,2787.6,1896.33,891.27
11858,2026-04-10 06:00:00,Laptop,East,VIP,3,Cash,16.74,Electronics,60000,149868.0,103089.02,46778.98
11859,2026-04-10 12:00:00,Monitor,Central,Returning,1,Net Banking,10.56,Electronics,12000,10732.8,8249.32,2483.48
11860,2026-04-10 18:00:00,Laptop,West,New,2,UPI,0.6,Electronics,60000,119280.0,73514.87,45765.13
11861,2026-04-11 00:00:00,Mouse,West,Returning,2,Credit Card,19.7,Accessories,800,1284.8,958.76,326.04
11862,2026-04-11 06:00:00,Mouse,West,VIP,3,Debit Card,1.49,Accessories,800,2364.24,1583.29,780.95
11863,2026-04-11 12:00:00,Tablet,West,VIP,2,Net Banking,13.92,Electronics,20000,34432.0,24675.74,9756.26
11864,2026-04-11 18:00:00,Mouse,North,Returning,5,Debit Card,8.75,Accessories,800,3650.0,2700.07,949.93
11865,2026-04-12 00:00:00,Headphones,East,New,1,Credit Card,4.99,Accessories,2500,2375.25,1951.07,424.18
11866,2026-04-12 06:00:00,Mobile Phone,East,Returning,5,Cash,13.53,Electronics,30000,129705.0,96600.23,33104.77
11867,2026-04-12 12:00:00,Mobile Phone,West,New,4,Credit Card,2.52,Electronics,30000,116976.0,76828.65,40147.35
11868,2026-04-12 18:00:00,Keyboard,North,New,1,Debit Card,17.16,Accessories,1500,1242.6,770.24,472.36
11869,2026-04-13 00:00:00,Keyboard,West,Returning,4,Credit Card,5.01,Accessories,1500,5699.4,4313.0,1386.4
11870,2026-04-13 06:00:00,Mobile Phone,North,Returning,2,UPI,7.23,Electronics,30000,55662.0,40981.82,14680.18
11871,2026-04-13 12:00:00,Monitor,West,New,3,Credit Card,12.65,Electronics,12000,31446.0,24148.94,7297.06
11872,2026-04-13 18:00:00,Keyboard,South,New,5,UPI,0.02,Accessories,1500,7498.5,5360.3,2138.2
11873,2026-04-14 00:00:00,Tablet,South,New,4,Credit Card,9.45,Electronics,20000,72440.0,58407.03,14032.97
11874,2026-04-14 06:00:00,Mouse,Central,New,2,UPI,17.88,Accessories,800,1313.92,1090.61,223.31
11875,2026-04-14 12:00:00,Mobile Phone,West,VIP,5,UPI,13.61,Electronics,30000,129585.0,79046.99,50538.01
11876,2026-04-14 18:00:00,Smart Watch,East,Returning,5,Credit Card,7.76,Wearables,5000,23060.0,18125.66,4934.34
11877,2026-04-15 00:00:00,Keyboard,Central,New,4,Net Banking,13.21,Accessories,1500,5207.4,3170.21,2037.19
11878,2026-04-15 06:00:00,Mobile Phone,South,Returning,2,Cash,18.73,Electronics,30000,48762.0,34683.15,14078.85
11879,2026-04-15 12:00:00,Headphones,West,New,3,Cash,3.76,Accessories,2500,7218.0,5163.76,2054.24
11880,2026-04-15 18:00:00,Laptop,Central,Returning,4,Cash,10.64,Electronics,60000,214464.0,166006.85,48457.15
11881,2026-04-16 00:00:00,Mouse,West,Returning,5,UPI,4.69,Accessories,800,3812.4,2623.32,1189.08
11882,2026-04-16 06:00:00,Mobile Phone,South,New,5,Cash,17.08,Electronics,30000,124380.0,100153.93,24226.07
11883,2026-04-16 12:00:00,Laptop,Central,New,1,UPI,14.42,Electronics,60000,51348.0,35210.15,16137.85
11884,2026-04-16 18:00:00,Keyboard,South,Returning,2,Net Banking,16.02,Accessories,1500,2519.4,1727.37,792.03
11885,2026-04-17 00:00:00,Laptop,North,Returning,1,Credit Card,18.86,Electronics,60000,48684.0,31921.62,16762.38
11886,2026-04-17 06:00:00,Mouse,South,Returning,3,Credit Card,4.65,Accessories,800,2288.4,1764.28,524.12
11887,2026-04-17 12:00:00,Mobile Phone,West,VIP,4,UPI,0.97,Electronics,30000,118836.0,73576.93,45259.07
11888,2026-04-17 18:00:00,Headphones,East,New,5,UPI,5.82,Accessories,2500,11772.5,8132.02,3640.48
11889,2026-04-18 00:00:00,Monitor,South,VIP,2,Net Banking,7.98,Electronics,12000,22084.8,14724.44,7360.36
11890,2026-04-18 06:00:00,Keyboard,East,VIP,5,Cash,12.5,Accessories,1500,6562.5,4313.75,2248.75
11891,2026-04-18 12:00:00,Mobile Phone,North,New,1,Net Banking,15.95,Electronics,30000,25215.0,15513.42,9701.58
11892,2026-04-18 18:00:00,Mouse,Central,New,1,Credit Card,7.0,Accessories,800,744.0,481.81,262.19
11893,2026-04-19 00:00:00,Keyboard,Central,VIP,4,Credit Card,9.47,Accessories,1500,5431.8,3865.06,1566.74
11894,2026-04-19 06:00:00,Tablet,East,New,2,Cash,15.71,Electronics,20000,33716.0,24475.64,9240.36
11895,2026-04-19 12:00:00,Laptop,Central,Returning,2,Credit Card,4.51,Electronics,60000,114588.0,76473.3,38114.7
11896,2026-04-19 18:00:00,Monitor,South,Returning,4,UPI,4.34,Electronics,12000,45916.8,35014.36,10902.44
11897,2026-04-20 00:00:00,Mouse,East,VIP,1,Credit Card,11.78,Accessories,800,705.76,482.7,223.06
11898,2026-04-20 06:00:00,Tablet,West,VIP,1,Debit Card,8.72,Electronics,20000,18256.0,12629.71,5626.29
11899,2026-04-20 12:00:00,Smart Watch,South,New,1,Cash,18.98,Wearables,5000,4051.0,3223.2,827.8
11900,2026-04-20 18:00:00,Mobile Phone,South,New,5,Cash,7.14,Electronics,30000,139290.0,102794.86,36495.14
11901,2026-04-21 00:00:00,Headphones,South,VIP,3,Cash,15.19,Accessories,2500,6360.75,5332.18,1028.57
11902,2026-04-21 06:00:00,Keyboard,West,VIP,1,Debit Card,11.66,Accessories,1500,1325.1,914.09,411.01
11903,2026-04-21 12:00:00,Laptop,North,Returning,3,Net Banking,1.09,Electronics,60000,178038.0,143669.57,34368.43
11904,2026-04-21 18:00:00,Keyboard,Central,Returning,3,UPI,1.69,Accessories,1500,4423.95,3470.96,952.99
11905,2026-04-22 00:00:00,Monitor,East,New,2,Cash,4.06,Electronics,12000,23025.6,18939.64,4085.96
11906,2026-04-22 06:00:00,Mobile Phone,North,Returning,4,Credit Card,2.86,Electronics,30000,116568.0,97823.61,18744.39
11907,2026-04-22 12:00:00,Keyboard,East,New,5,UPI,6.59,Accessories,1500,7005.75,4216.89,2788.86
11908,2026-04-22 18:00:00,Laptop,Central,New,3,Credit Card,11.58,Electronics,60000,159156.0,99006.88,60149.12
11909,2026-04-23 00:00:00,Mobile Phone,West,New,5,UPI,12.05,Electronics,30000,131925.0,101395.54,30529.46
11910,2026-04-23 06:00:00,Keyboard,South,Returning,2,UPI,11.76,Accessories,1500,2647.2,1846.55,800.65
11911,2026-04-23 12:00:00,Headphones,South,VIP,1,Credit Card,2.35,Accessories,2500,2441.25,1964.67,476.58
11912,2026-04-23 18:00:00,Mouse,West,VIP,3,Credit Card,12.0,Accessories,800,2112.0,1273.53,838.47
11913,2026-04-24 00:00:00,Mobile Phone,North,Returning,4,UPI,8.19,Electronics,30000,110172.0,88329.78,21842.22
11914,2026-04-24 06:00:00,Mouse,North,VIP,2,Cash,18.06,Accessories,800,1311.04,830.95,480.09
11915,2026-04-24 12:00:00,Smart Watch,East,New,5,Credit Card,18.24,Wearables,5000,20440.0,13747.17,6692.83
11916,2026-04-24 18:00:00,Mobile Phone,West,VIP,1,Debit Card,15.36,Electronics,30000,25392.0,21386.91,4005.09
11917,2026-04-25 00:00:00,Headphones,North,Returning,5,Debit Card,14.06,Accessories,2500,10742.5,6584.07,4158.43
11918,2026-04-25 06:00:00,Mouse,West,VIP,4,UPI,2.3,Accessories,800,3126.4,2148.65,977.75
11919,2026-04-25 12:00:00,Tablet,Central,New,3,Net Banking,1.69,Electronics,20000,58986.0,36638.1,22347.9
11920,2026-04-25 18:00:00,Laptop,South,New,4,UPI,16.82,Electronics,60000,199632.0,162380.89,37251.11
11921,2026-04-26 00:00:00,Tablet,South,Returning,5,UPI,8.54,Electronics,20000,91460.0,70950.46,20509.54
11922,2026-04-26 06:00:00,Keyboard,South,Returning,5,Cash,9.03,Accessories,1500,6822.75,5458.78,1363.97
11923,2026-04-26 12:00:00,Headphones,West,Returning,4,Cash,16.96,Accessories,2500,8304.0,6077.03,2226.97
11924,2026-04-26 18:00:00,Tablet,West,New,4,Net Banking,12.43,Electronics,20000,70056.0,48298.71,21757.29
11925,2026-04-27 00:00:00,Mobile Phone,East,VIP,4,Net Banking,3.59,Electronics,30000,115692.0,69480.96,46211.04
11926,2026-04-27 06:00:00,Keyboard,South,VIP,1,Net Banking,4.22,Accessories,1500,1436.7,961.84,474.86
11927,2026-04-27 12:00:00,Keyboard,East,Returning,5,Net Banking,0.13,Accessories,1500,7490.25,5457.68,2032.57
11928,2026-04-27 18:00:00,Tablet,South,VIP,2,Net Banking,14.21,Electronics,20000,34316.0,26289.16,8026.84
11929,2026-04-28 00:00:00,Smart Watch,East,VIP,1,UPI,9.71,Wearables,5000,4514.5,2967.08,1547.42
11930,2026-04-28 06:00:00,Tablet,East,Returning,1,UPI,19.0,Electronics,20000,16200.0,10282.55,5917.45
11931,2026-04-28 12:00:00,Smart Watch,Central,Returning,1,Debit Card,14.28,Wearables,5000,4286.0,2787.63,1498.37
11932,2026-04-28 18:00:00,Headphones,East,New,2,Debit Card,2.06,Accessories,2500,4897.0,3371.68,1525.32
11933,2026-04-29 00:00:00,Laptop,West,New,4,Credit Card,3.23,Electronics,60000,232248.0,147963.94,84284.06
11934,2026-04-29 06:00:00,Tablet,East,New,5,UPI,10.03,Electronics,20000,89970.0,57509.21,32460.79
11935,2026-04-29 12:00:00,Monitor,South,New,3,Net Banking,18.5,Electronics,12000,29340.0,17924.92,11415.08
11936,2026-04-29 18:00:00,Smart Watch,East,VIP,3,Credit Card,4.95,Wearables,5000,14257.5,11608.19,2649.31
11937,2026-04-30 00:00:00,Tablet,North,VIP,5,Cash,16.51,Electronics,20000,83490.0,54680.91,28809.09
11938,2026-04-30 06:00:00,Mouse,South,New,2,UPI,6.25,Accessories,800,1500.0,1208.21,291.79
11939,2026-04-30 12:00:00,Mobile Phone,North,New,3,Debit Card,5.4,Electronics,30000,85140.0,60413.42,24726.58
11940,2026-04-30 18:00:00,Monitor,South,Returning,1,UPI,18.03,Electronics,12000,9836.4,7457.07,2379.33
11941,2026-05-01 00:00:00,Monitor,West,VIP,3,UPI,0.94,Electronics,12000,35661.6,22071.87,13589.73
11942,2026-05-01 06:00:00,Smart Watch,West,VIP,5,UPI,13.21,Wearables,5000,21697.5,16184.06,5513.44
11943,2026-05-01 12:00:00,Mouse,West,New,1,UPI,0.86,Accessories,800,793.12,533.37,259.75
11944,2026-05-01 18:00:00,Mouse,North,VIP,3,Cash,16.02,Accessories,800,2015.52,1257.29,758.23
11945,2026-05-02 00:00:00,Keyboard,Central,Returning,5,Debit Card,16.59,Accessories,1500,6255.75,5173.87,1081.88
11946,2026-05-02 06:00:00,Smart Watch,South,Returning,2,UPI,17.87,Wearables,5000,8213.0,6167.2,2045.8
11947,2026-05-02 12:00:00,Laptop,West,VIP,5,Cash,3.72,Electronics,60000,288840.0,190757.71,98082.29
11948,2026-05-02 18:00:00,Mobile Phone,South,New,2,Credit Card,2.49,Electronics,30000,58506.0,41241.58,17264.42
11949,2026-05-03 00:00:00,Headphones,North,VIP,1,UPI,10.07,Accessories,2500,2248.25,1549.55,698.7
11950,2026-05-03 06:00:00,Monitor,Central,Returning,5,Cash,5.43,Electronics,12000,56742.0,43983.27,12758.73
11951,2026-05-03 12:00:00,Headphones,North,New,4,Net Banking,12.13,Accessories,2500,8787.0,6606.58,2180.42
11952,2026-05-03 18:00:00,Tablet,South,VIP,4,Credit Card,10.27,Electronics,20000,71784.0,43425.41,28358.59
11953,2026-05-04 00:00:00,Tablet,Central,New,4,Debit Card,2.9,Electronics,20000,77680.0,50449.8,27230.2
11954,2026-05-04 06:00:00,Headphones,Central,New,4,UPI,14.79,Accessories,2500,8521.0,6131.13,2389.87
11955,2026-05-04 12:00:00,Tablet,North,Returning,4,UPI,16.08,Electronics,20000,67136.0,47758.63,19377.37
11956,2026-05-04 18:00:00,Laptop,West,New,2,Cash,19.26,Electronics,60000,96888.0,70647.7,26240.3
11957,2026-05-05 00:00:00,Mouse,South,VIP,5,Debit Card,7.91,Accessories,800,3683.6,2868.43,815.17
11958,2026-05-05 06:00:00,Tablet,East,New,1,Net Banking,6.75,Electronics,20000,18650.0,14369.87,4280.13
11959,2026-05-05 12:00:00,Keyboard,East,New,4,Credit Card,3.85,Accessories,1500,5769.0,3999.09,1769.91
11960,2026-05-05 18:00:00,Tablet,North,VIP,4,Debit Card,3.62,Electronics,20000,77104.0,63178.66,13925.34
11961,2026-05-06 00:00:00,Mobile Phone,South,Returning,1,UPI,6.42,Electronics,30000,28074.0,17286.09,10787.91
11962,2026-05-06 06:00:00,Laptop,South,Returning,1,Cash,19.64,Electronics,60000,48216.0,35975.28,12240.72
11963,2026-05-06 12:00:00,Mobile Phone,North,VIP,4,Net Banking,1.85,Electronics,30000,117780.0,98631.49,19148.51
11964,2026-05-06 18:00:00,Mobile Phone,South,VIP,2,Cash,5.19,Electronics,30000,56886.0,41940.36,14945.64
11965,2026-05-07 00:00:00,Keyboard,West,Returning,1,Credit Card,1.72,Accessories,1500,1474.2,1052.25,421.95
11966,2026-05-07 06:00:00,Laptop,North,New,5,Debit Card,5.47,Electronics,60000,283590.0,179648.42,103941.58
11967,2026-05-07 12:00:00,Laptop,West,VIP,5,Cash,1.85,Electronics,60000,294450.0,236310.04,58139.96
11968,2026-05-07 18:00:00,Smart Watch,South,New,2,Cash,10.17,Wearables,5000,8983.0,6229.25,2753.75
11969,2026-05-08 00:00:00,Laptop,North,VIP,3,UPI,8.77,Electronics,60000,164214.0,127317.0,36897.0
11970,2026-05-08 06:00:00,Laptop,South,Returning,2,Cash,3.48,Electronics,60000,115824.0,75214.57,40609.43
11971,2026-05-08 12:00:00,Laptop,North,New,4,Net Banking,3.5,Electronics,60000,231600.0,141383.88,90216.12
11972,2026-05-08 18:00:00,Keyboard,South,New,3,Debit Card,12.52,Accessories,1500,3936.6,2662.59,1274.01
11973,2026-05-09 00:00:00,Tablet,West,VIP,4,Credit Card,7.74,Electronics,20000,73808.0,49477.45,24330.55
11974,2026-05-09 06:00:00,Smart Watch,West,New,5,Cash,1.12,Wearables,5000,24720.0,20230.08,4489.92
11975,2026-05-09 12:00:00,Mobile Phone,South,VIP,1,Net Banking,18.4,Electronics,30000,24480.0,19979.8,4500.2
11976,2026-05-09 18:00:00,Laptop,North,Returning,4,Credit Card,8.1,Electronics,60000,220560.0,161774.93,58785.07
11977,2026-05-10 00:00:00,Monitor,East,New,5,Net Banking,11.82,Electronics,12000,52908.0,31996.1,20911.9
11978,2026-05-10 06:00:00,Tablet,West,VIP,2,Cash,17.71,Electronics,20000,32916.0,21628.48,11287.52
11979,2026-05-10 12:00:00,Tablet,West,New,4,Cash,8.04,Electronics,20000,73568.0,55893.52,17674.48
11980,2026-05-10 18:00:00,Mobile Phone,East,VIP,5,Debit Card,16.41,Electronics,30000,125385.0,78409.77,46975.23
11981,2026-05-11 00:00:00,Keyboard,South,VIP,1,UPI,18.3,Accessories,1500,1225.5,949.95,275.55
11982,2026-05-11 06:00:00,Headphones,North,VIP,4,Net Banking,3.48,Accessories,2500,9652.0,5820.06,3831.94
11983,2026-05-11 12:00:00,Headphones,South,Returning,5,UPI,17.85,Accessories,2500,10268.75,7913.45,2355.3
11984,2026-05-11 18:00:00,Tablet,Central,New,4,UPI,2.4,Electronics,20000,78080.0,63333.41,14746.59
11985,2026-05-12 00:00:00,Mouse,West,Returning,1,Credit Card,5.5,Accessories,800,756.0,542.28,213.72
11986,2026-05-12 06:00:00,Mouse,Central,VIP,4,Credit Card,16.16,Accessories,800,2682.88,2165.81,517.07
11987,2026-05-12 12:00:00,Mobile Phone,West,VIP,4,Net Banking,18.01,Electronics,30000,98388.0,78256.04,20131.96
11988,2026-05-12 18:00:00,Headphones,West,Returning,5,UPI,13.68,Accessories,2500,10790.0,8285.15,2504.85
11989,2026-05-13 00:00:00,Tablet,Central,Returning,3,Debit Card,2.1,Electronics,20000,58740.0,41781.02,16958.98
11990,2026-05-13 06:00:00,Keyboard,Central,New,4,UPI,10.46,Accessories,1500,5372.4,3588.63,1783.77
11991,2026-05-13 12:00:00,Headphones,South,VIP,3,Credit Card,11.45,Accessories,2500,6641.25,5414.05,1227.2
11992,2026-05-13 18:00:00,Tablet,Central,Returning,2,UPI,5.64,Electronics,20000,37744.0,28766.5,8977.5
11993,2026-05-14 00:00:00,Tablet,South,VIP,4,Cash,19.83,Electronics,20000,64136.0,51277.0,12859.0
11994,2026-05-14 06:00:00,Laptop,South,VIP,3,Cash,6.71,Electronics,60000,167922.0,123925.05,43996.95
11995,2026-05-14 12:00:00,Keyboard,South,New,2,Debit Card,4.21,Accessories,1500,2873.7,1847.69,1026.01
11996,2026-05-14 18:00:00,Laptop,West,New,5,Net Banking,2.2,Electronics,60000,293400.0,247881.77,45518.23
11997,2026-05-15 00:00:00,Mobile Phone,West,New,4,UPI,7.57,Electronics,30000,110916.0,71616.76,39299.24
11998,2026-05-15 06:00:00,Laptop,Central,Returning,5,Cash,13.85,Electronics,60000,258450.0,213947.59,44502.41
11999,2026-05-15 12:00:00,Monitor,West,VIP,2,Net Banking,4.63,Electronics,12000,22888.8,14924.29,7964.51
12000,2026-05-15 18:00:00,Laptop,Central,Returning,5,Cash,15.39,Electronics,60000,253830.0,176015.21,77814.79
12001,2026-05-16 00:00:00,Monitor,West,Returning,5,Net Banking,2.71,Electronics,12000,58374.0,41446.76,16927.24
12002,2026-05-16 06:00:00,Headphones,North,New,1,Net Banking,8.81,Accessories,2500,2279.75,1892.98,386.77
12003,2026-05-16 12:00:00,Mouse,North,VIP,2,Cash,14.05,Accessories,800,1375.2,1130.48,244.72
12004,2026-05-16 18:00:00,Smart Watch,Central,VIP,5,Credit Card,2.71,Wearables,5000,24322.5,19599.2,4723.3
12005,2026-05-17 00:00:00,Smart Watch,West,New,3,Net Banking,11.96,Wearables,5000,13206.0,9167.19,4038.81
12006,2026-05-17 06:00:00,Tablet,West,VIP,2,UPI,15.98,Electronics,20000,33608.0,20202.55,13405.45
12007,2026-05-17 12:00:00,Smart Watch,South,New,1,Cash,11.91,Wearables,5000,4404.5,3393.21,1011.29
12008,2026-05-17 18:00:00,Monitor,East,Returning,4,Credit Card,10.23,Electronics,12000,43089.6,30280.72,12808.88
12009,2026-05-18 00:00:00,Keyboard,Central,Returning,5,Cash,16.77,Accessories,1500,6242.25,4926.79,1315.46
12010,2026-05-18 06:00:00,Laptop,East,New,3,Debit Card,19.71,Electronics,60000,144522.0,115431.6,29090.4
12011,2026-05-18 12:00:00,Monitor,East,Returning,1,UPI,3.63,Electronics,12000,11564.4,8209.92,3354.48
12012,2026-05-18 18:00:00,Keyboard,Central,Returning,2,Debit Card,13.83,Accessories,1500,2585.1,2034.54,550.56
12013,2026-05-19 00:00:00,Mouse,West,New,5,Net Banking,1.61,Accessories,800,3935.6,3187.77,747.83
12014,2026-05-19 06:00:00,Smart Watch,Central,Returning,1,Net Banking,0.86,Wearables,5000,4957.0,4124.81,832.19
12015,2026-05-19 12:00:00,Mouse,East,VIP,1,Debit Card,5.62,Accessories,800,755.04,562.97,192.07
12016,2026-05-19 18:00:00,Smart Watch,West,Returning,3,Debit Card,19.42,Wearables,5000,12087.0,9604.57,2482.43
12017,2026-05-20 00:00:00,Laptop,North,New,4,Net Banking,11.04,Electronics,60000,213504.0,154500.29,59003.71
12018,2026-05-20 06:00:00,Mobile Phone,Central,VIP,4,Credit Card,5.37,Electronics,30000,113556.0,69316.37,44239.63
12019,2026-05-20 12:00:00,Laptop,Central,VIP,4,UPI,2.65,Electronics,60000,233640.0,149250.48,84389.52
12020,2026-05-20 18:00:00,Headphones,West,Returning,2,Cash,18.4,Accessories,2500,4080.0,2578.79,1501.21
12021,2026-05-21 00:00:00,Monitor,North,VIP,1,Debit Card,7.25,Electronics,12000,11130.0,7155.94,3974.06
12022,2026-05-21 06:00:00,Tablet,North,New,2,UPI,6.13,Electronics,20000,37548.0,22624.67,14923.33
12023,2026-05-21 12:00:00,Mobile Phone,West,VIP,1,Cash,17.16,Electronics,30000,24852.0,20246.35,4605.65
12024,2026-05-21 18:00:00,Laptop,South,Returning,3,Cash,12.09,Electronics,60000,158238.0,117102.03,41135.97
12025,2026-05-22 00:00:00,Keyboard,Central,Returning,3,Debit Card,3.37,Accessories,1500,4348.35,3025.53,1322.82
12026,2026-05-22 06:00:00,Mobile Phone,Central,VIP,2,Credit Card,8.43,Electronics,30000,54942.0,38593.72,16348.28
12027,2026-05-22 12:00:00,Monitor,East,New,2,Credit Card,18.56,Electronics,12000,19545.6,13991.48,5554.12
12028,2026-05-22 18:00:00,Smart Watch,West,New,3,UPI,18.02,Wearables,5000,12297.0,7605.34,4691.66
12029,2026-05-23 00:00:00,Mobile Phone,East,Returning,5,UPI,1.4,Electronics,30000,147900.0,98895.75,49004.25
12030,2026-05-23 06:00:00,Smart Watch,East,Returning,4,Net Banking,5.37,Wearables,5000,18926.0,15385.07,3540.93
12031,2026-05-23 12:00:00,Monitor,North,New,4,Credit Card,3.09,Electronics,12000,46516.8,36558.43,9958.37
12032,2026-05-23 18:00:00,Laptop,Central,VIP,3,UPI,10.68,Electronics,60000,160776.0,119111.12,41664.88
12033,2026-05-24 00:00:00,Monitor,East,VIP,4,Net Banking,15.0,Electronics,12000,40800.0,29383.18,11416.82
12034,2026-05-24 06:00:00,Mobile Phone,North,VIP,5,Cash,5.91,Electronics,30000,141135.0,93818.55,47316.45
12035,2026-05-24 12:00:00,Keyboard,West,VIP,5,UPI,15.16,Accessories,1500,6363.0,4567.45,1795.55
12036,2026-05-24 18:00:00,Mouse,East,New,1,Net Banking,13.37,Accessories,800,693.04,519.41,173.63
12037,2026-05-25 00:00:00,Mobile Phone,Central,Returning,2,Credit Card,14.56,Electronics,30000,51264.0,39891.57,11372.43
12038,2026-05-25 06:00:00,Monitor,East,Returning,4,Cash,18.96,Electronics,12000,38899.2,24960.06,13939.14
12039,2026-05-25 12:00:00,Mouse,West,VIP,5,UPI,8.49,Accessories,800,3660.4,2940.32,720.08
12040,2026-05-25 18:00:00,Monitor,East,New,2,Credit Card,6.85,Electronics,12000,22356.0,15346.34,7009.66
12041,2026-05-26 00:00:00,Keyboard,Central,New,2,Cash,13.68,Accessories,1500,2589.6,1879.57,710.03
12042,2026-05-26 06:00:00,Monitor,North,VIP,1,Debit Card,16.15,Electronics,12000,10062.0,7566.38,2495.62
12043,2026-05-26 12:00:00,Laptop,Central,VIP,2,Credit Card,3.83,Electronics,60000,115404.0,83324.43,32079.57
12044,2026-05-26 18:00:00,Tablet,North,VIP,2,Debit Card,16.94,Electronics,20000,33224.0,24685.07,8538.93
12045,2026-05-27 00:00:00,Smart Watch,South,Returning,3,UPI,1.16,Wearables,5000,14826.0,9308.96,5517.04
12046,2026-05-27 06:00:00,Smart Watch,Central,VIP,1,Net Banking,0.13,Wearables,5000,4993.5,3535.59,1457.91
12047,2026-05-27 12:00:00,Mobile Phone,Central,Returning,1,UPI,3.17,Electronics,30000,29049.0,19466.22,9582.78
12048,2026-05-27 18:00:00,Tablet,West,New,4,Credit Card,19.57,Electronics,20000,64344.0,39990.22,24353.78
12049,2026-05-28 00:00:00,Monitor,East,New,2,Debit Card,10.47,Electronics,12000,21487.2,13921.82,7565.38
12050,2026-05-28 06:00:00,Keyboard,North,Returning,4,Debit Card,0.93,Accessories,1500,5944.2,4461.78,1482.42
12051,2026-05-28 12:00:00,Mobile Phone,North,Returning,5,Cash,19.94,Electronics,30000,120090.0,77959.02,42130.98
12052,2026-05-28 18:00:00,Monitor,West,Returning,2,UPI,14.9,Electronics,12000,20424.0,13178.91,7245.09
12053,2026-05-29 00:00:00,Mouse,West,Returning,5,UPI,16.76,Accessories,800,3329.6,2457.94,871.66
12054,2026-05-29 06:00:00,Headphones,East,VIP,3,Credit Card,4.26,Accessories,2500,7180.5,5932.35,1248.15
12055,2026-05-29 12:00:00,Monitor,East,New,2,Debit Card,2.11,Electronics,12000,23493.6,18728.47,4765.13
12056,2026-05-29 18:00:00,Tablet,Central,VIP,4,Credit Card,10.3,Electronics,20000,71760.0,59293.3,12466.7
12057,2026-05-30 00:00:00,Mobile Phone,South,Returning,4,Credit Card,15.44,Electronics,30000,101472.0,75672.24,25799.76
12058,2026-05-30 06:00:00,Tablet,East,VIP,2,Debit Card,12.76,Electronics,20000,34896.0,24513.83,10382.17
12059,2026-05-30 12:00:00,Mobile Phone,West,VIP,4,Credit Card,12.62,Electronics,30000,104856.0,82040.42,22815.58
12060,2026-05-30 18:00:00,Monitor,East,New,2,Debit Card,15.14,Electronics,12000,20366.4,13550.6,6815.8
12061,2026-05-31 00:00:00,Laptop,North,VIP,1,Credit Card,4.54,Electronics,60000,57276.0,35483.25,21792.75
12062,2026-05-31 06:00:00,Mouse,South,New,4,Net Banking,13.23,Accessories,800,2776.64,1905.2,871.44
12063,2026-05-31 12:00:00,Monitor,Central,Returning,2,Credit Card,7.84,Electronics,12000,22118.4,14925.7,7192.7
12064,2026-05-31 18:00:00,Smart Watch,North,VIP,2,Credit Card,1.4,Wearables,5000,9860.0,7581.2,2278.8
12065,2026-06-01 00:00:00,Tablet,North,Returning,4,Net Banking,4.04,Electronics,20000,76768.0,56642.55,20125.45
12066,2026-06-01 06:00:00,Headphones,South,New,1,UPI,15.88,Accessories,2500,2103.0,1334.49,768.51
12067,2026-06-01 12:00:00,Headphones,Central,Returning,4,Debit Card,17.92,Accessories,2500,8208.0,6789.05,1418.95
12068,2026-06-01 18:00:00,Keyboard,West,Returning,2,Cash,5.66,Accessories,1500,2830.2,2117.94,712.26
12069,2026-06-02 00:00:00,Mobile Phone,Central,New,1,Net Banking,3.81,Electronics,30000,28857.0,20616.05,8240.95
12070,2026-06-02 06:00:00,Tablet,East,Returning,5,UPI,0.53,Electronics,20000,99470.0,82987.69,16482.31
12071,2026-06-02 12:00:00,Keyboard,North,Returning,3,Credit Card,18.95,Accessories,1500,3647.25,2277.07,1370.18
12072,2026-06-02 18:00:00,Tablet,East,Returning,4,UPI,13.68,Electronics,20000,69056.0,55065.13,13990.87
12073,2026-06-03 00:00:00,Smart Watch,West,VIP,2,Net Banking,19.14,Wearables,5000,8086.0,5588.77,2497.23
12074,2026-06-03 06:00:00,Mobile Phone,East,Returning,1,Credit Card,17.28,Electronics,30000,24816.0,19203.8,5612.2
12075,2026-06-03 12:00:00,Monitor,Central,New,1,UPI,6.81,Electronics,12000,11182.8,9311.71,1871.09
12076,2026-06-03 18:00:00,Monitor,East,VIP,5,Cash,2.25,Electronics,12000,58650.0,42780.97,15869.03
12077,2026-06-04 00:00:00,Headphones,West,VIP,4,Debit Card,9.98,Accessories,2500,9002.0,5452.15,3549.85
12078,2026-06-04 06:00:00,Monitor,West,New,1,Debit Card,0.54,Electronics,12000,11935.2,7247.2,4688.0
12079,2026-06-04 12:00:00,Monitor,West,Returning,5,Net Banking,3.0,Electronics,12000,58200.0,39729.66,18470.34
12080,2026-06-04 18:00:00,Smart Watch,Central,VIP,2,Credit Card,4.67,Wearables,5000,9533.0,7582.69,1950.31
12081,2026-06-05 00:00:00,Laptop,West,VIP,5,Credit Card,13.31,Electronics,60000,260070.0,174784.03,85285.97
12082,2026-06-05 06:00:00,Headphones,North,VIP,4,Debit Card,10.2,Accessories,2500,8980.0,6138.88,2841.12
12083,2026-06-05 12:00:00,Keyboard,West,Returning,5,UPI,6.05,Accessories,1500,7046.25,5609.63,1436.62
12084,2026-06-05 18:00:00,Mouse,East,VIP,1,Credit Card,11.3,Accessories,800,709.6,446.37,263.23
12085,2026-06-06 00:00:00,Laptop,East,New,1,Cash,2.5,Electronics,60000,58500.0,47484.64,11015.36
12086,2026-06-06 06:00:00,Keyboard,East,Returning,3,Cash,15.11,Accessories,1500,3820.05,2545.87,1274.18
12087,2026-06-06 12:00:00,Mobile Phone,Central,New,5,Credit Card,14.24,Electronics,30000,128640.0,78831.33,49808.67
12088,2026-06-06 18:00:00,Laptop,East,New,2,Credit Card,4.33,Electronics,60000,114804.0,72250.25,42553.75
12089,2026-06-07 00:00:00,Smart Watch,Central,VIP,4,Debit Card,12.13,Wearables,5000,17574.0,14729.45,2844.55
12090,2026-06-07 06:00:00,Keyboard,Central,VIP,3,Net Banking,10.07,Accessories,1500,4046.85,2884.72,1162.13
12091,2026-06-07 12:00:00,Mobile Phone,West,VIP,5,Debit Card,1.22,Electronics,30000,148170.0,98401.11,49768.89
12092,2026-06-07 18:00:00,Headphones,North,New,2,Net Banking,5.56,Accessories,2500,4722.0,3448.56,1273.44
12093,2026-06-08 00:00:00,Mouse,West,Returning,3,Cash,19.99,Accessories,800,1920.24,1479.71,440.53
12094,2026-06-08 06:00:00,Mobile Phone,West,VIP,1,Net Banking,1.99,Electronics,30000,29403.0,19985.21,9417.79
12095,2026-06-08 12:00:00,Monitor,Central,VIP,4,Debit Card,10.13,Electronics,12000,43137.6,33704.17,9433.43
12096,2026-06-08 18:00:00,Tablet,Central,New,5,Credit Card,16.99,Electronics,20000,83010.0,55040.86,27969.14
12097,2026-06-09 00:00:00,Mobile Phone,East,Returning,2,Net Banking,6.01,Electronics,30000,56394.0,35420.19,20973.81
12098,2026-06-09 06:00:00,Mobile Phone,East,New,1,Debit Card,5.21,Electronics,30000,28437.0,20970.21,7466.79
12099,2026-06-09 12:00:00,Mouse,West,VIP,3,Cash,17.82,Accessories,800,1972.32,1257.91,714.41
12100,2026-06-09 18:00:00,Tablet,South,New,4,Net Banking,6.1,Electronics,20000,75120.0,62734.31,12385.69
12101,2026-06-10 00:00:00,Monitor,South,VIP,3,Cash,13.03,Electronics,12000,31309.2,18789.03,12520.17
12102,2026-06-10 06:00:00,Keyboard,East,Returning,3,Cash,14.81,Accessories,1500,3833.55,3024.38,809.17
12103,2026-06-10 12:00:00,Keyboard,South,New,2,UPI,15.77,Accessories,1500,2526.9,1692.69,834.21
12104,2026-06-10 18:00:00,Mobile Phone,East,VIP,1,Net Banking,19.9,Electronics,30000,24030.0,19500.87,4529.13
12105,2026-06-11 00:00:00,Smart Watch,Central,VIP,5,Debit Card,16.06,Wearables,5000,20985.0,12906.57,8078.43
12106,2026-06-11 06:00:00,Smart Watch,West,VIP,2,Net Banking,13.14,Wearables,5000,8686.0,7281.04,1404.96
12107,2026-06-11 12:00:00,Tablet,North,VIP,4,Net Banking,17.91,Electronics,20000,65672.0,41067.9,24604.1
12108,2026-06-11 18:00:00,Tablet,West,New,3,Cash,18.11,Electronics,20000,49134.0,39158.36,9975.64
12109,2026-06-12 00:00:00,Monitor,East,VIP,4,Cash,19.46,Electronics,12000,38659.2,28195.53,10463.67
12110,2026-06-12 06:00:00,Mouse,East,New,2,Cash,15.53,Accessories,800,1351.52,956.33,395.19
12111,2026-06-12 12:00:00,Headphones,West,VIP,2,Cash,3.9,Accessories,2500,4805.0,3219.54,1585.46
12112,2026-06-12 18:00:00,Keyboard,East,New,5,Debit Card,14.2,Accessories,1500,6435.0,5214.55,1220.45
12113,2026-06-13 00:00:00,Mouse,South,New,3,Credit Card,1.5,Accessories,800,2364.0,1536.45,827.55
12114,2026-06-13 06:00:00,Laptop,South,VIP,2,UPI,6.36,Electronics,60000,112368.0,87681.91,24686.09
12115,2026-06-13 12:00:00,Keyboard,East,VIP,4,Cash,2.32,Accessories,1500,5860.8,4169.65,1691.15
12116,2026-06-13 18:00:00,Mouse,East,VIP,5,Cash,19.0,Accessories,800,3240.0,2752.78,487.22
12117,2026-06-14 00:00:00,Keyboard,South,VIP,4,UPI,6.78,Accessories,1500,5593.2,4210.84,1382.36
12118,2026-06-14 06:00:00,Headphones,East,Returning,3,Cash,14.26,Accessories,2500,6430.5,4025.8,2404.7
12119,2026-06-14 12:00:00,Laptop,East,VIP,5,Credit Card,11.43,Electronics,60000,265710.0,187293.74,78416.26
12120,2026-06-14 18:00:00,Smart Watch,West,VIP,5,Net Banking,2.15,Wearables,5000,24462.5,15082.96,9379.54
12121,2026-06-15 00:00:00,Smart Watch,North,VIP,5,UPI,11.23,Wearables,5000,22192.5,14900.35,7292.15
12122,2026-06-15 06:00:00,Headphones,South,New,1,Debit Card,13.22,Accessories,2500,2169.5,1487.91,681.59
12123,2026-06-15 12:00:00,Monitor,West,VIP,5,UPI,17.63,Electronics,12000,49422.0,40194.62,9227.38
12124,2026-06-15 18:00:00,Laptop,North,New,4,Credit Card,1.4,Electronics,60000,236640.0,191559.34,45080.66
12125,2026-06-16 00:00:00,Mobile Phone,East,New,4,Debit Card,5.91,Electronics,30000,112908.0,68071.03,44836.97
12126,2026-06-16 06:00:00,Mouse,East,New,3,Net Banking,13.85,Accessories,800,2067.6,1515.69,551.91
12127,2026-06-16 12:00:00,Laptop,West,New,2,Cash,0.69,Electronics,60000,119172.0,78163.24,41008.76
12128,2026-06-16 18:00:00,Monitor,East,Returning,2,UPI,4.07,Electronics,12000,23023.2,15656.31,7366.89
12129,2026-06-17 00:00:00,Monitor,Central,VIP,1,Debit Card,4.37,Electronics,12000,11475.6,6947.48,4528.12
12130,2026-06-17 06:00:00,Headphones,West,New,5,UPI,13.39,Accessories,2500,10826.25,8524.98,2301.27
12131,2026-06-17 12:00:00,Keyboard,North,VIP,1,Net Banking,5.72,Accessories,1500,1414.2,1184.6,229.6
12132,2026-06-17 18:00:00,Laptop,West,New,3,UPI,11.99,Electronics,60000,158418.0,103734.76,54683.24
12133,2026-06-18 00:00:00,Mouse,South,Returning,3,Debit Card,19.31,Accessories,800,1936.56,1327.4,609.16
12134,2026-06-18 06:00:00,Laptop,West,New,2,Credit Card,15.86,Electronics,60000,100968.0,65791.61,35176.39
12135,2026-06-18 12:00:00,Tablet,East,VIP,3,Debit Card,6.66,Electronics,20000,56004.0,46624.01,9379.99
12136,2026-06-18 18:00:00,Keyboard,East,VIP,5,UPI,9.45,Accessories,1500,6791.25,4090.63,2700.62
12137,2026-06-19 00:00:00,Mouse,Central,Returning,4,Net Banking,4.01,Accessories,800,3071.68,2291.37,780.31
12138,2026-06-19 06:00:00,Smart Watch,Central,VIP,3,Cash,0.31,Wearables,5000,14953.5,12227.34,2726.16
12139,2026-06-19 12:00:00,Mouse,Central,VIP,1,Cash,5.79,Accessories,800,753.68,487.31,266.37
12140,2026-06-19 18:00:00,Mobile Phone,North,New,5,Net Banking,7.39,Electronics,30000,138915.0,103838.8,35076.2
12141,2026-06-20 00:00:00,Headphones,Central,VIP,3,UPI,11.29,Accessories,2500,6653.25,4076.19,2577.06
12142,2026-06-20 06:00:00,Mobile Phone,North,New,3,Net Banking,18.88,Electronics,30000,73008.0,58672.61,14335.39
12143,2026-06-20 12:00:00,Mouse,Central,Returning,5,UPI,18.96,Accessories,800,3241.6,2167.36,1074.24
12144,2026-06-20 18:00:00,Keyboard,North,VIP,3,Debit Card,1.4,Accessories,1500,4437.0,3758.97,678.03
12145,2026-06-21 00:00:00,Laptop,West,New,4,Credit Card,12.29,Electronics,60000,210504.0,174824.08,35679.92
12146,2026-06-21 06:00:00,Smart Watch,West,VIP,2,UPI,0.85,Wearables,5000,9915.0,7764.72,2150.28
12147,2026-06-21 12:00:00,Laptop,East,New,5,Cash,12.96,Electronics,60000,261120.0,189105.89,72014.11
12148,2026-06-21 18:00:00,Keyboard,North,Returning,1,Cash,2.35,Accessories,1500,1464.75,1159.57,305.18
12149,2026-06-22 00:00:00,Mouse,South,New,3,Credit Card,18.93,Accessories,800,1945.68,1230.94,714.74
12150,2026-06-22 06:00:00,Monitor,East,VIP,2,UPI,17.29,Electronics,12000,19850.4,13449.64,6400.76
12151,2026-06-22 12:00:00,Laptop,West,New,1,Credit Card,0.45,Electronics,60000,59730.0,36239.63,23490.37
12152,2026-06-22 18:00:00,Monitor,North,VIP,1,Debit Card,15.64,Electronics,12000,10123.2,7706.35,2416.85
12153,2026-06-23 00:00:00,Laptop,Central,Returning,4,Credit Card,12.72,Electronics,60000,209472.0,167867.6,41604.4
12154,2026-06-23 06:00:00,Laptop,South,New,2,Debit Card,9.91,Electronics,60000,108108.0,90440.06,17667.94
12155,2026-06-23 12:00:00,Smart Watch,West,VIP,5,Cash,12.05,Wearables,5000,21987.5,16966.14,5021.36
12156,2026-06-23 18:00:00,Headphones,East,VIP,2,Debit Card,13.57,Accessories,2500,4321.5,3383.83,937.67
12157,2026-06-24 00:00:00,Headphones,North,VIP,2,UPI,17.69,Accessories,2500,4115.5,3390.61,724.89
12158,2026-06-24 06:00:00,Tablet,South,New,1,UPI,15.35,Electronics,20000,16930.0,14121.22,2808.78
12159,2026-06-24 12:00:00,Mobile Phone,North,New,4,UPI,11.51,Electronics,30000,106188.0,76755.28,29432.72
12160,2026-06-24 18:00:00,Keyboard,Central,New,4,UPI,16.49,Accessories,1500,5010.6,3143.89,1866.71
12161,2026-06-25 00:00:00,Keyboard,East,Returning,2,Net Banking,19.74,Accessories,1500,2407.8,1725.44,682.36
12162,2026-06-25 06:00:00,Keyboard,North,VIP,2,Debit Card,6.0,Accessories,1500,2820.0,2084.03,735.97
12163,2026-06-25 12:00:00,Tablet,West,VIP,3,UPI,2.37,Electronics,20000,58578.0,44395.46,14182.54
12164,2026-06-25 18:00:00,Headphones,East,Returning,1,Credit Card,14.63,Accessories,2500,2134.25,1808.4,325.85
12165,2026-06-26 00:00:00,Mouse,West,Returning,5,Credit Card,19.57,Accessories,800,3217.2,2668.32,548.88
12166,2026-06-26 06:00:00,Monitor,North,New,5,Net Banking,2.33,Electronics,12000,58602.0,40968.13,17633.87
12167,2026-06-26 12:00:00,Smart Watch,East,New,4,Debit Card,8.63,Wearables,5000,18274.0,11482.71,6791.29
12168,2026-06-26 18:00:00,Monitor,West,New,1,Debit Card,1.25,Electronics,12000,11850.0,7746.32,4103.68
12169,2026-06-27 00:00:00,Mouse,Central,New,4,Debit Card,15.53,Accessories,800,2703.04,1739.27,963.77
12170,2026-06-27 06:00:00,Smart Watch,Central,New,5,Net Banking,18.97,Wearables,5000,20257.5,13957.48,6300.02
12171,2026-06-27 12:00:00,Tablet,North,New,2,Debit Card,9.98,Electronics,20000,36008.0,29494.96,6513.04
12172,2026-06-27 18:00:00,Mouse,East,Returning,1,Debit Card,8.19,Accessories,800,734.48,521.11,213.37
12173,2026-06-28 00:00:00,Keyboard,South,Returning,1,UPI,18.15,Accessories,1500,1227.75,910.77,316.98
12174,2026-06-28 06:00:00,Mobile Phone,East,Returning,3,Debit Card,2.67,Electronics,30000,87597.0,56481.82,31115.18
12175,2026-06-28 12:00:00,Laptop,Central,VIP,2,UPI,17.83,Electronics,60000,98604.0,71311.6,27292.4
12176,2026-06-28 18:00:00,Monitor,West,VIP,2,UPI,7.84,Electronics,12000,22118.4,18101.85,4016.55
12177,2026-06-29 00:00:00,Headphones,South,New,4,Debit Card,11.19,Accessories,2500,8881.0,7045.88,1835.12
12178,2026-06-29 06:00:00,Headphones,North,Returning,1,Credit Card,10.57,Accessories,2500,2235.75,1386.83,848.92
12179,2026-06-29 12:00:00,Tablet,South,VIP,4,Cash,12.32,Electronics,20000,70144.0,57203.7,12940.3
12180,2026-06-29 18:00:00,Smart Watch,North,VIP,2,Credit Card,18.84,Wearables,5000,8116.0,5425.2,2690.8
12181,2026-06-30 00:00:00,Headphones,South,Returning,3,Debit Card,19.02,Accessories,2500,6073.5,4654.91,1418.59
12182,2026-06-30 06:00:00,Keyboard,North,VIP,1,Debit Card,16.62,Accessories,1500,1250.7,796.19,454.51
12183,2026-06-30 12:00:00,Monitor,North,VIP,2,Credit Card,3.83,Electronics,12000,23080.8,17741.31,5339.49
12184,2026-06-30 18:00:00,Mouse,South,Returning,3,Debit Card,6.67,Accessories,800,2239.92,1363.94,875.98
12185,2026-07-01 00:00:00,Keyboard,South,VIP,5,UPI,9.76,Accessories,1500,6768.0,5077.09,1690.91
12186,2026-07-01 06:00:00,Tablet,North,Returning,2,Net Banking,18.11,Electronics,20000,32756.0,24943.2,7812.8
12187,2026-07-01 12:00:00,Keyboard,Central,VIP,5,Debit Card,10.42,Accessories,1500,6718.5,4441.76,2276.74
12188,2026-07-01 18:00:00,Mouse,South,Returning,4,Debit Card,19.55,Accessories,800,2574.4,2147.68,426.72
12189,2026-07-02 00:00:00,Mobile Phone,East,VIP,5,Credit Card,19.68,Electronics,30000,120480.0,73672.69,46807.31
12190,2026-07-02 06:00:00,Tablet,West,VIP,2,UPI,11.97,Electronics,20000,35212.0,28976.92,6235.08
12191,2026-07-02 12:00:00,Mobile Phone,North,Returning,5,Credit Card,17.55,Electronics,30000,123675.0,86012.79,37662.21
12192,2026-07-02 18:00:00,Laptop,North,VIP,1,Credit Card,19.98,Electronics,60000,48012.0,37376.32,10635.68
12193,2026-07-03 00:00:00,Mobile Phone,West,Returning,2,Debit Card,16.99,Electronics,30000,49806.0,37996.36,11809.64
12194,2026-07-03 06:00:00,Laptop,Central,Returning,3,UPI,13.14,Electronics,60000,156348.0,100385.04,55962.96
12195,2026-07-03 12:00:00,Laptop,West,VIP,5,Debit Card,16.9,Electronics,60000,249300.0,169461.63,79838.37
12196,2026-07-03 18:00:00,Mobile Phone,South,New,1,Debit Card,1.65,Electronics,30000,29505.0,21610.0,7895.0
12197,2026-07-04 00:00:00,Tablet,West,VIP,4,Debit Card,12.7,Electronics,20000,69840.0,56684.07,13155.93
12198,2026-07-04 06:00:00,Smart Watch,North,New,4,Debit Card,4.33,Wearables,5000,19134.0,16047.97,3086.03
12199,2026-07-04 12:00:00,Mouse,West,New,5,Net Banking,2.32,Accessories,800,3907.2,2364.43,1542.77
12200,2026-07-04 18:00:00,Keyboard,East,VIP,4,Cash,17.86,Accessories,1500,4928.4,3391.43,1536.97
12201,2026-07-05 00:00:00,Keyboard,South,New,3,UPI,12.79,Accessories,1500,3924.45,3010.19,914.26
12202,2026-07-05 06:00:00,Mouse,West,Returning,2,Net Banking,4.87,Accessories,800,1522.08,1114.06,408.02
12203,2026-07-05 12:00:00,Monitor,North,Returning,1,Cash,7.74,Electronics,12000,11071.2,9252.82,1818.38
12204,2026-07-05 18:00:00,Monitor,South,New,5,Cash,19.47,Electronics,12000,48318.0,29195.78,19122.22
12205,2026-07-06 00:00:00,Laptop,North,Returning,4,Cash,17.24,Electronics,60000,198624.0,140910.79,57713.21
12206,2026-07-06 06:00:00,Laptop,Central,VIP,2,Net Banking,0.31,Electronics,60000,119628.0,91778.72,27849.28
12207,2026-07-06 12:00:00,Tablet,East,Returning,3,UPI,19.6,Electronics,20000,48240.0,31568.06,16671.94
12208,2026-07-06 18:00:00,Headphones,Central,New,4,Credit Card,7.37,Accessories,2500,9263.0,7238.74,2024.26
12209,2026-07-07 00:00:00,Mobile Phone,East,VIP,4,Cash,13.91,Electronics,30000,103308.0,64082.69,39225.31
12210,2026-07-07 06:00:00,Laptop,West,Returning,1,Credit Card,14.25,Electronics,60000,51450.0,36671.48,14778.52
12211,2026-07-07 12:00:00,Keyboard,South,VIP,3,Credit Card,18.23,Accessories,1500,3679.65,2829.87,849.78
12212,2026-07-07 18:00:00,Tablet,West,New,3,Debit Card,17.7,Electronics,20000,49380.0,32921.12,16458.88
12213,2026-07-08 00:00:00,Mobile Phone,East,Returning,5,Credit Card,5.63,Electronics,30000,141555.0,87546.33,54008.67
12214,2026-07-08 06:00:00,Tablet,East,VIP,1,Debit Card,12.87,Electronics,20000,17426.0,14624.86,2801.14
12215,2026-07-08 12:00:00,Mobile Phone,East,VIP,5,UPI,7.87,Electronics,30000,138195.0,114488.44,23706.56
12216,2026-07-08 18:00:00,Mobile Phone,North,Returning,1,UPI,10.51,Electronics,30000,26847.0,22325.76,4521.24
12217,2026-07-09 00:00:00,Mouse,South,VIP,3,Debit Card,11.09,Accessories,800,2133.84,1802.3,331.54
12218,2026-07-09 06:00:00,Laptop,West,VIP,1,UPI,7.93,Electronics,60000,55242.0,35695.97,19546.03
12219,2026-07-09 12:00:00,Smart Watch,West,New,1,Cash,9.28,Wearables,5000,4536.0,2900.52,1635.48
12220,2026-07-09 18:00:00,Tablet,Central,New,1,UPI,4.17,Electronics,20000,19166.0,11663.54,7502.46
12221,2026-07-10 00:00:00,Smart Watch,East,New,2,Debit Card,12.15,Wearables,5000,8785.0,7229.67,1555.33
12222,2026-07-10 06:00:00,Tablet,East,New,2,Cash,15.18,Electronics,20000,33928.0,26741.73,7186.27
12223,2026-07-10 12:00:00,Mouse,East,New,3,Credit Card,8.59,Accessories,800,2193.84,1663.62,530.22
12224,2026-07-10 18:00:00,Keyboard,West,New,1,Credit Card,19.55,Accessories,1500,1206.75,1003.92,202.83
12225,2026-07-11 00:00:00,Smart Watch,Central,Returning,3,Credit Card,1.14,Wearables,5000,14829.0,11029.35,3799.65
12226,2026-07-11 06:00:00,Keyboard,North,New,2,Debit Card,11.78,Accessories,1500,2646.6,1673.8,972.8
12227,2026-07-11 12:00:00,Monitor,South,VIP,1,Credit Card,11.67,Electronics,12000,10599.6,6828.43,3771.17
12228,2026-07-11 18:00:00,Laptop,North,Returning,5,UPI,0.73,Electronics,60000,297810.0,188527.42,109282.58
12229,2026-07-12 00:00:00,Laptop,West,VIP,2,Credit Card,4.49,Electronics,60000,114612.0,77582.53,37029.47
12230,2026-07-12 06:00:00,Headphones,East,New,2,Net Banking,18.11,Accessories,2500,4094.5,2845.16,1249.34
12231,2026-07-12 12:00:00,Mouse,South,New,2,Net Banking,10.89,Accessories,800,1425.76,1139.48,286.28
12232,2026-07-12 18:00:00,Keyboard,West,VIP,1,Credit Card,8.73,Accessories,1500,1369.05,886.89,482.16
12233,2026-07-13 00:00:00,Mobile Phone,West,VIP,4,Credit Card,8.31,Electronics,30000,110028.0,85969.42,24058.58
12234,2026-07-13 06:00:00,Tablet,West,VIP,5,Net Banking,17.76,Electronics,20000,82240.0,59443.66,22796.34
12235,2026-07-13 12:00:00,Laptop,South,Returning,5,Credit Card,7.34,Electronics,60000,277980.0,236259.37,41720.63
12236,2026-07-13 18:00:00,Smart Watch,South,New,3,Cash,17.18,Wearables,5000,12423.0,9865.67,2557.33
12237,2026-07-14 00:00:00,Tablet,Central,VIP,1,Net Banking,6.18,Electronics,20000,18764.0,15803.76,2960.24
12238,2026-07-14 06:00:00,Tablet,Central,New,2,Debit Card,10.63,Electronics,20000,35748.0,24508.4,11239.6
12239,2026-07-14 12:00:00,Headphones,North,VIP,4,Net Banking,2.88,Accessories,2500,9712.0,6125.97,3586.03
12240,2026-07-14 18:00:00,Keyboard,South,New,1,UPI,16.5,Accessories,1500,1252.5,909.91,342.59
12241,2026-07-15 00:00:00,Laptop,South,Returning,1,Cash,14.72,Electronics,60000,51168.0,32290.07,18877.93
12242,2026-07-15 06:00:00,Tablet,South,New,4,Debit Card,10.6,Electronics,20000,71520.0,51717.04,19802.96
12243,2026-07-15 12:00:00,Laptop,Central,VIP,2,Credit Card,0.52,Electronics,60000,119376.0,79681.72,39694.28
12244,2026-07-15 18:00:00,Mobile Phone,West,New,1,UPI,9.63,Electronics,30000,27111.0,19594.8,7516.2
12245,2026-07-16 00:00:00,Headphones,East,Returning,5,UPI,4.5,Accessories,2500,11937.5,9996.57,1940.93
12246,2026-07-16 06:00:00,Mobile Phone,Central,Returning,5,Cash,8.27,Electronics,30000,137595.0,92499.41,45095.59
12247,2026-07-16 12:00:00,Laptop,South,New,4,Debit Card,17.13,Electronics,60000,198888.0,168728.33,30159.67
12248,2026-07-16 18:00:00,Monitor,Central,VIP,2,UPI,15.39,Electronics,12000,20306.4,13348.05,6958.35
12249,2026-07-17 00:00:00,Smart Watch,North,Returning,4,Debit Card,4.84,Wearables,5000,19032.0,12409.38,6622.62
12250,2026-07-17 06:00:00,Laptop,South,Returning,1,Debit Card,19.7,Electronics,60000,48180.0,35469.98,12710.02
12251,2026-07-17 12:00:00,Keyboard,North,New,5,UPI,18.06,Accessories,1500,6145.5,4981.0,1164.5
12252,2026-07-17 18:00:00,Tablet,South,Returning,3,Debit Card,10.57,Electronics,20000,53658.0,42249.01,11408.99
12253,2026-07-18 00:00:00,Tablet,Central,Returning,4,Cash,10.6,Electronics,20000,71520.0,55848.84,15671.16
12254,2026-07-18 06:00:00,Mobile Phone,West,VIP,3,UPI,18.03,Electronics,30000,73773.0,49476.47,24296.53
12255,2026-07-18 12:00:00,Smart Watch,East,VIP,3,Cash,12.72,Wearables,5000,13092.0,7928.9,5163.1
12256,2026-07-18 18:00:00,Headphones,North,VIP,5,Cash,10.73,Accessories,2500,11158.75,7146.48,4012.27
12257,2026-07-19 00:00:00,Monitor,Central,New,4,Debit Card,14.98,Electronics,12000,40809.6,28051.23,12758.37
12258,2026-07-19 06:00:00,Mouse,West,Returning,3,Debit Card,4.7,Accessories,800,2287.2,1927.93,359.27
12259,2026-07-19 12:00:00,Smart Watch,Central,New,1,UPI,17.57,Wearables,5000,4121.5,3420.62,700.88
12260,2026-07-19 18:00:00,Tablet,North,Returning,2,Credit Card,10.63,Electronics,20000,35748.0,23241.96,12506.04
12261,2026-07-20 00:00:00,Keyboard,East,Returning,2,UPI,12.07,Accessories,1500,2637.9,2061.27,576.63
12262,2026-07-20 06:00:00,Smart Watch,Central,Returning,5,Cash,1.8,Wearables,5000,24550.0,18283.72,6266.28
12263,2026-07-20 12:00:00,Mobile Phone,South,VIP,4,Debit Card,6.19,Electronics,30000,112572.0,68945.92,43626.08
12264,2026-07-20 18:00:00,Mobile Phone,West,New,4,Cash,8.53,Electronics,30000,109764.0,76058.37,33705.63
12265,2026-07-21 00:00:00,Mouse,Central,New,2,Net Banking,8.28,Accessories,800,1467.52,1058.84,408.68
12266,2026-07-21 06:00:00,Keyboard,West,Returning,1,Net Banking,15.57,Accessories,1500,1266.45,971.23,295.22
12267,2026-07-21 12:00:00,Headphones,South,New,2,Cash,5.65,Accessories,2500,4717.5,3178.3,1539.2
12268,2026-07-21 18:00:00,Smart Watch,East,VIP,2,Credit Card,3.64,Wearables,5000,9636.0,8031.17,1604.83
12269,2026-07-22 00:00:00,Keyboard,East,New,4,Credit Card,11.65,Accessories,1500,5301.0,3779.45,1521.55
12270,2026-07-22 06:00:00,Headphones,South,Returning,3,UPI,12.3,Accessories,2500,6577.5,4355.18,2222.32
12271,2026-07-22 12:00:00,Keyboard,West,VIP,1,UPI,2.43,Accessories,1500,1463.55,993.91,469.64
12272,2026-07-22 18:00:00,Keyboard,Central,VIP,4,UPI,0.05,Accessories,1500,5997.0,4725.46,1271.54
12273,2026-07-23 00:00:00,Laptop,South,Returning,2,Debit Card,18.35,Electronics,60000,97980.0,74471.79,23508.21
12274,2026-07-23 06:00:00,Mobile Phone,North,New,3,Credit Card,1.59,Electronics,30000,88569.0,69574.89,18994.11
12275,2026-07-23 12:00:00,Smart Watch,West,Returning,1,Cash,17.96,Wearables,5000,4102.0,2761.0,1341.0
12276,2026-07-23 18:00:00,Keyboard,East,New,5,Net Banking,7.98,Accessories,1500,6901.5,4704.84,2196.66
12277,2026-07-24 00:00:00,Smart Watch,South,New,1,Credit Card,13.06,Wearables,5000,4347.0,3039.33,1307.67
12278,2026-07-24 06:00:00,Mouse,East,VIP,1,Credit Card,3.71,Accessories,800,770.32,498.51,271.81
12279,2026-07-24 12:00:00,Keyboard,West,Returning,2,Credit Card,16.48,Accessories,1500,2505.6,1936.23,569.37
12280,2026-07-24 18:00:00,Tablet,East,VIP,2,UPI,3.6,Electronics,20000,38560.0,26310.93,12249.07
12281,2026-07-25 00:00:00,Mobile Phone,South,Returning,5,Debit Card,7.73,Electronics,30000,138405.0,94331.18,44073.82
12282,2026-07-25 06:00:00,Tablet,West,Returning,5,Cash,4.76,Electronics,20000,95240.0,63557.58,31682.42
12283,2026-07-25 12:00:00,Smart Watch,North,VIP,5,UPI,16.75,Wearables,5000,20812.5,14843.62,5968.88
12284,2026-07-25 18:00:00,Smart Watch,South,Returning,4,Debit Card,17.17,Wearables,5000,16566.0,13136.74,3429.26
12285,2026-07-26 00:00:00,Mobile Phone,Central,Returning,4,Credit Card,7.44,Electronics,30000,111072.0,89846.38,21225.62
12286,2026-07-26 06:00:00,Smart Watch,South,New,2,Debit Card,6.15,Wearables,5000,9385.0,7518.58,1866.42
12287,2026-07-26 12:00:00,Tablet,West,Returning,2,UPI,15.47,Electronics,20000,33812.0,25538.15,8273.85
12288,2026-07-26 18:00:00,Keyboard,South,Returning,5,Credit Card,17.57,Accessories,1500,6182.25,4142.77,2039.48
12289,2026-07-27 00:00:00,Keyboard,North,VIP,4,UPI,12.48,Accessories,1500,5251.2,4115.44,1135.76
12290,2026-07-27 06:00:00,Laptop,North,VIP,3,Cash,18.55,Electronics,60000,146610.0,89408.71,57201.29
12291,2026-07-27 12:00:00,Mouse,Central,Returning,4,Credit Card,7.66,Accessories,800,2954.88,2362.54,592.34
12292,2026-07-27 18:00:00,Smart Watch,East,New,2,Debit Card,3.04,Wearables,5000,9696.0,7708.87,1987.13
12293,2026-07-28 00:00:00,Tablet,West,New,4,UPI,3.59,Electronics,20000,77128.0,59195.76,17932.24
12294,2026-07-28 06:00:00,Smart Watch,West,VIP,2,Net Banking,13.4,Wearables,5000,8660.0,5408.01,3251.99
12295,2026-07-28 12:00:00,Smart Watch,East,Returning,5,Debit Card,8.15,Wearables,5000,22962.5,19502.86,3459.64
12296,2026-07-28 18:00:00,Headphones,North,Returning,5,Debit Card,3.13,Accessories,2500,12108.75,9555.04,2553.71
12297,2026-07-29 00:00:00,Laptop,North,New,5,Credit Card,5.84,Electronics,60000,282480.0,221380.06,61099.94
12298,2026-07-29 06:00:00,Tablet,South,New,3,Debit Card,10.61,Electronics,20000,53634.0,33038.65,20595.35
12299,2026-07-29 12:00:00,Tablet,Central,New,3,UPI,2.43,Electronics,20000,58542.0,40960.45,17581.55
12300,2026-07-29 18:00:00,Smart Watch,Central,VIP,2,Net Banking,0.07,Wearables,5000,9993.0,6211.08,3781.92
12301,2026-07-30 00:00:00,Laptop,Central,Returning,1,Cash,18.35,Electronics,60000,48990.0,33815.8,15174.2
12302,2026-07-30 06:00:00,Keyboard,South,VIP,3,Net Banking,6.1,Accessories,1500,4225.5,3137.95,1087.55
12303,2026-07-30 12:00:00,Tablet,Central,Returning,2,UPI,4.43,Electronics,20000,38228.0,31336.18,6891.82
12304,2026-07-30 18:00:00,Keyboard,East,VIP,4,Credit Card,13.97,Accessories,1500,5161.8,3462.2,1699.6
12305,2026-07-31 00:00:00,Laptop,South,Returning,5,UPI,17.07,Electronics,60000,248790.0,188048.83,60741.17
12306,2026-07-31 06:00:00,Keyboard,East,New,5,Debit Card,12.65,Accessories,1500,6551.25,4200.42,2350.83
12307,2026-07-31 12:00:00,Mobile Phone,South,New,5,Credit Card,5.09,Electronics,30000,142365.0,98017.02,44347.98
12308,2026-07-31 18:00:00,Headphones,Central,New,2,Cash,17.23,Accessories,2500,4138.5,3463.14,675.36
12309,2026-08-01 00:00:00,Monitor,East,VIP,5,Cash,10.21,Electronics,12000,53874.0,42394.0,11480.0
12310,2026-08-01 06:00:00,Tablet,East,New,3,UPI,7.62,Electronics,20000,55428.0,40820.03,14607.97
12311,2026-08-01 12:00:00,Mouse,East,Returning,4,Debit Card,12.09,Accessories,800,2813.12,1864.89,948.23
12312,2026-08-01 18:00:00,Headphones,South,VIP,5,Cash,14.01,Accessories,2500,10748.75,7469.59,3279.16
12313,2026-08-02 00:00:00,Monitor,West,Returning,2,Net Banking,11.88,Electronics,12000,21148.8,13517.75,7631.05
12314,2026-08-02 06:00:00,Keyboard,Central,VIP,4,Credit Card,18.4,Accessories,1500,4896.0,3370.24,1525.76
12315,2026-08-02 12:00:00,Tablet,East,Returning,5,Net Banking,12.56,Electronics,20000,87440.0,55756.83,31683.17
12316,2026-08-02 18:00:00,Keyboard,West,Returning,1,Cash,17.57,Accessories,1500,1236.45,987.71,248.74
12317,2026-08-03 00:00:00,Mobile Phone,Central,VIP,5,Cash,11.74,Electronics,30000,132390.0,82106.92,50283.08
12318,2026-08-03 06:00:00,Laptop,Central,VIP,3,UPI,6.59,Electronics,60000,168138.0,108844.36,59293.64
12319,2026-08-03 12:00:00,Tablet,East,New,4,UPI,10.65,Electronics,20000,71480.0,55239.15,16240.85
12320,2026-08-03 18:00:00,Monitor,East,New,3,Credit Card,1.73,Electronics,12000,35377.2,29208.45,6168.75
12321,2026-08-04 00:00:00,Monitor,South,Returning,1,UPI,4.6,Electronics,12000,11448.0,9629.46,1818.54
12322,2026-08-04 06:00:00,Mobile Phone,West,Returning,1,Debit Card,15.32,Electronics,30000,25404.0,20551.98,4852.02
12323,2026-08-04 12:00:00,Mobile Phone,West,Returning,3,Credit Card,13.23,Electronics,30000,78093.0,50984.42,27108.58
12324,2026-08-04 18:00:00,Smart Watch,East,VIP,4,Debit Card,3.33,Wearables,5000,19334.0,12981.39,6352.61
12325,2026-08-05 00:00:00,Tablet,Central,VIP,1,UPI,8.76,Electronics,20000,18248.0,14921.17,3326.83
12326,2026-08-05 06:00:00,Keyboard,East,New,1,Credit Card,2.84,Accessories,1500,1457.4,1198.47,258.93
12327,2026-08-05 12:00:00,Mouse,Central,Returning,5,Cash,17.12,Accessories,800,3315.2,2520.09,795.11
12328,2026-08-05 18:00:00,Monitor,Central,New,2,Net Banking,2.18,Electronics,12000,23476.8,15926.9,7549.9
12329,2026-08-06 00:00:00,Monitor,East,VIP,1,Cash,13.08,Electronics,12000,10430.4,6842.49,3587.91
12330,2026-08-06 06:00:00,Mobile Phone,North,VIP,4,Debit Card,12.14,Electronics,30000,105432.0,85723.67,19708.33
12331,2026-08-06 12:00:00,Headphones,West,VIP,4,Cash,9.46,Accessories,2500,9054.0,5896.99,3157.01
12332,2026-08-06 18:00:00,Mobile Phone,Central,New,5,Cash,5.56,Electronics,30000,141660.0,108433.8,33226.2
12333,2026-08-07 00:00:00,Mouse,Central,VIP,4,Net Banking,8.08,Accessories,800,2941.44,2476.66,464.78
12334,2026-08-07 06:00:00,Keyboard,North,Returning,5,Net Banking,16.13,Accessories,1500,6290.25,4883.26,1406.99
12335,2026-08-07 12:00:00,Keyboard,South,New,1,Cash,15.23,Accessories,1500,1271.55,844.84,426.71
12336,2026-08-07 18:00:00,Headphones,North,VIP,1,Net Banking,14.78,Accessories,2500,2130.5,1428.77,701.73
12337,2026-08-08 00:00:00,Monitor,North,New,1,Cash,15.0,Electronics,12000,10200.0,6356.88,3843.12
12338,2026-08-08 06:00:00,Mobile Phone,Central,New,1,Credit Card,2.88,Electronics,30000,29136.0,22480.15,6655.85
12339,2026-08-08 12:00:00,Smart Watch,West,VIP,2,Cash,1.98,Wearables,5000,9802.0,7151.63,2650.37
12340,2026-08-08 18:00:00,Keyboard,North,VIP,2,UPI,17.23,Accessories,1500,2483.1,1618.03,865.07
12341,2026-08-09 00:00:00,Mouse,South,New,1,Net Banking,16.74,Accessories,800,666.08,437.56,228.52
12342,2026-08-09 06:00:00,Tablet,East,New,4,Net Banking,13.63,Electronics,20000,69096.0,41613.49,27482.51
12343,2026-08-09 12:00:00,Laptop,North,VIP,5,Debit Card,12.12,Electronics,60000,263640.0,222671.62,40968.38
12344,2026-08-09 18:00:00,Laptop,North,Returning,3,Debit Card,7.34,Electronics,60000,166788.0,134598.67,32189.33
12345,2026-08-10 00:00:00,Laptop,South,New,5,UPI,4.48,Electronics,60000,286560.0,200174.34,86385.66
12346,2026-08-10 06:00:00,Smart Watch,West,New,3,Net Banking,13.35,Wearables,5000,12997.5,10872.7,2124.8
12347,2026-08-10 12:00:00,Monitor,North,Returning,3,Net Banking,18.26,Electronics,12000,29426.4,22637.14,6789.26
12348,2026-08-10 18:00:00,Mobile Phone,North,VIP,1,Debit Card,8.74,Electronics,30000,27378.0,21570.19,5807.81
12349,2026-08-11 00:00:00,Headphones,West,VIP,3,Debit Card,6.06,Accessories,2500,7045.5,5424.96,1620.54
12350,2026-08-11 06:00:00,Smart Watch,South,Returning,1,Cash,5.41,Wearables,5000,4729.5,3732.58,996.92
12351,2026-08-11 12:00:00,Smart Watch,North,VIP,2,Net Banking,0.47,Wearables,5000,9953.0,6397.14,3555.86
12352,2026-08-11 18:00:00,Keyboard,West,VIP,4,Net Banking,10.41,Accessories,1500,5375.4,3981.02,1394.38
12353,2026-08-12 00:00:00,Tablet,North,New,3,Cash,19.76,Electronics,20000,48144.0,39109.49,9034.51
12354,2026-08-12 06:00:00,Smart Watch,East,New,4,Net Banking,16.3,Wearables,5000,16740.0,10125.79,6614.21
12355,2026-08-12 12:00:00,Mouse,Central,New,1,UPI,17.95,Accessories,800,656.4,414.1,242.3
12356,2026-08-12 18:00:00,Tablet,East,Returning,3,Debit Card,12.42,Electronics,20000,52548.0,34755.77,17792.23
12357,2026-08-13 00:00:00,Mouse,North,VIP,5,Debit Card,9.63,Accessories,800,3614.8,2435.22,1179.58
12358,2026-08-13 06:00:00,Monitor,South,VIP,2,Debit Card,19.81,Electronics,12000,19245.6,12426.42,6819.18
12359,2026-08-13 12:00:00,Mobile Phone,Central,New,2,Credit Card,8.94,Electronics,30000,54636.0,41309.33,13326.67
12360,2026-08-13 18:00:00,Laptop,East,New,3,UPI,18.34,Electronics,60000,146988.0,98997.12,47990.88
12361,2026-08-14 00:00:00,Smart Watch,West,Returning,2,UPI,15.24,Wearables,5000,8476.0,5420.61,3055.39
12362,2026-08-14 06:00:00,Mobile Phone,South,VIP,5,Cash,6.62,Electronics,30000,140070.0,115761.77,24308.23
12363,2026-08-14 12:00:00,Monitor,East,Returning,4,Credit Card,10.06,Electronics,12000,43171.2,33404.09,9767.11
12364,2026-08-14 18:00:00,Headphones,West,VIP,5,Net Banking,7.69,Accessories,2500,11538.75,7633.05,3905.7
12365,2026-08-15 00:00:00,Headphones,North,Returning,2,UPI,2.72,Accessories,2500,4864.0,3357.32,1506.68
12366,2026-08-15 06:00:00,Monitor,West,New,4,Credit Card,7.14,Electronics,12000,44572.8,34998.4,9574.4
12367,2026-08-15 12:00:00,Mouse,East,Returning,5,Credit Card,17.78,Accessories,800,3288.8,2623.57,665.23
12368,2026-08-15 18:00:00,Keyboard,East,Returning,1,UPI,15.05,Accessories,1500,1274.25,820.76,453.49
12369,2026-08-16 00:00:00,Keyboard,North,New,1,Cash,5.55,Accessories,1500,1416.75,1181.77,234.98
12370,2026-08-16 06:00:00,Mouse,West,VIP,4,Credit Card,7.36,Accessories,800,2964.48,2360.67,603.81
12371,2026-08-16 12:00:00,Headphones,West,VIP,4,Debit Card,12.33,Accessories,2500,8767.0,7138.12,1628.88
12372,2026-08-16 18:00:00,Headphones,North,New,4,Credit Card,8.32,Accessories,2500,9168.0,5830.52,3337.48
12373,2026-08-17 00:00:00,Smart Watch,West,Returning,1,Net Banking,10.06,Wearables,5000,4497.0,2859.38,1637.62
12374,2026-08-17 06:00:00,Headphones,North,Returning,5,UPI,13.96,Accessories,2500,10755.0,7274.06,3480.94
12375,2026-08-17 12:00:00,Mobile Phone,South,Returning,4,Net Banking,9.35,Electronics,30000,108780.0,67026.06,41753.94
12376,2026-08-17 18:00:00,Headphones,East,VIP,1,Cash,3.82,Accessories,2500,2404.5,1497.44,907.06
12377,2026-08-18 00:00:00,Tablet,South,Returning,4,Debit Card,10.41,Electronics,20000,71672.0,45569.19,26102.81
12378,2026-08-18 06:00:00,Smart Watch,Central,VIP,4,UPI,7.12,Wearables,5000,18576.0,14454.12,4121.88
12379,2026-08-18 12:00:00,Laptop,Central,Returning,4,Credit Card,5.81,Electronics,60000,226056.0,137342.03,88713.97
12380,2026-08-18 18:00:00,Headphones,Central,New,1,Debit Card,6.56,Accessories,2500,2336.0,1450.21,885.79
12381,2026-08-19 00:00:00,Mouse,North,New,5,Credit Card,8.78,Accessories,800,3648.8,3050.56,598.24
12382,2026-08-19 06:00:00,Laptop,West,VIP,1,Cash,17.73,Electronics,60000,49362.0,30649.57,18712.43
12383,2026-08-19 12:00:00,Mobile Phone,South,VIP,1,UPI,14.68,Electronics,30000,25596.0,18796.82,6799.18
12384,2026-08-19 18:00:00,Mouse,South,New,4,Cash,13.36,Accessories,800,2772.48,2108.87,663.61
12385,2026-08-20 00:00:00,Laptop,South,New,3,Cash,9.43,Electronics,60000,163026.0,136884.52,26141.48
12386,2026-08-20 06:00:00,Mouse,South,Returning,3,Cash,0.04,Accessories,800,2399.04,1979.09,419.95
12387,2026-08-20 12:00:00,Mobile Phone,Central,New,3,Cash,6.81,Electronics,30000,83871.0,59562.73,24308.27
12388,2026-08-20 18:00:00,Smart Watch,South,VIP,1,Credit Card,16.26,Wearables,5000,4187.0,3498.41,688.59
12389,2026-08-21 00:00:00,Tablet,West,New,4,Net Banking,7.76,Electronics,20000,73792.0,52249.64,21542.36
12390,2026-08-21 06:00:00,Mobile Phone,Central,VIP,3,Credit Card,11.28,Electronics,30000,79848.0,61281.72,18566.28
12391,2026-08-21 12:00:00,Mobile Phone,South,VIP,2,Debit Card,4.09,Electronics,30000,57546.0,38262.45,19283.55
12392,2026-08-21 18:00:00,Mouse,North,Returning,2,Cash,18.32,Accessories,800,1306.88,992.13,314.75
12393,2026-08-22 00:00:00,Smart Watch,East,Returning,2,Debit Card,18.46,Wearables,5000,8154.0,5989.5,2164.5
12394,2026-08-22 06:00:00,Monitor,East,Returning,5,Credit Card,2.92,Electronics,12000,58248.0,43785.47,14462.53
12395,2026-08-22 12:00:00,Keyboard,East,Returning,4,Cash,14.48,Accessories,1500,5131.2,3954.42,1176.78
12396,2026-08-22 18:00:00,Headphones,Central,New,1,Credit Card,1.5,Accessories,2500,2462.5,1584.28,878.22
12397,2026-08-23 00:00:00,Headphones,South,Returning,1,Cash,11.97,Accessories,2500,2200.75,1486.2,714.55
12398,2026-08-23 06:00:00,Tablet,Central,New,4,Credit Card,3.57,Electronics,20000,77144.0,60485.55,16658.45
12399,2026-08-23 12:00:00,Tablet,West,Returning,5,UPI,2.91,Electronics,20000,97090.0,62230.42,34859.58
12400,2026-08-23 18:00:00,Headphones,North,Returning,4,Net Banking,0.08,Accessories,2500,9992.0,6855.11,3136.89
12401,2026-08-24 00:00:00,Keyboard,North,VIP,5,Net Banking,18.82,Accessories,1500,6088.5,4667.56,1420.94
12402,2026-08-24 06:00:00,Headphones,East,New,3,Cash,16.59,Accessories,2500,6255.75,5219.88,1035.87
12403,2026-08-24 12:00:00,Monitor,East,VIP,3,UPI,1.55,Electronics,12000,35442.0,21932.4,13509.6
12404,2026-08-24 18:00:00,Keyboard,East,Returning,5,Debit Card,11.99,Accessories,1500,6600.75,4812.87,1787.88
12405,2026-08-25 00:00:00,Tablet,South,New,4,UPI,4.66,Electronics,20000,76272.0,47324.97,28947.03
12406,2026-08-25 06:00:00,Laptop,West,Returning,3,Cash,5.28,Electronics,60000,170496.0,118457.72,52038.28
12407,2026-08-25 12:00:00,Mouse,West,VIP,4,UPI,17.48,Accessories,800,2640.64,1700.17,940.47
12408,2026-08-25 18:00:00,Monitor,West,New,3,Debit Card,2.29,Electronics,12000,35175.6,26816.46,8359.14
12409,2026-08-26 00:00:00,Monitor,West,VIP,4,Cash,12.03,Electronics,12000,42225.6,33335.34,8890.26
12410,2026-08-26 06:00:00,Smart Watch,East,Returning,4,Net Banking,8.03,Wearables,5000,18394.0,12173.81,6220.19
12411,2026-08-26 12:00:00,Tablet,North,Returning,2,UPI,3.82,Electronics,20000,38472.0,29939.75,8532.25
12412,2026-08-26 18:00:00,Tablet,East,Returning,5,Net Banking,9.04,Electronics,20000,90960.0,64736.66,26223.34
12413,2026-08-27 00:00:00,Mobile Phone,West,New,1,Net Banking,18.81,Electronics,30000,24357.0,16340.99,8016.01
12414,2026-08-27 06:00:00,Monitor,East,VIP,5,Credit Card,15.63,Electronics,12000,50622.0,36997.11,13624.89
12415,2026-08-27 12:00:00,Mobile Phone,West,VIP,4,Debit Card,2.64,Electronics,30000,116832.0,81188.02,35643.98
12416,2026-08-27 18:00:00,Mobile Phone,Central,Returning,4,UPI,16.99,Electronics,30000,99612.0,65494.8,34117.2
12417,2026-08-28 00:00:00,Mouse,North,VIP,5,Net Banking,18.75,Accessories,800,3250.0,2564.94,685.06
12418,2026-08-28 06:00:00,Mobile Phone,Central,New,4,Net Banking,5.54,Electronics,30000,113352.0,90611.44,22740.56
12419,2026-08-28 12:00:00,Keyboard,South,Returning,3,Debit Card,6.67,Accessories,1500,4199.85,3360.21,839.64
12420,2026-08-28 18:00:00,Headphones,East,Returning,4,Net Banking,2.53,Accessories,2500,9747.0,6779.39,2967.61
12421,2026-08-29 00:00:00,Laptop,South,Returning,5,Net Banking,6.9,Electronics,60000,279300.0,179417.32,99882.68
12422,2026-08-29 06:00:00,Tablet,East,New,5,Net Banking,13.46,Electronics,20000,86540.0,70106.3,16433.7
12423,2026-08-29 12:00:00,Keyboard,Central,Returning,5,Net Banking,5.44,Accessories,1500,7092.0,4838.98,2253.02
12424,2026-08-29 18:00:00,Laptop,West,Returning,2,Credit Card,0.14,Electronics,60000,119832.0,94309.79,25522.21
12425,2026-08-30 00:00:00,Monitor,West,Returning,2,Credit Card,6.77,Electronics,12000,22375.2,17997.77,4377.43
12426,2026-08-30 06:00:00,Monitor,East,Returning,2,Cash,9.06,Electronics,12000,21825.6,17286.71,4538.89
12427,2026-08-30 12:00:00,Monitor,West,VIP,2,UPI,11.33,Electronics,12000,21280.8,14842.33,6438.47
12428,2026-08-30 18:00:00,Keyboard,Central,Returning,2,Debit Card,13.68,Accessories,1500,2589.6,2161.03,428.57
12429,2026-08-31 00:00:00,Keyboard,West,New,2,Cash,1.24,Accessories,1500,2962.8,2266.66,696.14
12430,2026-08-31 06:00:00,Tablet,Central,Returning,2,Credit Card,9.4,Electronics,20000,36240.0,26960.26,9279.74
12431,2026-08-31 12:00:00,Headphones,South,Returning,5,Credit Card,5.33,Accessories,2500,11833.75,9164.97,2668.78
12432,2026-08-31 18:00:00,Smart Watch,Central,VIP,1,Credit Card,18.96,Wearables,5000,4052.0,2476.51,1575.49
12433,2026-09-01 00:00:00,Mobile Phone,North,Returning,2,Cash,7.2,Electronics,30000,55680.0,38843.97,16836.03
12434,2026-09-01 06:00:00,Monitor,North,VIP,5,Credit Card,2.0,Electronics,12000,58800.0,48233.89,10566.11
12435,2026-09-01 12:00:00,Mouse,North,New,1,Cash,0.83,Accessories,800,793.36,507.96,285.4
12436,2026-09-01 18:00:00,Headphones,East,VIP,2,Credit Card,5.31,Accessories,2500,4734.5,3331.19,1403.31
12437,2026-09-02 00:00:00,Mouse,East,Returning,1,Net Banking,3.58,Accessories,800,771.36,540.96,230.4
12438,2026-09-02 06:00:00,Tablet,East,New,1,Net Banking,13.0,Electronics,20000,17400.0,11988.78,5411.22
12439,2026-09-02 12:00:00,Tablet,Central,Returning,3,UPI,16.94,Electronics,20000,49836.0,36907.94,12928.06
12440,2026-09-02 18:00:00,Tablet,East,VIP,4,Credit Card,6.25,Electronics,20000,75000.0,63678.71,11321.29
12441,2026-09-03 00:00:00,Laptop,South,New,3,UPI,11.56,Electronics,60000,159192.0,105697.47,53494.53
12442,2026-09-03 06:00:00,Mouse,North,New,1,Cash,14.61,Accessories,800,683.12,530.26,152.86
12443,2026-09-03 12:00:00,Headphones,Central,VIP,5,UPI,7.97,Accessories,2500,11503.75,9082.2,2421.55
12444,2026-09-03 18:00:00,Smart Watch,North,VIP,2,Credit Card,1.33,Wearables,5000,9867.0,7362.01,2504.99
12445,2026-09-04 00:00:00,Headphones,East,New,4,Cash,4.58,Accessories,2500,9542.0,5957.73,3584.27
12446,2026-09-04 06:00:00,Keyboard,Central,New,2,Cash,17.66,Accessories,1500,2470.2,1835.59,634.61
12447,2026-09-04 12:00:00,Keyboard,West,VIP,5,Net Banking,16.49,Accessories,1500,6263.25,5250.9,1012.35
12448,2026-09-04 18:00:00,Monitor,South,Returning,4,Cash,1.73,Electronics,12000,47169.6,32335.47,14834.13
12449,2026-09-05 00:00:00,Smart Watch,East,New,3,Cash,4.48,Wearables,5000,14328.0,10888.16,3439.84
12450,2026-09-05 06:00:00,Keyboard,East,VIP,1,UPI,15.38,Accessories,1500,1269.3,1066.02,203.28
12451,2026-09-05 12:00:00,Tablet,South,Returning,5,Cash,9.72,Electronics,20000,90280.0,72178.64,18101.36
12452,2026-09-05 18:00:00,Headphones,South,New,1,Debit Card,15.2,Accessories,2500,2120.0,1636.8,483.2
12453,2026-09-06 00:00:00,Mouse,West,New,1,Net Banking,4.22,Accessories,800,766.24,645.78,120.46
12454,2026-09-06 06:00:00,Tablet,East,VIP,2,Net Banking,19.05,Electronics,20000,32380.0,20808.87,11571.13
12455,2026-09-06 12:00:00,Laptop,East,Returning,5,Cash,15.67,Electronics,60000,252990.0,200668.43,52321.57
12456,2026-09-06 18:00:00,Keyboard,North,New,1,UPI,3.95,Accessories,1500,1440.75,1010.99,429.76
12457,2026-09-07 00:00:00,Tablet,Central,Returning,3,Net Banking,11.17,Electronics,20000,53298.0,36781.37,16516.63
12458,2026-09-07 06:00:00,Tablet,Central,Returning,4,Net Banking,2.26,Electronics,20000,78192.0,57093.31,21098.69
12459,2026-09-07 12:00:00,Laptop,North,New,5,Debit Card,7.23,Electronics,60000,278310.0,169334.31,108975.69
12460,2026-09-07 18:00:00,Mobile Phone,Central,Returning,2,Cash,13.19,Electronics,30000,52086.0,35321.2,16764.8
12461,2026-09-08 00:00:00,Headphones,South,New,5,Net Banking,6.6,Accessories,2500,11675.0,7490.14,4184.86
12462,2026-09-08 06:00:00,Mouse,Central,Returning,2,Net Banking,13.14,Accessories,800,1389.76,882.04,507.72
12463,2026-09-08 12:00:00,Monitor,Central,New,4,Net Banking,4.9,Electronics,12000,45648.0,31238.53,14409.47
12464,2026-09-08 18:00:00,Mobile Phone,North,VIP,3,Net Banking,14.42,Electronics,30000,77022.0,61661.2,15360.8
12465,2026-09-09 00:00:00,Keyboard,West,New,1,UPI,7.19,Accessories,1500,1392.15,905.28,486.87
12466,2026-09-09 06:00:00,Tablet,Central,New,5,Credit Card,15.81,Electronics,20000,84190.0,61698.97,22491.03
12467,2026-09-09 12:00:00,Smart Watch,Central,New,2,Debit Card,2.73,Wearables,5000,9727.0,7656.74,2070.26
12468,2026-09-09 18:00:00,Laptop,West,Returning,4,UPI,7.24,Electronics,60000,222624.0,146985.91,75638.09
12469,2026-09-10 00:00:00,Laptop,North,VIP,1,Debit Card,9.28,Electronics,60000,54432.0,45235.76,9196.24
12470,2026-09-10 06:00:00,Smart Watch,West,Returning,4,Net Banking,8.48,Wearables,5000,18304.0,14947.49,3356.51
12471,2026-09-10 12:00:00,Headphones,North,Returning,3,Debit Card,8.66,Accessories,2500,6850.5,4540.47,2310.03
12472,2026-09-10 18:00:00,Mobile Phone,South,New,1,Cash,8.9,Electronics,30000,27330.0,23159.7,4170.3
12473,2026-09-11 00:00:00,Monitor,North,Returning,1,Cash,19.78,Electronics,12000,9626.4,7386.27,2240.13
12474,2026-09-11 06:00:00,Headphones,South,New,1,Credit Card,3.86,Accessories,2500,2403.5,1614.01,789.49
12475,2026-09-11 12:00:00,Smart Watch,South,VIP,2,Credit Card,15.37,Wearables,5000,8463.0,6518.7,1944.3
12476,2026-09-11 18:00:00,Tablet,North,Returning,1,Debit Card,11.04,Electronics,20000,17792.0,13638.67,4153.33
12477,2026-09-12 00:00:00,Smart Watch,East,Returning,4,UPI,8.27,Wearables,5000,18346.0,13787.91,4558.09
12478,2026-09-12 06:00:00,Headphones,North,Returning,2,UPI,12.67,Accessories,2500,4366.5,3396.81,969.69
12479,2026-09-12 12:00:00,Mouse,Central,New,1,Net Banking,17.07,Accessories,800,663.44,442.57,220.87
12480,2026-09-12 18:00:00,Laptop,Central,New,4,UPI,9.33,Electronics,60000,217608.0,183823.57,33784.43
12481,2026-09-13 00:00:00,Laptop,East,Returning,4,Credit Card,17.3,Electronics,60000,198480.0,161656.79,36823.21
12482,2026-09-13 06:00:00,Keyboard,South,Returning,5,UPI,1.88,Accessories,1500,7359.0,5787.38,1571.62
12483,2026-09-13 12:00:00,Keyboard,East,VIP,4,Net Banking,13.06,Accessories,1500,5216.4,3164.14,2052.26
12484,2026-09-13 18:00:00,Smart Watch,Central,VIP,3,Cash,6.66,Wearables,5000,14001.0,10467.1,3533.9
12485,2026-09-14 00:00:00,Monitor,East,VIP,1,UPI,7.73,Electronics,12000,11072.4,8599.06,2473.34
12486,2026-09-14 06:00:00,Tablet,North,VIP,1,UPI,11.42,Electronics,20000,17716.0,14412.41,3303.59
12487,2026-09-14 12:00:00,Mouse,East,VIP,1,Credit Card,9.6,Accessories,800,723.2,604.99,118.21
12488,2026-09-14 18:00:00,Mobile Phone,South,New,4,Debit Card,7.64,Electronics,30000,110832.0,91875.66,18956.34
12489,2026-09-15 00:00:00,Headphones,North,VIP,4,Cash,6.17,Accessories,2500,9383.0,6582.28,2800.72
12490,2026-09-15 06:00:00,Monitor,West,VIP,1,Debit Card,12.37,Electronics,12000,10515.6,8666.17,1849.43
12491,2026-09-15 12:00:00,Tablet,Central,Returning,2,Net Banking,10.11,Electronics,20000,35956.0,21580.33,14375.67
12492,2026-09-15 18:00:00,Keyboard,Central,New,2,Net Banking,6.47,Accessories,1500,2805.9,1930.09,875.81
12493,2026-09-16 00:00:00,Smart Watch,East,VIP,3,Debit Card,4.1,Wearables,5000,14385.0,9040.54,5344.46
12494,2026-09-16 06:00:00,Headphones,North,VIP,5,Credit Card,15.49,Accessories,2500,10563.75,8670.38,1893.37
12495,2026-09-16 12:00:00,Keyboard,West,VIP,3,Credit Card,15.99,Accessories,1500,3780.45,3145.32,635.13
12496,2026-09-16 18:00:00,Smart Watch,North,Returning,1,Credit Card,4.28,Wearables,5000,4786.0,3177.91,1608.09
12497,2026-09-17 00:00:00,Headphones,Central,Returning,1,Cash,5.23,Accessories,2500,2369.25,1639.11,730.14
12498,2026-09-17 06:00:00,Mobile Phone,North,Returning,1,Net Banking,4.78,Electronics,30000,28566.0,24165.96,4400.04
12499,2026-09-17 12:00:00,Tablet,West,VIP,5,Net Banking,17.69,Electronics,20000,82310.0,61034.17,21275.83
12500,2026-09-17 18:00:00,Headphones,East,Returning,4,Net Banking,15.48,Accessories,2500,8452.0,6121.48,2330.52
12501,2026-09-18 00:00:00,Mouse,South,VIP,5,Cash,1.49,Accessories,800,3940.4,2857.22,1083.18
12502,2026-09-18 06:00:00,Monitor,North,New,3,Net Banking,16.65,Electronics,12000,30006.0,23226.06,6779.94
12503,2026-09-18 12:00:00,Laptop,South,VIP,4,Debit Card,0.74,Electronics,60000,238224.0,199783.16,38440.84
12504,2026-09-18 18:00:00,Mouse,Central,Returning,4,UPI,5.06,Accessories,800,3038.08,2101.31,936.77
12505,2026-09-19 00:00:00,Mouse,East,New,3,Cash,18.38,Accessories,800,1958.88,1259.88,699.0
12506,2026-09-19 06:00:00,Monitor,East,VIP,4,UPI,17.29,Electronics,12000,39700.8,25656.77,14044.03
12507,2026-09-19 12:00:00,Laptop,North,New,2,Debit Card,15.63,Electronics,60000,101244.0,61261.71,39982.29
12508,2026-09-19 18:00:00,Mouse,East,New,3,Credit Card,9.15,Accessories,800,2180.4,1610.99,569.41
12509,2026-09-20 00:00:00,Headphones,North,New,3,Credit Card,6.43,Accessories,2500,7017.75,5840.73,1177.02
12510,2026-09-20 06:00:00,Headphones,North,VIP,2,Credit Card,17.63,Accessories,2500,4118.5,3205.3,913.2
12511,2026-09-20 12:00:00,Headphones,South,Returning,5,Cash,13.14,Accessories,2500,10857.5,9209.78,1647.72
12512,2026-09-20 18:00:00,Laptop,East,VIP,5,Credit Card,5.91,Electronics,60000,282270.0,233545.08,48724.92
12513,2026-09-21 00:00:00,Mouse,North,Returning,5,Cash,9.26,Accessories,800,3629.6,2624.07,1005.53
12514,2026-09-21 06:00:00,Smart Watch,South,VIP,4,Cash,17.63,Wearables,5000,16474.0,11888.25,4585.75
12515,2026-09-21 12:00:00,Laptop,West,VIP,2,UPI,18.07,Electronics,60000,98316.0,74433.99,23882.01
12516,2026-09-21 18:00:00,Headphones,South,VIP,3,Credit Card,13.19,Accessories,2500,6510.75,4087.02,2423.73
12517,2026-09-22 00:00:00,Monitor,South,Returning,3,Net Banking,14.65,Electronics,12000,30726.0,23103.53,7622.47
12518,2026-09-22 06:00:00,Mouse,North,VIP,3,Credit Card,0.79,Accessories,800,2381.04,1704.87,676.17
12519,2026-09-22 12:00:00,Mouse,Central,New,4,Credit Card,12.09,Accessories,800,2813.12,2139.9,673.22
12520,2026-09-22 18:00:00,Keyboard,Central,VIP,4,Credit Card,13.78,Accessories,1500,5173.2,3834.91,1338.29
12521,2026-09-23 00:00:00,Keyboard,Central,New,5,Net Banking,0.41,Accessories,1500,7469.25,5061.16,2408.09
12522,2026-09-23 06:00:00,Mobile Phone,South,Returning,4,Net Banking,16.88,Electronics,30000,99744.0,75001.55,24742.45
12523,2026-09-23 12:00:00,Smart Watch,North,Returning,5,Cash,18.57,Wearables,5000,20357.5,14077.28,6280.22
12524,2026-09-23 18:00:00,Smart Watch,East,VIP,5,Net Banking,4.76,Wearables,5000,23810.0,15444.48,8365.52
12525,2026-09-24 00:00:00,Tablet,South,VIP,3,Cash,16.92,Electronics,20000,49848.0,38321.53,11526.47
12526,2026-09-24 06:00:00,Smart Watch,South,VIP,4,UPI,13.31,Wearables,5000,17338.0,11730.66,5607.34
12527,2026-09-24 12:00:00,Keyboard,North,New,5,Cash,11.61,Accessories,1500,6629.25,5450.94,1178.31
12528,2026-09-24 18:00:00,Laptop,West,Returning,2,Credit Card,16.86,Electronics,60000,99768.0,64832.55,34935.45
12529,2026-09-25 00:00:00,Smart Watch,South,New,2,Debit Card,5.71,Wearables,5000,9429.0,7072.09,2356.91
12530,2026-09-25 06:00:00,Keyboard,West,New,4,Debit Card,15.82,Accessories,1500,5050.8,3752.17,1298.63
12531,2026-09-25 12:00:00,Mobile Phone,West,VIP,3,Credit Card,6.29,Electronics,30000,84339.0,54772.74,29566.26
12532,2026-09-25 18:00:00,Mouse,Central,VIP,3,Cash,15.75,Accessories,800,2022.0,1435.56,586.44
12533,2026-09-26 00:00:00,Smart Watch,North,New,5,Credit Card,9.02,Wearables,5000,22745.0,17488.28,5256.72
12534,2026-09-26 06:00:00,Mobile Phone,West,New,4,Net Banking,2.34,Electronics,30000,117192.0,79647.41,37544.59
12535,2026-09-26 12:00:00,Mouse,North,VIP,2,Cash,7.63,Accessories,800,1477.92,928.81,549.11
12536,2026-09-26 18:00:00,Monitor,Central,VIP,5,Credit Card,4.67,Electronics,12000,57198.0,43116.43,14081.57
12537,2026-09-27 00:00:00,Monitor,North,New,5,Net Banking,2.01,Electronics,12000,58794.0,38570.66,20223.34
12538,2026-09-27 06:00:00,Mouse,South,VIP,1,Net Banking,2.21,Accessories,800,782.32,602.67,179.65
12539,2026-09-27 12:00:00,Smart Watch,West,VIP,4,Cash,15.6,Wearables,5000,16880.0,13670.55,3209.45
12540,2026-09-27 18:00:00,Tablet,North,New,5,UPI,17.63,Electronics,20000,82370.0,51962.2,30407.8
12541,2026-09-28 00:00:00,Keyboard,East,New,2,UPI,18.54,Accessories,1500,2443.8,1733.64,710.16
12542,2026-09-28 06:00:00,Laptop,North,Returning,1,Net Banking,17.08,Electronics,60000,49752.0,35385.14,14366.86
12543,2026-09-28 12:00:00,Laptop,West,New,2,UPI,16.6,Electronics,60000,100080.0,75874.05,24205.95
12544,2026-09-28 18:00:00,Headphones,Central,VIP,3,Net Banking,1.38,Accessories,2500,7396.5,5056.26,2340.24
12545,2026-09-29 00:00:00,Mouse,Central,New,1,UPI,15.8,Accessories,800,673.6,474.65,198.95
12546,2026-09-29 06:00:00,Laptop,West,New,1,Net Banking,15.67,Electronics,60000,50598.0,30510.48,20087.52
12547,2026-09-29 12:00:00,Smart Watch,South,New,5,Net Banking,2.63,Wearables,5000,24342.5,15350.54,8991.96
12548,2026-09-29 18:00:00,Tablet,South,Returning,3,Net Banking,13.24,Electronics,20000,52056.0,38649.79,13406.21
12549,2026-09-30 00:00:00,Mouse,Central,Returning,5,Net Banking,9.05,Accessories,800,3638.0,2379.16,1258.84
12550,2026-09-30 06:00:00,Tablet,Central,VIP,4,Debit Card,18.0,Electronics,20000,65600.0,41731.06,23868.94
12551,2026-09-30 12:00:00,Smart Watch,West,Returning,2,UPI,13.91,Wearables,5000,8609.0,5863.62,2745.38
12552,2026-09-30 18:00:00,Laptop,South,New,2,Net Banking,19.02,Electronics,60000,97176.0,62278.54,34897.46
12553,2026-10-01 00:00:00,Laptop,Central,Returning,5,Credit Card,2.1,Electronics,60000,293700.0,180597.78,113102.22
12554,2026-10-01 06:00:00,Headphones,South,New,2,Cash,0.81,Accessories,2500,4959.5,3327.65,1631.85
12555,2026-10-01 12:00:00,Laptop,Central,Returning,2,Credit Card,19.47,Electronics,60000,96636.0,61952.34,34683.66
12556,2026-10-01 18:00:00,Mouse,North,Returning,4,Credit Card,1.6,Accessories,800,3148.8,2518.56,630.24
12557,2026-10-02 00:00:00,Smart Watch,East,Returning,3,Debit Card,7.72,Wearables,5000,13842.0,8522.02,5319.98
12558,2026-10-02 06:00:00,Monitor,North,New,1,UPI,13.0,Electronics,12000,10440.0,8214.83,2225.17
12559,2026-10-02 12:00:00,Smart Watch,Central,Returning,5,Debit Card,17.6,Wearables,5000,20600.0,14331.4,6268.6
12560,2026-10-02 18:00:00,Mouse,East,New,5,UPI,5.09,Accessories,800,3796.4,2918.79,877.61
12561,2026-10-03 00:00:00,Mouse,East,New,4,Net Banking,0.58,Accessories,800,3181.44,1950.77,1230.67
12562,2026-10-03 06:00:00,Headphones,Central,VIP,4,Debit Card,10.43,Accessories,2500,8957.0,7435.89,1521.11
12563,2026-10-03 12:00:00,Headphones,Central,Returning,1,Cash,9.42,Accessories,2500,2264.5,1793.13,471.37
12564,2026-10-03 18:00:00,Laptop,South,VIP,3,UPI,6.14,Electronics,60000,168948.0,107288.02,61659.98
12565,2026-10-04 00:00:00,Mobile Phone,Central,VIP,5,Debit Card,17.48,Electronics,30000,123780.0,81038.28,42741.72
12566,2026-10-04 06:00:00,Smart Watch,West,New,4,Cash,14.99,Wearables,5000,17002.0,12938.51,4063.49
12567,2026-10-04 12:00:00,Smart Watch,Central,Returning,5,Credit Card,17.16,Wearables,5000,20710.0,17197.39,3512.61
12568,2026-10-04 18:00:00,Mobile Phone,West,New,2,Net Banking,3.24,Electronics,30000,58056.0,41304.41,16751.59
12569,2026-10-05 00:00:00,Headphones,Central,New,5,Net Banking,13.85,Accessories,2500,10768.75,7768.66,3000.09
12570,2026-10-05 06:00:00,Laptop,South,Returning,3,Credit Card,19.5,Electronics,60000,144900.0,95554.31,49345.69
12571,2026-10-05 12:00:00,Mobile Phone,West,New,3,Debit Card,12.24,Electronics,30000,78984.0,54953.33,24030.67
12572,2026-10-05 18:00:00,Laptop,North,Returning,5,Credit Card,3.43,Electronics,60000,289710.0,194541.55,95168.45
12573,2026-10-06 00:00:00,Laptop,West,Returning,2,Cash,19.92,Electronics,60000,96096.0,66079.72,30016.28
12574,2026-10-06 06:00:00,Laptop,South,New,3,UPI,10.57,Electronics,60000,160974.0,97413.32,63560.68
12575,2026-10-06 12:00:00,Keyboard,West,New,4,Debit Card,16.8,Accessories,1500,4992.0,3046.44,1945.56
12576,2026-10-06 18:00:00,Mouse,Central,VIP,5,UPI,2.99,Accessories,800,3880.4,2988.57,891.83
12577,2026-10-07 00:00:00,Laptop,Central,New,2,Credit Card,13.32,Electronics,60000,104016.0,80139.0,23877.0
12578,2026-10-07 06:00:00,Keyboard,South,Returning,4,Net Banking,18.25,Accessories,1500,4905.0,3347.95,1557.05
12579,2026-10-07 12:00:00,Headphones,East,VIP,5,UPI,10.64,Accessories,2500,11170.0,9174.65,1995.35
12580,2026-10-07 18:00:00,Mobile Phone,Central,Returning,2,UPI,5.77,Electronics,30000,56538.0,37684.16,18853.84
12581,2026-10-08 00:00:00,Mouse,North,VIP,4,Net Banking,2.55,Accessories,800,3118.4,2179.59,938.81
12582,2026-10-08 06:00:00,Monitor,South,New,3,UPI,5.92,Electronics,12000,33868.8,26513.98,7354.82
12583,2026-10-08 12:00:00,Mobile Phone,West,New,5,UPI,7.1,Electronics,30000,139350.0,109514.05,29835.95
12584,2026-10-08 18:00:00,Mouse,West,New,5,Net Banking,14.2,Accessories,800,3432.0,2798.08,633.92
12585,2026-10-09 00:00:00,Monitor,North,Returning,3,Net Banking,3.57,Electronics,12000,34714.8,21081.07,13633.73
12586,2026-10-09 06:00:00,Mobile Phone,Central,VIP,1,Credit Card,2.12,Electronics,30000,29364.0,18967.37,10396.63
12587,2026-10-09 12:00:00,Mouse,South,Returning,4,Credit Card,7.74,Accessories,800,2952.32,2244.19,708.13
12588,2026-10-09 18:00:00,Mobile Phone,North,VIP,3,UPI,9.17,Electronics,30000,81747.0,55959.9,25787.1
12589,2026-10-10 00:00:00,Mobile Phone,Central,New,5,Debit Card,12.57,Electronics,30000,131145.0,80115.22,51029.78
12590,2026-10-10 06:00:00,Monitor,South,Returning,4,Credit Card,14.15,Electronics,12000,41208.0,30766.58,10441.42
12591,2026-10-10 12:00:00,Mobile Phone,West,New,4,Credit Card,17.79,Electronics,30000,98652.0,68885.56,29766.44
12592,2026-10-10 18:00:00,Mobile Phone,South,Returning,1,Debit Card,5.78,Electronics,30000,28266.0,19532.48,8733.52
12593,2026-10-11 00:00:00,Monitor,East,New,5,Debit Card,10.57,Electronics,12000,53658.0,35741.11,17916.89
12594,2026-10-11 06:00:00,Headphones,South,Returning,2,Net Banking,7.32,Accessories,2500,4634.0,2787.35,1846.65
12595,2026-10-11 12:00:00,Laptop,East,Returning,1,Credit Card,0.03,Electronics,60000,59982.0,38723.78,21258.22
12596,2026-10-11 18:00:00,Smart Watch,South,VIP,1,Cash,11.59,Wearables,5000,4420.5,3176.39,1244.11
12597,2026-10-12 00:00:00,Tablet,East,New,2,Cash,16.32,Electronics,20000,33472.0,22390.56,11081.44
12598,2026-10-12 06:00:00,Keyboard,West,VIP,2,UPI,0.73,Accessories,1500,2978.1,2437.86,540.24
12599,2026-10-12 12:00:00,Tablet,Central,VIP,1,Credit Card,0.07,Electronics,20000,19986.0,12706.1,7279.9
12600,2026-10-12 18:00:00,Tablet,East,New,4,Cash,14.56,Electronics,20000,68352.0,55969.01,12382.99
12601,2026-10-13 00:00:00,Mouse,East,Returning,3,Credit Card,13.68,Accessories,800,2071.68,1452.68,619.0
12602,2026-10-13 06:00:00,Laptop,West,VIP,3,Credit Card,8.12,Electronics,60000,165384.0,110635.29,54748.71
12603,2026-10-13 12:00:00,Mouse,East,New,1,Cash,13.23,Accessories,800,694.16,469.3,224.86
12604,2026-10-13 18:00:00,Laptop,North,Returning,4,Credit Card,19.07,Electronics,60000,194232.0,132566.78,61665.22
12605,2026-10-14 00:00:00,Monitor,West,VIP,2,Debit Card,4.96,Electronics,12000,22809.6,16574.39,6235.21
12606,2026-10-14 06:00:00,Monitor,North,VIP,1,UPI,4.92,Electronics,12000,11409.6,7855.17,3554.43
12607,2026-10-14 12:00:00,Smart Watch,West,VIP,5,Net Banking,3.72,Wearables,5000,24070.0,18336.56,5733.44
12608,2026-10-14 18:00:00,Laptop,East,Returning,4,Cash,14.48,Electronics,60000,205248.0,144965.59,60282.41
12609,2026-10-15 00:00:00,Mobile Phone,North,VIP,5,Net Banking,7.06,Electronics,30000,139410.0,107054.46,32355.54
12610,2026-10-15 06:00:00,Headphones,East,Returning,5,UPI,19.77,Accessories,2500,10028.75,7532.66,2496.09
12611,2026-10-15 12:00:00,Smart Watch,West,VIP,1,Debit Card,14.29,Wearables,5000,4285.5,2833.2,1452.3
12612,2026-10-15 18:00:00,Smart Watch,East,New,4,Debit Card,7.35,Wearables,5000,18530.0,14883.17,3646.83
12613,2026-10-16 00:00:00,Mobile Phone,North,VIP,5,Debit Card,2.98,Electronics,30000,145530.0,116386.94,29143.06
12614,2026-10-16 06:00:00,Headphones,North,New,4,Debit Card,11.84,Accessories,2500,8816.0,7469.31,1346.69
12615,2026-10-16 12:00:00,Mouse,East,New,3,Cash,5.9,Accessories,800,2258.4,1453.87,804.53
12616,2026-10-16 18:00:00,Headphones,South,New,5,Cash,18.11,Accessories,2500,10236.25,8311.42,1924.83
12617,2026-10-17 00:00:00,Mouse,West,Returning,5,Credit Card,8.83,Accessories,800,3646.8,2983.07,663.73
12618,2026-10-17 06:00:00,Monitor,West,New,4,Credit Card,5.85,Electronics,12000,45192.0,34370.37,10821.63
12619,2026-10-17 12:00:00,Tablet,East,VIP,3,UPI,11.77,Electronics,20000,52938.0,38464.55,14473.45
12620,2026-10-17 18:00:00,Monitor,South,Returning,5,Credit Card,2.74,Electronics,12000,58356.0,48979.06,9376.94
12621,2026-10-18 00:00:00,Monitor,North,New,1,UPI,11.23,Electronics,12000,10652.4,8981.82,1670.58
12622,2026-10-18 06:00:00,Tablet,Central,Returning,4,UPI,1.12,Electronics,20000,79104.0,60152.61,18951.39
12623,2026-10-18 12:00:00,Headphones,Central,Returning,4,UPI,12.14,Accessories,2500,8786.0,6061.37,2724.63
12624,2026-10-18 18:00:00,Smart Watch,East,Returning,5,Debit Card,10.6,Wearables,5000,22350.0,17975.91,4374.09
12625,2026-10-19 00:00:00,Headphones,South,VIP,3,Net Banking,10.42,Accessories,2500,6718.5,4181.02,2537.48
12626,2026-10-19 06:00:00,Mouse,South,New,5,Net Banking,13.68,Accessories,800,3452.8,2322.52,1130.28
12627,2026-10-19 12:00:00,Mobile Phone,West,Returning,2,Cash,0.89,Electronics,30000,59466.0,50331.34,9134.66
12628,2026-10-19 18:00:00,Mouse,North,Returning,5,UPI,9.19,Accessories,800,3632.4,2918.94,713.46
12629,2026-10-20 00:00:00,Mobile Phone,South,Returning,2,Debit Card,8.88,Electronics,30000,54672.0,45645.41,9026.59
12630,2026-10-20 06:00:00,Monitor,Central,New,1,Credit Card,9.2,Electronics,12000,10896.0,8157.82,2738.18
12631,2026-10-20 12:00:00,Tablet,North,Returning,4,Credit Card,19.6,Electronics,20000,64320.0,45147.37,19172.63
12632,2026-10-20 18:00:00,Monitor,North,Returning,4,Cash,2.79,Electronics,12000,46660.8,39424.76,7236.04
12633,2026-10-21 00:00:00,Laptop,East,VIP,3,Cash,13.81,Electronics,60000,155142.0,105086.43,50055.57
12634,2026-10-21 06:00:00,Headphones,South,New,5,UPI,8.04,Accessories,2500,11495.0,9073.62,2421.38
12635,2026-10-21 12:00:00,Mobile Phone,East,VIP,1,UPI,10.23,Electronics,30000,26931.0,19916.87,7014.13
12636,2026-10-21 18:00:00,Mouse,South,New,2,Credit Card,15.25,Accessories,800,1356.0,891.06,464.94
12637,2026-10-22 00:00:00,Tablet,West,New,3,Credit Card,3.15,Electronics,20000,58110.0,35119.99,22990.01
12638,2026-10-22 06:00:00,Mobile Phone,East,New,1,Credit Card,15.27,Electronics,30000,25419.0,17690.12,7728.88
12639,2026-10-22 12:00:00,Mouse,East,VIP,1,Credit Card,1.41,Accessories,800,788.72,581.22,207.5
12640,2026-10-22 18:00:00,Headphones,Central,VIP,2,Net Banking,9.67,Accessories,2500,4516.5,2916.74,1599.76
12641,2026-10-23 00:00:00,Monitor,East,VIP,2,UPI,14.84,Electronics,12000,20438.4,14381.25,6057.15
12642,2026-10-23 06:00:00,Headphones,South,VIP,4,UPI,3.85,Accessories,2500,9615.0,7247.76,2367.24
12643,2026-10-23 12:00:00,Keyboard,Central,Returning,5,Credit Card,15.42,Accessories,1500,6343.5,4939.88,1403.62
12644,2026-10-23 18:00:00,Laptop,East,Returning,3,Debit Card,3.34,Electronics,60000,173988.0,106686.94,67301.06
12645,2026-10-24 00:00:00,Keyboard,East,Returning,5,Credit Card,15.98,Accessories,1500,6301.5,4827.23,1474.27
12646,2026-10-24 06:00:00,Tablet,West,New,3,Cash,9.38,Electronics,20000,54372.0,33393.48,20978.52
12647,2026-10-24 12:00:00,Mobile Phone,East,Returning,1,Debit Card,13.69,Electronics,30000,25893.0,15718.25,10174.75
12648,2026-10-24 18:00:00,Tablet,North,New,2,Cash,18.35,Electronics,20000,32660.0,20840.44,11819.56
12649,2026-10-25 00:00:00,Monitor,Central,VIP,2,Debit Card,8.17,Electronics,12000,22039.2,16824.97,5214.23
12650,2026-10-25 06:00:00,Mouse,North,New,1,Cash,4.66,Accessories,800,762.72,467.7,295.02
12651,2026-10-25 12:00:00,Headphones,Central,New,1,Credit Card,17.34,Accessories,2500,2066.5,1250.7,815.8
12652,2026-10-25 18:00:00,Keyboard,West,Returning,3,Credit Card,3.23,Accessories,1500,4354.65,2741.21,1613.44
12653,2026-10-26 00:00:00,Smart Watch,East,VIP,1,Debit Card,12.63,Wearables,5000,4368.5,3658.31,710.19
12654,2026-10-26 06:00:00,Keyboard,East,VIP,3,Cash,18.47,Accessories,1500,3668.85,3033.48,635.37
12655,2026-10-26 12:00:00,Monitor,East,Returning,5,Net Banking,13.49,Electronics,12000,51906.0,32265.63,19640.37
12656,2026-10-26 18:00:00,Keyboard,Central,VIP,2,Debit Card,3.91,Accessories,1500,2882.7,1948.71,933.99
12657,2026-10-27 00:00:00,Monitor,East,VIP,2,Debit Card,3.05,Electronics,12000,23268.0,19471.2,3796.8
12658,2026-10-27 06:00:00,Smart Watch,North,VIP,2,UPI,5.05,Wearables,5000,9495.0,5928.89,3566.11
12659,2026-10-27 12:00:00,Tablet,East,Returning,5,Debit Card,7.83,Electronics,20000,92170.0,57481.73,34688.27
12660,2026-10-27 18:00:00,Headphones,West,VIP,5,Net Banking,3.18,Accessories,2500,12102.5,7521.72,4580.78
12661,2026-10-28 00:00:00,Mobile Phone,North,New,4,Credit Card,15.96,Electronics,30000,100848.0,85127.72,15720.28
12662,2026-10-28 06:00:00,Mouse,East,New,3,Cash,7.14,Accessories,800,2228.64,1751.21,477.43
12663,2026-10-28 12:00:00,Mobile Phone,East,VIP,3,UPI,18.72,Electronics,30000,73152.0,47813.69,25338.31
12664,2026-10-28 18:00:00,Tablet,South,Returning,4,Cash,16.85,Electronics,20000,66520.0,40676.1,25843.9
12665,2026-10-29 00:00:00,Mouse,Central,Returning,2,Credit Card,18.18,Accessories,800,1309.12,1101.38,207.74
12666,2026-10-29 06:00:00,Keyboard,North,Returning,3,Debit Card,5.89,Accessories,1500,4234.95,2991.45,1243.5
12667,2026-10-29 12:00:00,Smart Watch,South,VIP,3,Net Banking,11.47,Wearables,5000,13279.5,9954.23,3325.27
12668,2026-10-29 18:00:00,Smart Watch,West,VIP,2,UPI,6.43,Wearables,5000,9357.0,6267.31,3089.69
12669,2026-10-30 00:00:00,Laptop,Central,New,1,Net Banking,5.14,Electronics,60000,56916.0,44940.31,11975.69
12670,2026-10-30 06:00:00,Tablet,North,Returning,1,Net Banking,12.14,Electronics,20000,17572.0,11407.75,6164.25
12671,2026-10-30 12:00:00,Tablet,East,New,4,Net Banking,16.36,Electronics,20000,66912.0,53310.66,13601.34
12672,2026-10-30 18:00:00,Headphones,North,New,5,Net Banking,1.87,Accessories,2500,12266.25,8066.91,4199.34
12673,2026-10-31 00:00:00,Mobile Phone,East,Returning,3,Credit Card,5.52,Electronics,30000,85032.0,53100.62,31931.38
12674,2026-10-31 06:00:00,Tablet,Central,VIP,3,Net Banking,4.1,Electronics,20000,57540.0,41411.86,16128.14
12675,2026-10-31 12:00:00,Tablet,East,VIP,4,Net Banking,15.97,Electronics,20000,67224.0,54001.32,13222.68
12676,2026-10-31 18:00:00,Keyboard,West,New,4,Credit Card,18.67,Accessories,1500,4879.8,3397.4,1482.4
12677,2026-11-01 00:00:00,Keyboard,East,New,3,Cash,1.6,Accessories,1500,4428.0,2688.76,1739.24
12678,2026-11-01 06:00:00,Mouse,West,New,2,Credit Card,7.58,Accessories,800,1478.72,1091.78,386.94
12679,2026-11-01 12:00:00,Monitor,Central,New,2,Debit Card,18.29,Electronics,12000,19610.4,15102.32,4508.08
12680,2026-11-01 18:00:00,Monitor,Central,Returning,5,Credit Card,6.89,Electronics,12000,55866.0,43864.52,12001.48
12681,2026-11-02 00:00:00,Laptop,North,New,3,Cash,14.25,Electronics,60000,154350.0,108119.28,46230.72
12682,2026-11-02 06:00:00,Monitor,West,New,3,Debit Card,2.01,Electronics,12000,35276.4,22021.47,13254.93
12683,2026-11-02 12:00:00,Headphones,West,VIP,3,Debit Card,8.89,Accessories,2500,6833.25,5098.16,1735.09
12684,2026-11-02 18:00:00,Laptop,South,VIP,3,UPI,10.07,Electronics,60000,161874.0,110460.71,51413.29
12685,2026-11-03 00:00:00,Mouse,South,VIP,4,Net Banking,15.15,Accessories,800,2715.2,2271.87,443.33
12686,2026-11-03 06:00:00,Keyboard,South,Returning,1,Debit Card,5.78,Accessories,1500,1413.3,1025.6,387.7
12687,2026-11-03 12:00:00,Monitor,East,Returning,3,Debit Card,5.28,Electronics,12000,34099.2,24485.49,9613.71
12688,2026-11-03 18:00:00,Mobile Phone,South,VIP,1,Cash,6.06,Electronics,30000,28182.0,19087.74,9094.26
12689,2026-11-04 00:00:00,Keyboard,West,VIP,2,Debit Card,11.11,Accessories,1500,2666.7,1825.88,840.82
12690,2026-11-04 06:00:00,Smart Watch,East,New,5,Cash,17.52,Wearables,5000,20620.0,15015.25,5604.75
12691,2026-11-04 12:00:00,Headphones,Central,New,2,Net Banking,16.62,Accessories,2500,4169.0,2821.02,1347.98
12692,2026-11-04 18:00:00,Keyboard,North,Returning,3,UPI,1.16,Accessories,1500,4447.8,3660.88,786.92
12693,2026-11-05 00:00:00,Headphones,South,Returning,2,UPI,17.58,Accessories,2500,4121.0,2924.9,1196.1
12694,2026-11-05 06:00:00,Headphones,Central,New,4,Net Banking,1.9,Accessories,2500,9810.0,6602.18,3207.82
12695,2026-11-05 12:00:00,Headphones,West,VIP,1,Net Banking,8.31,Accessories,2500,2292.25,1464.4,827.85
12696,2026-11-05 18:00:00,Mouse,North,New,3,Credit Card,15.31,Accessories,800,2032.56,1561.18,471.38
12697,2026-11-06 00:00:00,Headphones,Central,Returning,4,Debit Card,1.63,Accessories,2500,9837.0,5965.62,3871.38
12698,2026-11-06 06:00:00,Headphones,North,Returning,1,Debit Card,0.81,Accessories,2500,2479.75,1766.82,712.93
12699,2026-11-06 12:00:00,Smart Watch,South,New,4,Debit Card,6.6,Wearables,5000,18680.0,13777.07,4902.93
12700,2026-11-06 18:00:00,Mobile Phone,West,New,2,Cash,14.6,Electronics,30000,51240.0,35096.64,16143.36
12701,2026-11-07 00:00:00,Laptop,North,New,3,Credit Card,10.44,Electronics,60000,161208.0,126943.95,34264.05
12702,2026-11-07 06:00:00,Tablet,Central,Returning,2,Debit Card,8.34,Electronics,20000,36664.0,28191.5,8472.5
12703,2026-11-07 12:00:00,Smart Watch,South,VIP,5,Cash,16.26,Wearables,5000,20935.0,17645.06,3289.94
12704,2026-11-07 18:00:00,Laptop,South,New,3,Cash,15.33,Electronics,60000,152406.0,110828.38,41577.62
12705,2026-11-08 00:00:00,Headphones,Central,Returning,2,UPI,15.72,Accessories,2500,4214.0,3094.99,1119.01
12706,2026-11-08 06:00:00,Mobile Phone,Central,Returning,3,Cash,9.19,Electronics,30000,81729.0,54060.45,27668.55
12707,2026-11-08 12:00:00,Keyboard,North,Returning,1,Net Banking,0.39,Accessories,1500,1494.15,1040.48,453.67
12708,2026-11-08 18:00:00,Mobile Phone,East,New,3,Cash,3.44,Electronics,30000,86904.0,52725.97,34178.03
12709,2026-11-09 00:00:00,Smart Watch,South,New,3,Net Banking,14.83,Wearables,5000,12775.5,9866.76,2908.74
12710,2026-11-09 06:00:00,Headphones,North,VIP,1,Net Banking,15.06,Accessories,2500,2123.5,1439.53,683.97
12711,2026-11-09 12:00:00,Mobile Phone,Central,Returning,2,UPI,19.45,Electronics,30000,48330.0,35526.98,12803.02
12712,2026-11-09 18:00:00,Monitor,North,New,3,UPI,3.8,Electronics,12000,34632.0,22986.92,11645.08
12713,2026-11-10 00:00:00,Mobile Phone,Central,Returning,4,Cash,2.46,Electronics,30000,117048.0,88401.56,28646.44
12714,2026-11-10 06:00:00,Headphones,West,Returning,3,UPI,2.78,Accessories,2500,7291.5,5190.79,2100.71
12715,2026-11-10 12:00:00,Mouse,Central,VIP,2,UPI,3.7,Accessories,800,1540.8,1110.09,430.71
12716,2026-11-10 18:00:00,Monitor,Central,New,1,Debit Card,10.57,Electronics,12000,10731.6,8967.88,1763.72
12717,2026-11-11 00:00:00,Mobile Phone,Central,New,2,Cash,19.5,Electronics,30000,48300.0,37506.89,10793.11
12718,2026-11-11 06:00:00,Tablet,East,Returning,5,Cash,11.79,Electronics,20000,88210.0,58701.54,29508.46
12719,2026-11-11 12:00:00,Tablet,Central,Returning,3,Cash,10.45,Electronics,20000,53730.0,39006.93,14723.07
12720,2026-11-11 18:00:00,Mobile Phone,South,VIP,3,UPI,13.47,Electronics,30000,77877.0,55811.97,22065.03
12721,2026-11-12 00:00:00,Mouse,South,VIP,1,UPI,1.48,Accessories,800,788.16,629.55,158.61
12722,2026-11-12 06:00:00,Keyboard,North,VIP,3,Net Banking,16.31,Accessories,1500,3766.05,3044.24,721.81
12723,2026-11-12 12:00:00,Headphones,East,VIP,4,Credit Card,12.94,Accessories,2500,8706.0,5840.51,2865.49
12724,2026-11-12 18:00:00,Tablet,North,VIP,4,Credit Card,3.42,Electronics,20000,77264.0,62219.76,15044.24
12725,2026-11-13 00:00:00,Keyboard,South,VIP,2,Credit Card,12.61,Accessories,1500,2621.7,1690.67,931.03
12726,2026-11-13 06:00:00,Mobile Phone,South,Returning,1,Debit Card,11.92,Electronics,30000,26424.0,20893.26,5530.74
12727,2026-11-13 12:00:00,Smart Watch,West,VIP,5,UPI,1.3,Wearables,5000,24675.0,16339.69,8335.31
12728,2026-11-13 18:00:00,Keyboard,Central,Returning,2,Net Banking,5.34,Accessories,1500,2839.8,1915.4,924.4
12729,2026-11-14 00:00:00,Monitor,South,Returning,1,Net Banking,7.82,Electronics,12000,11061.6,8994.37,2067.23
12730,2026-11-14 06:00:00,Laptop,North,New,1,Credit Card,4.9,Electronics,60000,57060.0,40228.37,16831.63
12731,2026-11-14 12:00:00,Tablet,North,Returning,2,Debit Card,4.86,Electronics,20000,38056.0,32257.84,5798.16
12732,2026-11-14 18:00:00,Mobile Phone,Central,Returning,2,Debit Card,11.46,Electronics,30000,53124.0,33892.36,19231.64
12733,2026-11-15 00:00:00,Smart Watch,Central,VIP,3,Credit Card,9.42,Wearables,5000,13587.0,9726.08,3860.92
12734,2026-11-15 06:00:00,Headphones,West,Returning,5,Credit Card,13.35,Accessories,2500,10831.25,8482.09,2349.16
12735,2026-11-15 12:00:00,Smart Watch,East,VIP,4,UPI,19.13,Wearables,5000,16174.0,9726.1,6447.9
12736,2026-11-15 18:00:00,Mouse,North,VIP,3,Debit Card,13.21,Accessories,800,2082.96,1328.85,754.11
12737,2026-11-16 00:00:00,Monitor,Central,VIP,1,Net Banking,11.64,Electronics,12000,10603.2,6415.88,4187.32
12738,2026-11-16 06:00:00,Mobile Phone,North,New,5,Credit Card,16.95,Electronics,30000,124575.0,105666.94,18908.06
12739,2026-11-16 12:00:00,Headphones,Central,VIP,5,UPI,12.64,Accessories,2500,10920.0,8628.51,2291.49
12740,2026-11-16 18:00:00,Mouse,South,Returning,2,Net Banking,3.31,Accessories,800,1547.04,1072.7,474.34
12741,2026-11-17 00:00:00,Mouse,North,VIP,5,Debit Card,6.29,Accessories,800,3748.4,2395.49,1352.91
12742,2026-11-17 06:00:00,Mobile Phone,South,VIP,5,Credit Card,14.67,Electronics,30000,127995.0,79689.15,48305.85
12743,2026-11-17 12:00:00,Monitor,North,VIP,1,Credit Card,14.77,Electronics,12000,10227.6,7496.59,2731.01
12744,2026-11-17 18:00:00,Keyboard,East,New,3,UPI,19.74,Accessories,1500,3611.7,3048.18,563.52
12745,2026-11-18 00:00:00,Keyboard,West,Returning,5,UPI,12.54,Accessories,1500,6559.5,5041.98,1517.52
12746,2026-11-18 06:00:00,Mouse,South,New,2,Debit Card,17.99,Accessories,800,1312.16,907.08,405.08
12747,2026-11-18 12:00:00,Keyboard,Central,Returning,3,Credit Card,1.09,Accessories,1500,4450.95,3227.89,1223.06
12748,2026-11-18 18:00:00,Laptop,East,New,2,UPI,11.32,Electronics,60000,106416.0,90424.43,15991.57
12749,2026-11-19 00:00:00,Mouse,North,Returning,5,Credit Card,18.4,Accessories,800,3264.0,2381.71,882.29
12750,2026-11-19 06:00:00,Mouse,South,New,3,Debit Card,5.74,Accessories,800,2262.24,1902.66,359.58
12751,2026-11-19 12:00:00,Headphones,North,VIP,5,Credit Card,3.1,Accessories,2500,12112.5,7317.05,4795.45
12752,2026-11-19 18:00:00,Keyboard,North,New,1,Net Banking,7.01,Accessories,1500,1394.85,1088.32,306.53
12753,2026-11-20 00:00:00,Monitor,North,New,3,Credit Card,15.84,Electronics,12000,30297.6,22928.93,7368.67
12754,2026-11-20 06:00:00,Mouse,West,VIP,2,Cash,1.69,Accessories,800,1572.96,1213.28,359.68
12755,2026-11-20 12:00:00,Smart Watch,West,VIP,1,Cash,12.01,Wearables,5000,4399.5,3267.25,1132.25
12756,2026-11-20 18:00:00,Monitor,Central,Returning,4,Debit Card,2.71,Electronics,12000,46699.2,28535.28,18163.92
12757,2026-11-21 00:00:00,Laptop,South,Returning,2,Debit Card,8.71,Electronics,60000,109548.0,69824.91,39723.09
12758,2026-11-21 06:00:00,Headphones,East,Returning,5,Debit Card,19.32,Accessories,2500,10085.0,8376.23,1708.77
12759,2026-11-21 12:00:00,Mobile Phone,East,New,2,Net Banking,3.9,Electronics,30000,57660.0,37953.61,19706.39
12760,2026-11-21 18:00:00,Monitor,East,Returning,4,Net Banking,0.68,Electronics,12000,47673.6,40438.38,7235.22
12761,2026-11-22 00:00:00,Mouse,North,New,2,Credit Card,8.54,Accessories,800,1463.36,1126.64,336.72
12762,2026-11-22 06:00:00,Laptop,West,New,1,UPI,11.55,Electronics,60000,53070.0,37737.47,15332.53
12763,2026-11-22 12:00:00,Tablet,South,Returning,2,Cash,5.95,Electronics,20000,37620.0,31225.06,6394.94
12764,2026-11-22 18:00:00,Laptop,North,Returning,3,Cash,10.84,Electronics,60000,160488.0,128189.24,32298.76
12765,2026-11-23 00:00:00,Laptop,West,New,4,Cash,19.07,Electronics,60000,194232.0,137368.89,56863.11
12766,2026-11-23 06:00:00,Headphones,West,VIP,2,Credit Card,6.24,Accessories,2500,4688.0,2893.19,1794.81
12767,2026-11-23 12:00:00,Mobile Phone,South,VIP,4,Credit Card,6.19,Electronics,30000,112572.0,91979.9,20592.1
12768,2026-11-23 18:00:00,Tablet,South,New,1,Debit Card,9.66,Electronics,20000,18068.0,14296.49,3771.51
12769,2026-11-24 00:00:00,Keyboard,South,Returning,3,UPI,10.31,Accessories,1500,4036.05,3219.49,816.56
12770,2026-11-24 06:00:00,Keyboard,North,New,5,Debit Card,0.03,Accessories,1500,7497.75,5894.84,1602.91
12771,2026-11-24 12:00:00,Monitor,Central,New,2,Credit Card,12.32,Electronics,12000,21043.2,14076.61,6966.59
12772,2026-11-24 18:00:00,Laptop,South,Returning,1,Net Banking,19.95,Electronics,60000,48030.0,39130.59,8899.41
12773,2026-11-25 00:00:00,Smart Watch,Central,VIP,4,Debit Card,5.84,Wearables,5000,18832.0,11309.71,7522.29
12774,2026-11-25 06:00:00,Headphones,North,New,4,Credit Card,12.62,Accessories,2500,8738.0,5761.13,2976.87
12775,2026-11-25 12:00:00,Smart Watch,Central,VIP,1,Credit Card,0.09,Wearables,5000,4995.5,3055.45,1940.05
12776,2026-11-25 18:00:00,Headphones,East,VIP,2,Net Banking,12.09,Accessories,2500,4395.5,2758.83,1636.67
12777,2026-11-26 00:00:00,Keyboard,Central,Returning,5,Net Banking,8.94,Accessories,1500,6829.5,5006.67,1822.83
12778,2026-11-26 06:00:00,Monitor,South,New,2,Net Banking,10.61,Electronics,12000,21453.6,13071.98,8381.62
12779,2026-11-26 12:00:00,Monitor,North,New,3,UPI,10.88,Electronics,12000,32083.2,20704.74,11378.46
12780,2026-11-26 18:00:00,Monitor,South,VIP,2,Credit Card,3.54,Electronics,12000,23150.4,15237.25,7913.15
12781,2026-11-27 00:00:00,Tablet,East,VIP,3,Net Banking,15.4,Electronics,20000,50760.0,38772.25,11987.75
12782,2026-11-27 06:00:00,Mobile Phone,South,Returning,4,UPI,11.11,Electronics,30000,106668.0,76502.84,30165.16
12783,2026-11-27 12:00:00,Tablet,South,VIP,3,Cash,5.4,Electronics,20000,56760.0,40560.87,16199.13
12784,2026-11-27 18:00:00,Mouse,South,Returning,5,Cash,18.75,Accessories,800,3250.0,2574.35,675.65
12785,2026-11-28 00:00:00,Mouse,West,New,1,Cash,0.26,Accessories,800,797.92,569.86,228.06
12786,2026-11-28 06:00:00,Smart Watch,East,Returning,3,Credit Card,14.52,Wearables,5000,12822.0,8810.28,4011.72
12787,2026-11-28 12:00:00,Mobile Phone,South,VIP,2,UPI,7.62,Electronics,30000,55428.0,46593.48,8834.52
12788,2026-11-28 18:00:00,Keyboard,South,New,3,UPI,10.45,Accessories,1500,4029.75,2426.2,1603.55
12789,2026-11-29 00:00:00,Mobile Phone,South,Returning,4,Cash,5.83,Electronics,30000,113004.0,76430.06,36573.94
12790,2026-11-29 06:00:00,Headphones,North,New,3,Debit Card,6.43,Accessories,2500,7017.75,5279.79,1737.96
12791,2026-11-29 12:00:00,Mouse,West,Returning,5,Cash,0.3,Accessories,800,3988.0,3173.26,814.74
12792,2026-11-29 18:00:00,Laptop,North,VIP,3,Credit Card,14.6,Electronics,60000,153720.0,123606.75,30113.25
12793,2026-11-30 00:00:00,Laptop,West,VIP,5,Cash,14.22,Electronics,60000,257340.0,157368.11,99971.89
12794,2026-11-30 06:00:00,Keyboard,South,New,2,Cash,13.09,Accessories,1500,2607.3,2026.61,580.69
12795,2026-11-30 12:00:00,Headphones,East,New,4,UPI,17.56,Accessories,2500,8244.0,6430.84,1813.16
12796,2026-11-30 18:00:00,Smart Watch,Central,New,1,Cash,18.03,Wearables,5000,4098.5,2678.45,1420.05
12797,2026-12-01 00:00:00,Tablet,Central,Returning,2,Net Banking,11.13,Electronics,20000,35548.0,22331.03,13216.97
12798,2026-12-01 06:00:00,Headphones,South,VIP,2,Net Banking,13.7,Accessories,2500,4315.0,3397.72,917.28
12799,2026-12-01 12:00:00,Laptop,North,New,1,Debit Card,0.22,Electronics,60000,59868.0,39655.07,20212.93
12800,2026-12-01 18:00:00,Laptop,East,New,3,Credit Card,16.93,Electronics,60000,149526.0,89778.17,59747.83
12801,2026-12-02 00:00:00,Smart Watch,West,New,3,Credit Card,16.33,Wearables,5000,12550.5,8231.79,4318.71
12802,2026-12-02 06:00:00,Mouse,South,Returning,3,UPI,0.4,Accessories,800,2390.4,1452.81,937.59
12803,2026-12-02 12:00:00,Headphones,East,New,4,Credit Card,10.86,Accessories,2500,8914.0,5903.71,3010.29
12804,2026-12-02 18:00:00,Headphones,East,New,2,Debit Card,18.13,Accessories,2500,4093.5,2798.95,1294.55
12805,2026-12-03 00:00:00,Laptop,West,Returning,5,Net Banking,3.63,Electronics,60000,289110.0,193082.13,96027.87
12806,2026-12-03 06:00:00,Tablet,East,Returning,1,UPI,7.05,Electronics,20000,18590.0,15429.41,3160.59
12807,2026-12-03 12:00:00,Keyboard,North,New,2,Net Banking,6.62,Accessories,1500,2801.4,1843.69,957.71
12808,2026-12-03 18:00:00,Monitor,North,New,3,Debit Card,7.12,Electronics,12000,33436.8,23970.3,9466.5
12809,2026-12-04 00:00:00,Keyboard,North,Returning,1,UPI,0.84,Accessories,1500,1487.4,1248.46,238.94
12810,2026-12-04 06:00:00,Headphones,East,VIP,5,Cash,5.58,Accessories,2500,11802.5,9675.69,2126.81
12811,2026-12-04 12:00:00,Keyboard,North,Returning,2,Credit Card,5.9,Accessories,1500,2823.0,1912.06,910.94
12812,2026-12-04 18:00:00,Laptop,West,VIP,2,Debit Card,17.32,Electronics,60000,99216.0,67627.87,31588.13
12813,2026-12-05 00:00:00,Laptop,East,New,4,UPI,7.04,Electronics,60000,223104.0,166955.94,56148.06
12814,2026-12-05 06:00:00,Smart Watch,Central,New,2,Net Banking,8.94,Wearables,5000,9106.0,7553.11,1552.89
12815,2026-12-05 12:00:00,Headphones,East,VIP,2,UPI,7.61,Accessories,2500,4619.5,2783.25,1836.25
12816,2026-12-05 18:00:00,Smart Watch,West,Returning,5,Cash,2.41,Wearables,5000,24397.5,17036.29,7361.21
12817,2026-12-06 00:00:00,Headphones,Central,New,5,Debit Card,19.81,Accessories,2500,10023.75,8143.73,1880.02
12818,2026-12-06 06:00:00,Monitor,East,VIP,1,UPI,16.52,Electronics,12000,10017.6,7038.54,2979.06
12819,2026-12-06 12:00:00,Monitor,North,Returning,3,Debit Card,10.82,Electronics,12000,32104.8,25042.18,7062.62
12820,2026-12-06 18:00:00,Mouse,South,VIP,5,Debit Card,9.53,Accessories,800,3618.8,2797.26,821.54
12821,2026-12-07 00:00:00,Headphones,South,Returning,1,Net Banking,12.99,Accessories,2500,2175.25,1416.88,758.37
12822,2026-12-07 06:00:00,Tablet,North,Returning,2,Credit Card,6.53,Electronics,20000,37388.0,26635.16,10752.84
12823,2026-12-07 12:00:00,Keyboard,South,Returning,1,Cash,1.01,Accessories,1500,1484.85,1101.09,383.76
12824,2026-12-07 18:00:00,Headphones,South,Returning,1,UPI,8.09,Accessories,2500,2297.75,1789.64,508.11
12825,2026-12-08 00:00:00,Mobile Phone,North,VIP,1,Credit Card,19.68,Electronics,30000,24096.0,19411.68,4684.32
12826,2026-12-08 06:00:00,Mouse,North,VIP,1,Net Banking,3.65,Accessories,800,770.8,608.92,161.88
12827,2026-12-08 12:00:00,Mobile Phone,East,VIP,5,Credit Card,10.55,Electronics,30000,134175.0,81454.67,52720.33
12828,2026-12-08 18:00:00,Laptop,East,VIP,3,Debit Card,0.17,Electronics,60000,179694.0,137943.8,41750.2
12829,2026-12-09 00:00:00,Monitor,North,VIP,1,Debit Card,2.44,Electronics,12000,11707.2,8479.86,3227.34
12830,2026-12-09 06:00:00,Keyboard,West,Returning,4,Cash,11.74,Accessories,1500,5295.6,3937.1,1358.5
12831,2026-12-09 12:00:00,Headphones,South,New,2,UPI,5.95,Accessories,2500,4702.5,3259.97,1442.53
12832,2026-12-09 18:00:00,Mobile Phone,East,New,2,UPI,18.11,Electronics,30000,49134.0,38251.14,10882.86
12833,2026-12-10 00:00:00,Keyboard,South,VIP,2,Net Banking,8.12,Accessories,1500,2756.4,2118.22,638.18
12834,2026-12-10 06:00:00,Laptop,Central,VIP,2,Cash,4.16,Electronics,60000,115008.0,85666.2,29341.8
12835,2026-12-10 12:00:00,Monitor,North,New,2,UPI,10.91,Electronics,12000,21381.6,17434.59,3947.01
12836,2026-12-10 18:00:00,Tablet,West,Returning,1,Debit Card,15.9,Electronics,20000,16820.0,10520.49,6299.51
12837,2026-12-11 00:00:00,Mouse,Central,VIP,3,Cash,0.39,Accessories,800,2390.64,1614.29,776.35
12838,2026-12-11 06:00:00,Keyboard,Central,Returning,4,Credit Card,10.11,Accessories,1500,5393.4,3903.65,1489.75
12839,2026-12-11 12:00:00,Keyboard,Central,New,5,Cash,15.47,Accessories,1500,6339.75,5323.18,1016.57
12840,2026-12-11 18:00:00,Tablet,North,New,4,Cash,2.07,Electronics,20000,78344.0,48415.87,29928.13
12841,2026-12-12 00:00:00,Keyboard,East,VIP,5,UPI,18.06,Accessories,1500,6145.5,4205.18,1940.32
12842,2026-12-12 06:00:00,Laptop,North,Returning,5,Net Banking,5.29,Electronics,60000,284130.0,236246.32,47883.68
12843,2026-12-12 12:00:00,Laptop,East,VIP,4,Net Banking,3.41,Electronics,60000,231816.0,191129.25,40686.75
12844,2026-12-12 18:00:00,Tablet,Central,New,1,UPI,11.79,Electronics,20000,17642.0,14401.37,3240.63
12845,2026-12-13 00:00:00,Mouse,Central,Returning,2,UPI,3.5,Accessories,800,1544.0,1045.44,498.56
12846,2026-12-13 06:00:00,Headphones,West,VIP,1,UPI,13.59,Accessories,2500,2160.25,1753.49,406.76
12847,2026-12-13 12:00:00,Mobile Phone,East,VIP,2,Net Banking,9.8,Electronics,30000,54120.0,39309.24,14810.76
12848,2026-12-13 18:00:00,Headphones,Central,VIP,3,UPI,2.2,Accessories,2500,7335.0,5537.52,1797.48
12849,2026-12-14 00:00:00,Keyboard,South,New,5,Credit Card,18.25,Accessories,1500,6131.25,4044.82,2086.43
12850,2026-12-14 06:00:00,Mobile Phone,West,VIP,4,Credit Card,13.46,Electronics,30000,103848.0,80655.47,23192.53
12851,2026-12-14 12:00:00,Smart Watch,North,Returning,3,Debit Card,10.92,Wearables,5000,13362.0,9111.87,4250.13
12852,2026-12-14 18:00:00,Tablet,West,VIP,2,Credit Card,7.49,Electronics,20000,37004.0,25383.64,11620.36
12853,2026-12-15 00:00:00,Tablet,South,New,1,Cash,2.7,Electronics,20000,19460.0,14774.12,4685.88
12854,2026-12-15 06:00:00,Mouse,East,VIP,4,Debit Card,14.15,Accessories,800,2747.2,1813.04,934.16
12855,2026-12-15 12:00:00,Mobile Phone,North,New,5,Credit Card,16.27,Electronics,30000,125595.0,82404.1,43190.9
12856,2026-12-15 18:00:00,Laptop,North,New,3,Cash,2.52,Electronics,60000,175464.0,121472.1,53991.9
12857,2026-12-16 00:00:00,Mobile Phone,East,Returning,5,Credit Card,9.89,Electronics,30000,135165.0,107390.74,27774.26
12858,2026-12-16 06:00:00,Keyboard,West,Returning,2,Cash,9.7,Accessories,1500,2709.0,1777.57,931.43
12859,2026-12-16 12:00:00,Laptop,Central,VIP,5,UPI,7.0,Electronics,60000,279000.0,222315.46,56684.54
12860,2026-12-16 18:00:00,Monitor,West,New,1,Cash,15.79,Electronics,12000,10105.2,7820.43,2284.77
12861,2026-12-17 00:00:00,Monitor,South,New,3,UPI,1.99,Electronics,12000,35283.6,27160.26,8123.34
12862,2026-12-17 06:00:00,Smart Watch,Central,Returning,3,Cash,4.1,Wearables,5000,14385.0,10338.34,4046.66
12863,2026-12-17 12:00:00,Monitor,West,Returning,1,Cash,0.03,Electronics,12000,11996.4,9434.83,2561.57
12864,2026-12-17 18:00:00,Tablet,East,VIP,5,Credit Card,7.46,Electronics,20000,92540.0,55836.77,36703.23
12865,2026-12-18 00:00:00,Mobile Phone,South,New,1,Cash,5.82,Electronics,30000,28254.0,19111.06,9142.94
12866,2026-12-18 06:00:00,Monitor,South,Returning,4,Credit Card,17.34,Electronics,12000,39676.8,30542.58,9134.22
12867,2026-12-18 12:00:00,Headphones,South,VIP,1,Cash,14.92,Accessories,2500,2127.0,1801.19,325.81
12868,2026-12-18 18:00:00,Mouse,Central,New,5,Net Banking,1.69,Accessories,800,3932.4,2361.91,1570.49
12869,2026-12-19 00:00:00,Headphones,North,New,1,Debit Card,14.82,Accessories,2500,2129.5,1549.2,580.3
12870,2026-12-19 06:00:00,Monitor,Central,Returning,2,Credit Card,13.51,Electronics,12000,20757.6,17248.72,3508.88
12871,2026-12-19 12:00:00,Smart Watch,West,VIP,1,Credit Card,5.63,Wearables,5000,4718.5,3849.75,868.75
12872,2026-12-19 18:00:00,Mouse,North,Returning,1,UPI,0.31,Accessories,800,797.52,483.12,314.4
12873,2026-12-20 00:00:00,Keyboard,West,VIP,5,Net Banking,2.3,Accessories,1500,7327.5,5366.58,1960.92
12874,2026-12-20 06:00:00,Headphones,North,New,4,UPI,5.0,Accessories,2500,9500.0,5710.18,3789.82
12875,2026-12-20 12:00:00,Smart Watch,Central,VIP,4,Net Banking,16.33,Wearables,5000,16734.0,13343.59,3390.41
12876,2026-12-20 18:00:00,Mobile Phone,South,VIP,5,Net Banking,9.31,Electronics,30000,136035.0,92125.45,43909.55
12877,2026-12-21 00:00:00,Mobile Phone,East,VIP,5,Cash,18.37,Electronics,30000,122445.0,96902.69,25542.31
12878,2026-12-21 06:00:00,Headphones,South,VIP,5,UPI,15.78,Accessories,2500,10527.5,8803.08,1724.42
12879,2026-12-21 12:00:00,Monitor,Central,VIP,2,Debit Card,5.74,Electronics,12000,22622.4,19093.79,3528.61
12880,2026-12-21 18:00:00,Smart Watch,North,Returning,3,Net Banking,16.91,Wearables,5000,12463.5,10264.04,2199.46
12881,2026-12-22 00:00:00,Mobile Phone,South,VIP,1,Net Banking,2.33,Electronics,30000,29301.0,19076.0,10225.0
12882,2026-12-22 06:00:00,Keyboard,Central,VIP,5,Credit Card,0.72,Accessories,1500,7446.0,4829.85,2616.15
12883,2026-12-22 12:00:00,Laptop,West,New,5,Cash,12.17,Electronics,60000,263490.0,199315.72,64174.28
12884,2026-12-22 18:00:00,Monitor,East,VIP,5,Debit Card,6.83,Electronics,12000,55902.0,41144.62,14757.38
12885,2026-12-23 00:00:00,Smart Watch,South,New,4,Net Banking,6.59,Wearables,5000,18682.0,11253.73,7428.27
12886,2026-12-23 06:00:00,Keyboard,North,Returning,5,Credit Card,13.74,Accessories,1500,6469.5,4515.27,1954.23
12887,2026-12-23 12:00:00,Smart Watch,West,Returning,1,UPI,17.0,Wearables,5000,4150.0,3430.69,719.31
12888,2026-12-23 18:00:00,Mouse,Central,VIP,5,Net Banking,6.44,Accessories,800,3742.4,3085.94,656.46
12889,2026-12-24 00:00:00,Keyboard,East,Returning,1,Credit Card,6.5,Accessories,1500,1402.5,912.99,489.51
12890,2026-12-24 06:00:00,Monitor,North,VIP,2,UPI,10.68,Electronics,12000,21436.8,14909.1,6527.7
12891,2026-12-24 12:00:00,Mouse,Central,Returning,3,Cash,13.06,Accessories,800,2086.56,1544.25,542.31
12892,2026-12-24 18:00:00,Monitor,Central,VIP,4,UPI,4.06,Electronics,12000,46051.2,37448.65,8602.55
12893,2026-12-25 00:00:00,Mobile Phone,South,VIP,1,Net Banking,18.25,Electronics,30000,24525.0,17976.79,6548.21
12894,2026-12-25 06:00:00,Laptop,South,New,2,Debit Card,13.09,Electronics,60000,104292.0,87819.07,16472.93
12895,2026-12-25 12:00:00,Monitor,North,New,3,UPI,12.5,Electronics,12000,31500.0,25192.54,6307.46
12896,2026-12-25 18:00:00,Monitor,Central,New,3,Debit Card,18.08,Electronics,12000,29491.2,24721.68,4769.52
12897,2026-12-26 00:00:00,Mobile Phone,South,New,3,Debit Card,18.15,Electronics,30000,73665.0,57670.34,15994.66
12898,2026-12-26 06:00:00,Tablet,East,VIP,1,UPI,2.71,Electronics,20000,19458.0,15944.0,3514.0
12899,2026-12-26 12:00:00,Mobile Phone,East,Returning,2,Cash,2.9,Electronics,30000,58260.0,47059.57,11200.43
12900,2026-12-26 18:00:00,Mouse,Central,VIP,5,UPI,15.24,Accessories,800,3390.4,2249.39,1141.01
12901,2026-12-27 00:00:00,Mobile Phone,South,New,2,Credit Card,19.14,Electronics,30000,48516.0,31893.65,16622.35
12902,2026-12-27 06:00:00,Mobile Phone,North,New,2,Debit Card,13.33,Electronics,30000,52002.0,42438.62,9563.38
12903,2026-12-27 12:00:00,Laptop,North,Returning,2,Net Banking,8.23,Electronics,60000,110124.0,68405.66,41718.34
12904,2026-12-27 18:00:00,Mobile Phone,North,New,1,Debit Card,13.67,Electronics,30000,25899.0,18184.75,7714.25
12905,2026-12-28 00:00:00,Smart Watch,East,VIP,1,Net Banking,4.58,Wearables,5000,4771.0,3841.44,929.56
12906,2026-12-28 06:00:00,Monitor,South,VIP,1,Credit Card,19.96,Electronics,12000,9604.8,7715.63,1889.17
12907,2026-12-28 12:00:00,Smart Watch,South,VIP,2,Credit Card,8.62,Wearables,5000,9138.0,5799.85,3338.15
12908,2026-12-28 18:00:00,Laptop,East,VIP,1,Credit Card,18.63,Electronics,60000,48822.0,35245.94,13576.06
12909,2026-12-29 00:00:00,Headphones,North,VIP,3,UPI,8.62,Accessories,2500,6853.5,4934.23,1919.27
12910,2026-12-29 06:00:00,Tablet,North,Returning,1,Debit Card,18.56,Electronics,20000,16288.0,11090.99,5197.01
12911,2026-12-29 12:00:00,Smart Watch,Central,VIP,4,Net Banking,6.71,Wearables,5000,18658.0,15472.99,3185.01
12912,2026-12-29 18:00:00,Laptop,West,New,1,Credit Card,15.21,Electronics,60000,50874.0,38831.08,12042.92
12913,2026-12-30 00:00:00,Mouse,South,New,1,Credit Card,19.02,Accessories,800,647.84,547.46,100.38
12914,2026-12-30 06:00:00,Headphones,South,New,1,Net Banking,12.92,Accessories,2500,2177.0,1342.54,834.46
12915,2026-12-30 12:00:00,Laptop,South,New,1,Debit Card,13.55,Electronics,60000,51870.0,36235.74,15634.26
12916,2026-12-30 18:00:00,Laptop,West,Returning,4,Debit Card,2.06,Electronics,60000,235056.0,190109.62,44946.38
12917,2026-12-31 00:00:00,Tablet,Central,New,5,Net Banking,9.48,Electronics,20000,90520.0,63877.38,26642.62
12918,2026-12-31 06:00:00,Monitor,West,Returning,1,Cash,17.74,Electronics,12000,9871.2,6568.98,3302.22
12919,2026-12-31 12:00:00,Smart Watch,North,New,3,Debit Card,4.82,Wearables,5000,14277.0,12127.62,2149.38
12920,2026-12-31 18:00:00,Mouse,North,Returning,4,Net Banking,15.77,Accessories,800,2695.36,2205.56,489.8
12921,2027-01-01 00:00:00,Keyboard,South,Returning,5,Net Banking,13.51,Accessories,1500,6486.75,4778.26,1708.49
12922,2027-01-01 06:00:00,Smart Watch,East,Returning,1,Credit Card,4.46,Wearables,5000,4777.0,3537.02,1239.98
12923,2027-01-01 12:00:00,Keyboard,South,New,5,Net Banking,5.66,Accessories,1500,7075.5,4257.44,2818.06
12924,2027-01-01 18:00:00,Laptop,East,Returning,3,UPI,8.55,Electronics,60000,164610.0,139136.38,25473.62
12925,2027-01-02 00:00:00,Mobile Phone,West,VIP,4,Credit Card,2.5,Electronics,30000,117000.0,93784.13,23215.87
12926,2027-01-02 06:00:00,Mouse,North,VIP,4,Credit Card,18.27,Accessories,800,2615.36,1593.23,1022.13
12927,2027-01-02 12:00:00,Headphones,East,New,5,Debit Card,14.79,Accessories,2500,10651.25,6860.28,3790.97
12928,2027-01-02 18:00:00,Mobile Phone,West,VIP,1,Cash,7.3,Electronics,30000,27810.0,22394.22,5415.78
12929,2027-01-03 00:00:00,Mobile Phone,North,VIP,2,Debit Card,5.99,Electronics,30000,56406.0,35068.53,21337.47
12930,2027-01-03 06:00:00,Smart Watch,East,VIP,4,UPI,13.79,Wearables,5000,17242.0,14404.77,2837.23
12931,2027-01-03 12:00:00,Mouse,South,New,2,Credit Card,8.48,Accessories,800,1464.32,1244.63,219.69
12932,2027-01-03 18:00:00,Monitor,South,New,4,Credit Card,4.59,Electronics,12000,45796.8,37627.03,8169.77
12933,2027-01-04 00:00:00,Laptop,South,VIP,1,Net Banking,8.6,Electronics,60000,54840.0,43034.37,11805.63
12934,2027-01-04 06:00:00,Laptop,West,New,1,Cash,17.43,Electronics,60000,49542.0,35760.44,13781.56
12935,2027-01-04 12:00:00,Laptop,South,Returning,4,Cash,1.37,Electronics,60000,236712.0,146905.22,89806.78
12936,2027-01-04 18:00:00,Laptop,Central,VIP,5,Net Banking,7.37,Electronics,60000,277890.0,217479.93,60410.07
12937,2027-01-05 00:00:00,Smart Watch,North,New,1,UPI,19.25,Wearables,5000,4037.5,2823.09,1214.41
12938,2027-01-05 06:00:00,Keyboard,West,New,1,Cash,0.3,Accessories,1500,1495.5,1110.49,385.01
12939,2027-01-05 12:00:00,Laptop,South,VIP,3,Credit Card,17.81,Electronics,60000,147942.0,99616.39,48325.61
12940,2027-01-05 18:00:00,Keyboard,North,New,1,UPI,7.5,Accessories,1500,1387.5,916.5,471.0
12941,2027-01-06 00:00:00,Keyboard,East,VIP,3,Debit Card,3.79,Accessories,1500,4329.45,2948.68,1380.77
12942,2027-01-06 06:00:00,Monitor,South,New,1,Debit Card,0.3,Electronics,12000,11964.0,9612.56,2351.44
12943,2027-01-06 12:00:00,Laptop,North,Returning,1,UPI,1.41,Electronics,60000,59154.0,41799.57,17354.43
12944,2027-01-06 18:00:00,Tablet,Central,VIP,5,Credit Card,3.44,Electronics,20000,96560.0,65460.63,31099.37
12945,2027-01-07 00:00:00,Headphones,East,Returning,5,Debit Card,0.51,Accessories,2500,12436.25,8807.88,3628.37
12946,2027-01-07 06:00:00,Mobile Phone,Central,VIP,1,Credit Card,6.72,Electronics,30000,27984.0,17016.28,10967.72
12947,2027-01-07 12:00:00,Keyboard,North,New,4,Net Banking,0.9,Accessories,1500,5946.0,4891.48,1054.52
12948,2027-01-07 18:00:00,Mouse,Central,Returning,4,Cash,13.84,Accessories,800,2757.12,2034.59,722.53
12949,2027-01-08 00:00:00,Mouse,North,New,1,UPI,16.38,Accessories,800,668.96,418.91,250.05
12950,2027-01-08 06:00:00,Headphones,North,VIP,4,Cash,17.75,Accessories,2500,8225.0,5528.04,2696.96
12951,2027-01-08 12:00:00,Mouse,Central,VIP,1,Net Banking,10.98,Accessories,800,712.16,602.41,109.75
12952,2027-01-08 18:00:00,Tablet,North,VIP,5,Debit Card,18.93,Electronics,20000,81070.0,60661.79,20408.21
12953,2027-01-09 00:00:00,Mouse,South,VIP,2,Credit Card,0.11,Accessories,800,1598.24,1075.38,522.86
12954,2027-01-09 06:00:00,Mobile Phone,North,VIP,3,Credit Card,2.68,Electronics,30000,87588.0,61888.49,25699.51
12955,2027-01-09 12:00:00,Mobile Phone,West,Returning,4,Net Banking,5.86,Electronics,30000,112968.0,75080.64,37887.36
12956,2027-01-09 18:00:00,Keyboard,North,VIP,4,UPI,15.78,Accessories,1500,5053.2,3072.1,1981.1
12957,2027-01-10 00:00:00,Laptop,West,New,5,Cash,17.71,Electronics,60000,246870.0,200089.99,46780.01
12958,2027-01-10 06:00:00,Monitor,North,Returning,4,Debit Card,12.36,Electronics,12000,42067.2,28316.26,13750.94
12959,2027-01-10 12:00:00,Tablet,North,New,1,UPI,7.66,Electronics,20000,18468.0,14951.74,3516.26
12960,2027-01-10 18:00:00,Keyboard,Central,VIP,1,Net Banking,13.32,Accessories,1500,1300.2,935.67,364.53
12961,2027-01-11 00:00:00,Tablet,South,New,2,Net Banking,3.62,Electronics,20000,38552.0,24893.94,13658.06
12962,2027-01-11 06:00:00,Laptop,South,Returning,2,Credit Card,9.16,Electronics,60000,109008.0,87257.33,21750.67
12963,2027-01-11 12:00:00,Smart Watch,East,Returning,2,Debit Card,10.15,Wearables,5000,8985.0,6238.09,2746.91
12964,2027-01-11 18:00:00,Mouse,Central,Returning,1,UPI,2.1,Accessories,800,783.2,608.49,174.71
12965,2027-01-12 00:00:00,Mouse,Central,New,2,Credit Card,0.68,Accessories,800,1589.12,1286.09,303.03
12966,2027-01-12 06:00:00,Monitor,South,Returning,2,Debit Card,15.0,Electronics,12000,20400.0,17151.23,3248.77
12967,2027-01-12 12:00:00,Laptop,Central,New,1,Cash,10.69,Electronics,60000,53586.0,33301.21,20284.79
12968,2027-01-12 18:00:00,Keyboard,South,VIP,5,Cash,6.64,Accessories,1500,7002.0,4215.88,2786.12
12969,2027-01-13 00:00:00,Monitor,Central,VIP,4,Credit Card,8.74,Electronics,12000,43804.8,32288.79,11516.01
12970,2027-01-13 06:00:00,Laptop,North,New,3,UPI,19.15,Electronics,60000,145530.0,96931.75,48598.25
12971,2027-01-13 12:00:00,Headphones,South,Returning,1,Debit Card,7.7,Accessories,2500,2307.5,1655.11,652.39
12972,2027-01-13 18:00:00,Mobile Phone,South,New,1,Cash,2.07,Electronics,30000,29379.0,18161.06,11217.94
12973,2027-01-14 00:00:00,Monitor,West,New,3,Cash,9.27,Electronics,12000,32662.8,23693.51,8969.29
12974,2027-01-14 06:00:00,Monitor,Central,New,3,UPI,12.96,Electronics,12000,31334.4,19778.71,11555.69
12975,2027-01-14 12:00:00,Keyboard,Central,VIP,2,Credit Card,0.24,Accessories,1500,2992.8,2423.11,569.69
12976,2027-01-14 18:00:00,Tablet,South,New,3,Net Banking,6.65,Electronics,20000,56010.0,44240.71,11769.29
12977,2027-01-15 00:00:00,Headphones,North,VIP,4,Debit Card,7.87,Accessories,2500,9213.0,5698.41,3514.59
12978,2027-01-15 06:00:00,Keyboard,North,New,4,Cash,9.27,Accessories,1500,5443.8,4404.51,1039.29
12979,2027-01-15 12:00:00,Laptop,North,VIP,4,Net Banking,6.03,Electronics,60000,225528.0,153638.61,71889.39
12980,2027-01-15 18:00:00,Laptop,Central,New,4,UPI,13.34,Electronics,60000,207984.0,143137.7,64846.3
12981,2027-01-16 00:00:00,Laptop,West,New,4,Credit Card,18.89,Electronics,60000,194664.0,125548.72,69115.28
12982,2027-01-16 06:00:00,Smart Watch,South,Returning,2,Debit Card,18.28,Wearables,5000,8172.0,6609.73,1562.27
12983,2027-01-16 12:00:00,Laptop,East,Returning,1,UPI,13.29,Electronics,60000,52026.0,36479.41,15546.59
12984,2027-01-16 18:00:00,Tablet,West,New,3,Credit Card,10.14,Electronics,20000,53916.0,33007.86,20908.14
12985,2027-01-17 00:00:00,Headphones,East,New,1,UPI,16.52,Accessories,2500,2087.0,1756.34,330.66
12986,2027-01-17 06:00:00,Mouse,West,New,3,Cash,16.72,Accessories,800,1998.72,1327.09,671.63
12987,2027-01-17 12:00:00,Mobile Phone,North,New,2,Cash,16.59,Electronics,30000,50046.0,41740.58,8305.42
12988,2027-01-17 18:00:00,Tablet,Central,Returning,2,Net Banking,3.16,Electronics,20000,38736.0,26158.79,12577.21
12989,2027-01-18 00:00:00,Tablet,East,VIP,5,UPI,0.51,Electronics,20000,99490.0,80373.66,19116.34
12990,2027-01-18 06:00:00,Smart Watch,West,New,5,Cash,19.66,Wearables,5000,20085.0,15386.21,4698.79
12991,2027-01-18 12:00:00,Mouse,Central,Returning,2,Credit Card,19.19,Accessories,800,1292.96,1054.18,238.78
12992,2027-01-18 18:00:00,Mouse,East,New,2,Net Banking,11.29,Accessories,800,1419.36,1197.98,221.38
12993,2027-01-19 00:00:00,Mobile Phone,South,New,3,Debit Card,19.86,Electronics,30000,72126.0,58989.76,13136.24
12994,2027-01-19 06:00:00,Mobile Phone,West,VIP,2,UPI,15.41,Electronics,30000,50754.0,35574.31,15179.69
12995,2027-01-19 12:00:00,Mouse,South,New,1,Cash,10.35,Accessories,800,717.2,576.36,140.84
12996,2027-01-19 18:00:00,Laptop,North,New,3,Credit Card,7.79,Electronics,60000,165978.0,129116.39,36861.61
12997,2027-01-20 00:00:00,Tablet,South,VIP,2,UPI,11.86,Electronics,20000,35256.0,21696.57,13559.43
12998,2027-01-20 06:00:00,Keyboard,South,VIP,3,Credit Card,10.32,Accessories,1500,4035.6,3359.39,676.21
12999,2027-01-20 12:00:00,Mobile Phone,West,VIP,3,Net Banking,19.88,Electronics,30000,72108.0,51664.68,20443.32
13000,2027-01-20 18:00:00,Smart Watch,North,VIP,4,Cash,9.81,Wearables,5000,18038.0,11429.1,6608.9
13001,2027-01-21 00:00:00,Smart Watch,South,Returning,5,Cash,16.72,Wearables,5000,20820.0,14706.09,6113.91
13002,2027-01-21 06:00:00,Mobile Phone,Central,Returning,3,Net Banking,16.27,Electronics,30000,75357.0,56576.93,18780.07
13003,2027-01-21 12:00:00,Mouse,East,Returning,3,Credit Card,1.43,Accessories,800,2365.68,1758.26,607.42
13004,2027-01-21 18:00:00,Headphones,South,New,4,UPI,1.74,Accessories,2500,9826.0,7307.58,2518.42
13005,2027-01-22 00:00:00,Keyboard,North,VIP,2,Credit Card,13.2,Accessories,1500,2604.0,1728.95,875.05
13006,2027-01-22 06:00:00,Keyboard,South,VIP,3,UPI,5.18,Accessories,1500,4266.9,3235.06,1031.84
13007,2027-01-22 12:00:00,Mobile Phone,East,Returning,4,Net Banking,13.15,Electronics,30000,104220.0,86174.69,18045.31
13008,2027-01-22 18:00:00,Laptop,North,New,1,Debit Card,2.89,Electronics,60000,58266.0,40621.12,17644.88
13009,2027-01-23 00:00:00,Headphones,West,New,4,UPI,7.94,Accessories,2500,9206.0,6974.88,2231.12
13010,2027-01-23 06:00:00,Keyboard,North,New,5,Cash,2.05,Accessories,1500,7346.25,4855.85,2490.4
13011,2027-01-23 12:00:00,Mobile Phone,West,Returning,5,Cash,5.64,Electronics,30000,141540.0,86632.42,54907.58
13012,2027-01-23 18:00:00,Smart Watch,North,New,2,Cash,1.77,Wearables,5000,9823.0,7332.21,2490.79
13013,2027-01-24 00:00:00,Keyboard,East,New,2,Credit Card,19.41,Accessories,1500,2417.7,1479.36,938.34
13014,2027-01-24 06:00:00,Monitor,East,New,5,Credit Card,7.9,Electronics,12000,55260.0,43152.32,12107.68
13015,2027-01-24 12:00:00,Headphones,North,VIP,5,Credit Card,18.02,Accessories,2500,10247.5,7865.86,2381.64
13016,2027-01-24 18:00:00,Headphones,South,Returning,3,Cash,19.42,Accessories,2500,6043.5,4184.1,1859.4
13017,2027-01-25 00:00:00,Monitor,East,VIP,5,UPI,18.19,Electronics,12000,49086.0,34498.75,14587.25
13018,2027-01-25 06:00:00,Tablet,West,VIP,2,Cash,9.1,Electronics,20000,36360.0,30158.45,6201.55
13019,2027-01-25 12:00:00,Smart Watch,West,Returning,5,UPI,15.58,Wearables,5000,21105.0,12732.3,8372.7
13020,2027-01-25 18:00:00,Monitor,Central,VIP,2,Credit Card,3.07,Electronics,12000,23263.2,17233.98,6029.22
13021,2027-01-26 00:00:00,Mouse,West,New,1,Debit Card,1.9,Accessories,800,784.8,652.04,132.76
13022,2027-01-26 06:00:00,Mouse,Central,New,5,Credit Card,17.54,Accessories,800,3298.4,2732.71,565.69
13023,2027-01-26 12:00:00,Mobile Phone,North,New,2,Net Banking,0.62,Electronics,30000,59628.0,44492.26,15135.74
13024,2027-01-26 18:00:00,Headphones,North,New,4,UPI,19.45,Accessories,2500,8055.0,5600.7,2454.3
13025,2027-01-27 00:00:00,Tablet,North,Returning,3,Debit Card,13.44,Electronics,20000,51936.0,32445.76,19490.24
13026,2027-01-27 06:00:00,Tablet,South,VIP,2,Credit Card,8.39,Electronics,20000,36644.0,23578.44,13065.56
13027,2027-01-27 12:00:00,Keyboard,South,VIP,5,Debit Card,2.83,Accessories,1500,7287.75,5610.97,1676.78
13028,2027-01-27 18:00:00,Keyboard,Central,New,5,Cash,14.46,Accessories,1500,6415.5,3875.98,2539.52
13029,2027-01-28 00:00:00,Monitor,West,New,1,UPI,11.26,Electronics,12000,10648.8,8741.3,1907.5
13030,2027-01-28 06:00:00,Tablet,West,VIP,4,Net Banking,14.22,Electronics,20000,68624.0,51261.0,17363.0
13031,2027-01-28 12:00:00,Monitor,North,Returning,2,Cash,8.36,Electronics,12000,21993.6,13444.39,8549.21
13032,2027-01-28 18:00:00,Smart Watch,East,VIP,4,Debit Card,1.33,Wearables,5000,19734.0,13023.29,6710.71
13033,2027-01-29 00:00:00,Monitor,South,New,1,Credit Card,6.3,Electronics,12000,11244.0,8416.7,2827.3
13034,2027-01-29 06:00:00,Keyboard,South,New,3,UPI,6.3,Accessories,1500,4216.5,2567.43,1649.07
13035,2027-01-29 12:00:00,Headphones,North,Returning,4,Net Banking,0.17,Accessories,2500,9983.0,7936.45,2046.55
13036,2027-01-29 18:00:00,Monitor,South,VIP,1,Credit Card,0.19,Electronics,12000,11977.2,9940.84,2036.36
13037,2027-01-30 00:00:00,Laptop,North,Returning,2,Net Banking,6.62,Electronics,60000,112056.0,94161.23,17894.77
13038,2027-01-30 06:00:00,Headphones,Central,Returning,3,UPI,14.55,Accessories,2500,6408.75,5020.71,1388.04
13039,2027-01-30 12:00:00,Tablet,West,New,5,Debit Card,12.48,Electronics,20000,87520.0,71259.34,16260.66
13040,2027-01-30 18:00:00,Tablet,East,VIP,1,Net Banking,4.78,Electronics,20000,19044.0,14333.98,4710.02
13041,2027-01-31 00:00:00,Monitor,West,New,5,UPI,12.06,Electronics,12000,52764.0,37707.05,15056.95
13042,2027-01-31 06:00:00,Headphones,West,VIP,3,Net Banking,12.95,Accessories,2500,6528.75,5081.22,1447.53
13043,2027-01-31 12:00:00,Keyboard,Central,New,1,Credit Card,10.45,Accessories,1500,1343.25,881.23,462.02
13044,2027-01-31 18:00:00,Keyboard,South,New,1,Net Banking,10.43,Accessories,1500,1343.55,843.01,500.54
13045,2027-02-01 00:00:00,Mouse,East,VIP,3,Credit Card,7.39,Accessories,800,2222.64,1756.91,465.73
13046,2027-02-01 06:00:00,Tablet,South,VIP,2,Credit Card,2.47,Electronics,20000,39012.0,32752.4,6259.6
13047,2027-02-01 12:00:00,Mobile Phone,West,New,1,UPI,7.71,Electronics,30000,27687.0,20609.37,7077.63
13048,2027-02-01 18:00:00,Mouse,North,VIP,3,Cash,6.91,Accessories,800,2234.16,1610.02,624.14
13049,2027-02-02 00:00:00,Keyboard,West,New,4,Net Banking,11.84,Accessories,1500,5289.6,3880.46,1409.14
13050,2027-02-02 06:00:00,Headphones,South,VIP,5,Debit Card,17.13,Accessories,2500,10358.75,7454.32,2904.43
13051,2027-02-02 12:00:00,Smart Watch,West,New,1,Credit Card,7.51,Wearables,5000,4624.5,3285.94,1338.56
13052,2027-02-02 18:00:00,Keyboard,North,New,4,Cash,14.19,Accessories,1500,5148.6,4308.14,840.46
13053,2027-02-03 00:00:00,Headphones,Central,New,1,Credit Card,16.24,Accessories,2500,2094.0,1507.56,586.44
13054,2027-02-03 06:00:00,Mouse,South,Returning,2,Cash,4.24,Accessories,800,1532.16,950.36,581.8
13055,2027-02-03 12:00:00,Tablet,West,VIP,3,Cash,18.03,Electronics,20000,49182.0,38921.61,10260.39
13056,2027-02-03 18:00:00,Keyboard,South,New,1,Debit Card,1.41,Accessories,1500,1478.85,1032.08,446.77
13057,2027-02-04 00:00:00,Monitor,Central,Returning,3,Cash,18.03,Electronics,12000,29509.2,22948.52,6560.68
13058,2027-02-04 06:00:00,Headphones,West,New,1,Debit Card,3.27,Accessories,2500,2418.25,1801.34,616.91
13059,2027-02-04 12:00:00,Tablet,West,Returning,2,UPI,6.74,Electronics,20000,37304.0,29033.52,8270.48
13060,2027-02-04 18:00:00,Smart Watch,South,New,2,Credit Card,12.1,Wearables,5000,8790.0,5410.23,3379.77
13061,2027-02-05 00:00:00,Smart Watch,South,New,4,Debit Card,18.11,Wearables,5000,16378.0,9965.49,6412.51
13062,2027-02-05 06:00:00,Mobile Phone,North,Returning,2,Credit Card,5.11,Electronics,30000,56934.0,39548.37,17385.63
13063,2027-02-05 12:00:00,Headphones,Central,Returning,3,Net Banking,15.27,Accessories,2500,6354.75,4914.07,1440.68
13064,2027-02-05 18:00:00,Mouse,North,VIP,2,UPI,14.21,Accessories,800,1372.64,900.34,472.3
13065,2027-02-06 00:00:00,Mobile Phone,West,VIP,1,Net Banking,3.19,Electronics,30000,29043.0,20572.61,8470.39
13066,2027-02-06 06:00:00,Mobile Phone,South,Returning,2,Net Banking,9.59,Electronics,30000,54246.0,45848.86,8397.14
13067,2027-02-06 12:00:00,Laptop,West,VIP,3,Cash,9.63,Electronics,60000,162666.0,106337.8,56328.2
13068,2027-02-06 18:00:00,Keyboard,West,Returning,1,Cash,6.09,Accessories,1500,1408.65,1143.8,264.85
13069,2027-02-07 00:00:00,Headphones,East,VIP,4,Net Banking,15.6,Accessories,2500,8440.0,6805.72,1634.28
13070,2027-02-07 06:00:00,Mobile Phone,East,New,4,Cash,18.52,Electronics,30000,97776.0,80453.81,17322.19
13071,2027-02-07 12:00:00,Laptop,West,VIP,4,Credit Card,14.33,Electronics,60000,205608.0,170404.92,35203.08
13072,2027-02-07 18:00:00,Mouse,South,New,1,Cash,19.46,Accessories,800,644.32,468.31,176.01
13073,2027-02-08 00:00:00,Tablet,West,New,4,Net Banking,1.01,Electronics,20000,79192.0,61016.13,18175.87
13074,2027-02-08 06:00:00,Monitor,East,VIP,2,Cash,0.74,Electronics,12000,23822.4,17979.31,5843.09
13075,2027-02-08 12:00:00,Monitor,South,Returning,1,Cash,17.88,Electronics,12000,9854.4,6673.77,3180.63
13076,2027-02-08 18:00:00,Headphones,West,New,1,Debit Card,17.96,Accessories,2500,2051.0,1374.06,676.94
13077,2027-02-09 00:00:00,Mobile Phone,Central,New,1,Debit Card,2.14,Electronics,30000,29358.0,20121.75,9236.25
13078,2027-02-09 06:00:00,Monitor,Central,VIP,5,Net Banking,7.15,Electronics,12000,55710.0,36468.57,19241.43
13079,2027-02-09 12:00:00,Keyboard,West,Returning,3,Credit Card,16.71,Accessories,1500,3748.05,2958.51,789.54
13080,2027-02-09 18:00:00,Monitor,South,Returning,5,UPI,2.57,Electronics,12000,58458.0,49171.55,9286.45
13081,2027-02-10 00:00:00,Monitor,West,VIP,5,UPI,5.35,Electronics,12000,56790.0,46394.19,10395.81
13082,2027-02-10 06:00:00,Monitor,West,Returning,5,Net Banking,13.62,Electronics,12000,51828.0,33920.65,17907.35
13083,2027-02-10 12:00:00,Smart Watch,East,VIP,3,Credit Card,19.64,Wearables,5000,12054.0,7388.85,4665.15
13084,2027-02-10 18:00:00,Laptop,Central,VIP,5,Credit Card,15.94,Electronics,60000,252180.0,199038.99,53141.01
13085,2027-02-11 00:00:00,Mobile Phone,East,VIP,4,Credit Card,15.55,Electronics,30000,101340.0,70690.07,30649.93
13086,2027-02-11 06:00:00,Keyboard,East,New,1,Debit Card,6.85,Accessories,1500,1397.25,1126.4,270.85
13087,2027-02-11 12:00:00,Mobile Phone,West,New,1,Net Banking,13.23,Electronics,30000,26031.0,20689.67,5341.33
13088,2027-02-11 18:00:00,Smart Watch,East,New,2,UPI,2.26,Wearables,5000,9774.0,7392.59,2381.41
13089,2027-02-12 00:00:00,Headphones,Central,VIP,4,Credit Card,19.85,Accessories,2500,8015.0,5320.64,2694.36
13090,2027-02-12 06:00:00,Headphones,East,New,3,Net Banking,9.61,Accessories,2500,6779.25,4243.87,2535.38
13091,2027-02-12 12:00:00,Headphones,Central,New,1,UPI,12.78,Accessories,2500,2180.5,1446.02,734.48
13092,2027-02-12 18:00:00,Mouse,East,New,5,Debit Card,17.52,Accessories,800,3299.2,2399.97,899.23
13093,2027-02-13 00:00:00,Monitor,Central,VIP,2,Cash,0.02,Electronics,12000,23995.2,20272.72,3722.48
13094,2027-02-13 06:00:00,Mouse,East,VIP,2,UPI,19.52,Accessories,800,1287.68,793.11,494.57
13095,2027-02-13 12:00:00,Laptop,East,VIP,1,UPI,7.18,Electronics,60000,55692.0,36200.8,19491.2
13096,2027-02-13 18:00:00,Headphones,South,New,4,UPI,6.79,Accessories,2500,9321.0,7054.32,2266.68
13097,2027-02-14 00:00:00,Smart Watch,Central,Returning,2,Cash,2.9,Wearables,5000,9710.0,6564.84,3145.16
13098,2027-02-14 06:00:00,Keyboard,Central,New,1,Credit Card,17.16,Accessories,1500,1242.6,1012.25,230.35
13099,2027-02-14 12:00:00,Mobile Phone,Central,New,4,Cash,17.42,Electronics,30000,99096.0,62911.52,36184.48
13100,2027-02-14 18:00:00,Monitor,North,VIP,1,UPI,0.4,Electronics,12000,11952.0,10049.11,1902.89
13101,2027-02-15 00:00:00,Tablet,East,VIP,1,Debit Card,1.11,Electronics,20000,19778.0,16378.04,3399.96
13102,2027-02-15 06:00:00,Keyboard,Central,New,4,UPI,18.37,Accessories,1500,4897.8,4025.41,872.39
13103,2027-02-15 12:00:00,Monitor,North,New,4,Debit Card,2.46,Electronics,12000,46819.2,30117.26,16701.94
13104,2027-02-15 18:00:00,Mouse,South,Returning,4,Net Banking,12.42,Accessories,800,2802.56,1912.39,890.17
13105,2027-02-16 00:00:00,Mouse,Central,Returning,1,Debit Card,12.39,Accessories,800,700.88,561.42,139.46
13106,2027-02-16 06:00:00,Keyboard,Central,VIP,2,UPI,17.39,Accessories,1500,2478.3,1987.48,490.82
13107,2027-02-16 12:00:00,Mouse,North,Returning,3,Cash,11.45,Accessories,800,2125.2,1649.78,475.42
13108,2027-02-16 18:00:00,Headphones,East,Returning,3,UPI,8.68,Accessories,2500,6849.0,4876.58,1972.42
13109,2027-02-17 00:00:00,Laptop,South,VIP,1,UPI,19.49,Electronics,60000,48306.0,32746.51,15559.49
13110,2027-02-17 06:00:00,Mobile Phone,Central,Returning,1,Net Banking,4.58,Electronics,30000,28626.0,24067.01,4558.99
13111,2027-02-17 12:00:00,Laptop,East,New,2,Credit Card,5.25,Electronics,60000,113700.0,72178.53,41521.47
13112,2027-02-17 18:00:00,Monitor,South,Returning,4,UPI,1.7,Electronics,12000,47184.0,28826.52,18357.48
13113,2027-02-18 00:00:00,Mobile Phone,West,VIP,1,Net Banking,19.51,Electronics,30000,24147.0,14543.32,9603.68
13114,2027-02-18 06:00:00,Smart Watch,West,New,5,Cash,14.13,Wearables,5000,21467.5,17039.97,4427.53
13115,2027-02-18 12:00:00,Mobile Phone,South,Returning,4,Net Banking,0.24,Electronics,30000,119712.0,73524.27,46187.73
13116,2027-02-18 18:00:00,Laptop,North,New,1,Net Banking,14.09,Electronics,60000,51546.0,37868.83,13677.17
13117,2027-02-19 00:00:00,Keyboard,South,New,5,Debit Card,8.08,Accessories,1500,6894.0,4769.43,2124.57
13118,2027-02-19 06:00:00,Mobile Phone,South,Returning,2,Credit Card,19.35,Electronics,30000,48390.0,30811.22,17578.78
13119,2027-02-19 12:00:00,Smart Watch,North,Returning,5,Credit Card,5.55,Wearables,5000,23612.5,18539.33,5073.17
13120,2027-02-19 18:00:00,Smart Watch,North,VIP,1,Cash,14.21,Wearables,5000,4289.5,2632.69,1656.81
13121,2027-02-20 00:00:00,Smart Watch,East,VIP,3,Net Banking,12.55,Wearables,5000,13117.5,8914.63,4202.87
13122,2027-02-20 06:00:00,Laptop,East,New,1,Cash,0.24,Electronics,60000,59856.0,44326.23,15529.77
13123,2027-02-20 12:00:00,Mobile Phone,North,VIP,3,Cash,17.7,Electronics,30000,74070.0,51893.73,22176.27
13124,2027-02-20 18:00:00,Tablet,West,New,2,Credit Card,2.79,Electronics,20000,38884.0,25849.58,13034.42
13125,2027-02-21 00:00:00,Keyboard,West,New,2,Credit Card,13.27,Accessories,1500,2601.9,2163.48,438.42
13126,2027-02-21 06:00:00,Headphones,South,VIP,4,Credit Card,15.51,Accessories,2500,8449.0,7035.84,1413.16
13127,2027-02-21 12:00:00,Mobile Phone,Central,VIP,4,UPI,12.62,Electronics,30000,104856.0,73821.1,31034.9
13128,2027-02-21 18:00:00,Smart Watch,South,VIP,3,Net Banking,1.94,Wearables,5000,14709.0,10273.3,4435.7
13129,2027-02-22 00:00:00,Tablet,South,Returning,3,Cash,19.5,Electronics,20000,48300.0,32691.67,15608.33
13130,2027-02-22 06:00:00,Headphones,Central,New,2,Net Banking,4.74,Accessories,2500,4763.0,3876.79,886.21
13131,2027-02-22 12:00:00,Headphones,North,New,5,Cash,12.56,Accessories,2500,10930.0,8109.83,2820.17
13132,2027-02-22 18:00:00,Monitor,West,New,3,Cash,15.94,Electronics,12000,30261.6,18834.23,11427.37
13133,2027-02-23 00:00:00,Mobile Phone,South,VIP,3,Cash,18.78,Electronics,30000,73098.0,59452.81,13645.19
13134,2027-02-23 06:00:00,Laptop,Central,VIP,5,Cash,12.08,Electronics,60000,263760.0,193526.4,70233.6
13135,2027-02-23 12:00:00,Mobile Phone,East,VIP,4,Debit Card,5.18,Electronics,30000,113784.0,80092.32,33691.68
13136,2027-02-23 18:00:00,Tablet,South,VIP,4,Debit Card,16.73,Electronics,20000,66616.0,45596.4,21019.6
13137,2027-02-24 00:00:00,Headphones,West,VIP,3,UPI,3.26,Accessories,2500,7255.5,4533.65,2721.85
13138,2027-02-24 06:00:00,Mobile Phone,North,Returning,4,Credit Card,0.45,Electronics,30000,119460.0,100247.91,19212.09
13139,2027-02-24 12:00:00,Laptop,South,VIP,4,Cash,18.16,Electronics,60000,196416.0,154247.62,42168.38
13140,2027-02-24 18:00:00,Monitor,South,New,4,Net Banking,11.51,Electronics,12000,42475.2,26884.44,15590.76
13141,2027-02-25 00:00:00,Mobile Phone,Central,VIP,2,Debit Card,1.39,Electronics,30000,59166.0,43062.03,16103.97
13142,2027-02-25 06:00:00,Keyboard,East,New,1,Credit Card,11.59,Accessories,1500,1326.15,979.88,346.27
13143,2027-02-25 12:00:00,Monitor,East,VIP,3,UPI,2.9,Electronics,12000,34956.0,22440.78,12515.22
13144,2027-02-25 18:00:00,Laptop,North,VIP,3,Credit Card,0.63,Electronics,60000,178866.0,126423.45,52442.55
13145,2027-02-26 00:00:00,Tablet,West,New,2,Cash,2.33,Electronics,20000,39068.0,29747.8,9320.2
13146,2027-02-26 06:00:00,Headphones,North,New,1,Credit Card,15.5,Accessories,2500,2112.5,1417.49,695.01
13147,2027-02-26 12:00:00,Mobile Phone,South,New,1,Cash,15.11,Electronics,30000,25467.0,17391.47,8075.53
13148,2027-02-26 18:00:00,Laptop,South,New,2,Debit Card,12.09,Electronics,60000,105492.0,66513.46,38978.54
13149,2027-02-27 00:00:00,Monitor,East,Returning,5,Debit Card,4.19,Electronics,12000,57486.0,40430.49,17055.51
13150,2027-02-27 06:00:00,Keyboard,West,New,5,Cash,14.78,Accessories,1500,6391.5,4767.83,1623.67
13151,2027-02-27 12:00:00,Laptop,Central,VIP,1,Net Banking,8.16,Electronics,60000,55104.0,34667.66,20436.34
13152,2027-02-27 18:00:00,Mouse,West,VIP,5,Debit Card,10.22,Accessories,800,3591.2,2706.67,884.53
13153,2027-02-28 00:00:00,Smart Watch,South,Returning,5,Net Banking,17.95,Wearables,5000,20512.5,14347.43,6165.07
13154,2027-02-28 06:00:00,Keyboard,Central,New,5,Cash,9.16,Accessories,1500,6813.0,5242.91,1570.09
13155,2027-02-28 12:00:00,Monitor,West,VIP,1,Cash,12.53,Electronics,12000,10496.4,7124.0,3372.4
13156,2027-02-28 18:00:00,Tablet,West,Returning,5,Debit Card,19.24,Electronics,20000,80760.0,59934.0,20826.0
13157,2027-03-01 00:00:00,Headphones,Central,VIP,3,Net Banking,9.03,Accessories,2500,6822.75,5138.9,1683.85
13158,2027-03-01 06:00:00,Monitor,South,Returning,1,Cash,11.21,Electronics,12000,10654.8,8232.18,2422.62
13159,2027-03-01 12:00:00,Smart Watch,West,Returning,2,Debit Card,11.69,Wearables,5000,8831.0,6969.73,1861.27
13160,2027-03-01 18:00:00,Tablet,Central,New,5,Cash,4.81,Electronics,20000,95190.0,60358.83,34831.17
13161,2027-03-02 00:00:00,Mobile Phone,South,Returning,4,Credit Card,14.74,Electronics,30000,102312.0,86076.18,16235.82
13162,2027-03-02 06:00:00,Laptop,Central,VIP,1,Credit Card,14.53,Electronics,60000,51282.0,41585.16,9696.84
13163,2027-03-02 12:00:00,Mouse,Central,VIP,2,Debit Card,4.27,Accessories,800,1531.68,1134.33,397.35
13164,2027-03-02 18:00:00,Keyboard,West,New,3,Cash,0.27,Accessories,1500,4487.85,3691.66,796.19
13165,2027-03-03 00:00:00,Keyboard,South,New,2,Debit Card,19.98,Accessories,1500,2400.6,1669.88,730.72
13166,2027-03-03 06:00:00,Laptop,West,Returning,5,UPI,11.63,Electronics,60000,265110.0,161338.43,103771.57
13167,2027-03-03 12:00:00,Mouse,North,New,4,Debit Card,3.62,Accessories,800,3084.16,2411.07,673.09
13168,2027-03-03 18:00:00,Laptop,North,VIP,5,Debit Card,5.67,Electronics,60000,282990.0,236533.24,46456.76
13169,2027-03-04 00:00:00,Mobile Phone,South,VIP,2,Credit Card,12.36,Electronics,30000,52584.0,33678.14,18905.86
13170,2027-03-04 06:00:00,Smart Watch,Central,New,1,Credit Card,2.75,Wearables,5000,4862.5,3700.21,1162.29
13171,2027-03-04 12:00:00,Tablet,West,New,4,Cash,0.75,Electronics,20000,79400.0,63786.5,15613.5
13172,2027-03-04 18:00:00,Monitor,West,New,4,Debit Card,15.97,Electronics,12000,40334.4,33326.97,7007.43
13173,2027-03-05 00:00:00,Keyboard,South,Returning,2,Debit Card,14.32,Accessories,1500,2570.4,1719.94,850.46
13174,2027-03-05 06:00:00,Mobile Phone,South,Returning,5,Cash,6.19,Electronics,30000,140715.0,88957.69,51757.31
13175,2027-03-05 12:00:00,Tablet,North,VIP,2,Net Banking,1.17,Electronics,20000,39532.0,26168.7,13363.3
13176,2027-03-05 18:00:00,Mobile Phone,East,Returning,4,Cash,9.73,Electronics,30000,108324.0,80639.68,27684.32
13177,2027-03-06 00:00:00,Mouse,South,Returning,2,Credit Card,5.52,Accessories,800,1511.68,1254.21,257.47
13178,2027-03-06 06:00:00,Keyboard,East,Returning,4,Credit Card,7.96,Accessories,1500,5522.4,4117.69,1404.71
13179,2027-03-06 12:00:00,Monitor,South,Returning,5,Debit Card,5.48,Electronics,12000,56712.0,47065.59,9646.41
13180,2027-03-06 18:00:00,Laptop,Central,VIP,1,Credit Card,3.51,Electronics,60000,57894.0,45881.53,12012.47
13181,2027-03-07 00:00:00,Laptop,Central,New,1,Cash,7.74,Electronics,60000,55356.0,41494.71,13861.29
13182,2027-03-07 06:00:00,Tablet,North,VIP,2,Debit Card,19.3,Electronics,20000,32280.0,19543.91,12736.09
13183,2027-03-07 12:00:00,Monitor,North,Returning,4,Cash,5.32,Electronics,12000,45446.4,31052.11,14394.29
13184,2027-03-07 18:00:00,Smart Watch,East,New,1,Cash,6.72,Wearables,5000,4664.0,2865.4,1798.6
13185,2027-03-08 00:00:00,Headphones,South,New,4,Debit Card,6.58,Accessories,2500,9342.0,6357.8,2984.2
13186,2027-03-08 06:00:00,Mouse,West,New,5,Net Banking,9.61,Accessories,800,3615.6,2225.7,1389.9
13187,2027-03-08 12:00:00,Tablet,North,VIP,2,Credit Card,16.87,Electronics,20000,33252.0,21346.25,11905.75
13188,2027-03-08 18:00:00,Headphones,West,New,4,UPI,8.04,Accessories,2500,9196.0,6461.77,2734.23
13189,2027-03-09 00:00:00,Mobile Phone,West,VIP,2,UPI,16.12,Electronics,30000,50328.0,36675.08,13652.92
13190,2027-03-09 06:00:00,Mouse,South,VIP,4,UPI,2.3,Accessories,800,3126.4,2045.56,1080.84
13191,2027-03-09 12:00:00,Mobile Phone,East,Returning,4,Credit Card,17.9,Electronics,30000,98520.0,77155.38,21364.62
13192,2027-03-09 18:00:00,Smart Watch,South,Returning,5,Net Banking,3.71,Wearables,5000,24072.5,17996.39,6076.11
13193,2027-03-10 00:00:00,Monitor,North,New,2,Cash,0.78,Electronics,12000,23812.8,18405.87,5406.93
13194,2027-03-10 06:00:00,Keyboard,West,New,3,Debit Card,3.17,Accessories,1500,4357.35,3412.64,944.71
13195,2027-03-10 12:00:00,Mouse,South,Returning,4,Net Banking,3.81,Accessories,800,3078.08,2406.23,671.85
13196,2027-03-10 18:00:00,Headphones,South,VIP,4,UPI,10.17,Accessories,2500,8983.0,7492.35,1490.65
13197,2027-03-11 00:00:00,Smart Watch,South,VIP,1,Credit Card,9.0,Wearables,5000,4550.0,2999.84,1550.16
13198,2027-03-11 06:00:00,Keyboard,North,Returning,2,Credit Card,14.32,Accessories,1500,2570.4,1715.84,854.56
13199,2027-03-11 12:00:00,Laptop,East,VIP,3,Debit Card,1.02,Electronics,60000,178164.0,111094.21,67069.79
13200,2027-03-11 18:00:00,Headphones,South,Returning,5,Cash,9.95,Accessories,2500,11256.25,8421.33,2834.92
13201,2027-03-12 00:00:00,Tablet,North,Returning,3,Net Banking,6.65,Electronics,20000,56010.0,39139.59,16870.41
13202,2027-03-12 06:00:00,Laptop,West,New,5,Net Banking,12.61,Electronics,60000,262170.0,189824.12,72345.88
13203,2027-03-12 12:00:00,Smart Watch,Central,New,3,Net Banking,0.87,Wearables,5000,14869.5,9552.99,5316.51
13204,2027-03-12 18:00:00,Laptop,North,Returning,3,Cash,0.7,Electronics,60000,178740.0,136247.26,42492.74
13205,2027-03-13 00:00:00,Tablet,Central,New,2,Cash,8.55,Electronics,20000,36580.0,27608.93,8971.07
13206,2027-03-13 06:00:00,Mouse,South,Returning,1,Cash,16.23,Accessories,800,670.16,446.46,223.7
13207,2027-03-13 12:00:00,Laptop,South,VIP,3,Debit Card,13.42,Electronics,60000,155844.0,111639.5,44204.5
13208,2027-03-13 18:00:00,Monitor,North,VIP,4,Credit Card,0.33,Electronics,12000,47841.6,39401.16,8440.44
13209,2027-03-14 00:00:00,Headphones,Central,VIP,4,UPI,3.57,Accessories,2500,9643.0,7650.51,1992.49
13210,2027-03-14 06:00:00,Keyboard,South,VIP,4,Cash,4.53,Accessories,1500,5728.2,3761.91,1966.29
13211,2027-03-14 12:00:00,Laptop,West,Returning,1,Credit Card,8.46,Electronics,60000,54924.0,45021.96,9902.04
13212,2027-03-14 18:00:00,Headphones,East,VIP,3,Cash,11.73,Accessories,2500,6620.25,4083.56,2536.69
13213,2027-03-15 00:00:00,Mobile Phone,East,VIP,5,UPI,4.33,Electronics,30000,143505.0,100953.2,42551.8
13214,2027-03-15 06:00:00,Headphones,South,VIP,5,Cash,7.65,Accessories,2500,11543.75,7157.47,4386.28
13215,2027-03-15 12:00:00,Keyboard,Central,VIP,2,Credit Card,11.68,Accessories,1500,2649.6,2201.96,447.64
13216,2027-03-15 18:00:00,Headphones,South,Returning,1,Debit Card,7.67,Accessories,2500,2308.25,1408.44,899.81
13217,2027-03-16 00:00:00,Tablet,Central,VIP,3,UPI,2.86,Electronics,20000,58284.0,37174.12,21109.88
13218,2027-03-16 06:00:00,Smart Watch,West,New,4,Credit Card,9.83,Wearables,5000,18034.0,14945.86,3088.14
13219,2027-03-16 12:00:00,Keyboard,Central,New,1,Net Banking,6.48,Accessories,1500,1402.8,1045.84,356.96
13220,2027-03-16 18:00:00,Smart Watch,South,New,1,Net Banking,17.28,Wearables,5000,4136.0,3303.82,832.18
13221,2027-03-17 00:00:00,Mouse,West,New,3,Net Banking,15.51,Accessories,800,2027.76,1224.97,802.79
13222,2027-03-17 06:00:00,Smart Watch,North,New,2,Debit Card,3.81,Wearables,5000,9619.0,6779.22,2839.78
13223,2027-03-17 12:00:00,Mobile Phone,East,New,2,Cash,3.05,Electronics,30000,58170.0,49218.59,8951.41
13224,2027-03-17 18:00:00,Tablet,South,Returning,2,Cash,6.95,Electronics,20000,37220.0,27727.22,9492.78
13225,2027-03-18 00:00:00,Mouse,South,New,4,Cash,8.24,Accessories,800,2936.32,2385.53,550.79
13226,2027-03-18 06:00:00,Headphones,South,VIP,4,Debit Card,18.64,Accessories,2500,8136.0,6841.48,1294.52
13227,2027-03-18 12:00:00,Keyboard,West,New,3,Net Banking,6.03,Accessories,1500,4228.65,3261.39,967.26
13228,2027-03-18 18:00:00,Mobile Phone,North,Returning,2,Cash,17.35,Electronics,30000,49590.0,33815.8,15774.2
13229,2027-03-19 00:00:00,Tablet,Central,New,3,Debit Card,10.11,Electronics,20000,53934.0,36521.5,17412.5
13230,2027-03-19 06:00:00,Mouse,North,VIP,2,Debit Card,17.71,Accessories,800,1316.64,813.45,503.19
13231,2027-03-19 12:00:00,Mouse,West,VIP,1,Credit Card,14.04,Accessories,800,687.68,486.15,201.53
13232,2027-03-19 18:00:00,Mobile Phone,South,Returning,5,Cash,14.17,Electronics,30000,128745.0,106709.95,22035.05
13233,2027-03-20 00:00:00,Monitor,East,Returning,5,Net Banking,10.38,Electronics,12000,53772.0,38689.79,15082.21
13234,2027-03-20 06:00:00,Headphones,South,Returning,2,UPI,16.81,Accessories,2500,4159.5,3443.02,716.48
13235,2027-03-20 12:00:00,Mobile Phone,Central,Returning,3,Debit Card,5.09,Electronics,30000,85419.0,68701.26,16717.74
13236,2027-03-20 18:00:00,Mouse,East,New,4,Credit Card,18.15,Accessories,800,2619.2,2215.97,403.23
13237,2027-03-21 00:00:00,Laptop,South,New,2,UPI,12.74,Electronics,60000,104712.0,87635.97,17076.03
13238,2027-03-21 06:00:00,Tablet,East,VIP,2,Debit Card,8.77,Electronics,20000,36492.0,28340.45,8151.55
13239,2027-03-21 12:00:00,Mobile Phone,North,Returning,4,Credit Card,19.64,Electronics,30000,96432.0,78862.51,17569.49
13240,2027-03-21 18:00:00,Monitor,West,Returning,2,Cash,17.24,Electronics,12000,19862.4,15632.09,4230.31
13241,2027-03-22 00:00:00,Mouse,South,New,1,Credit Card,15.44,Accessories,800,676.48,524.85,151.63
13242,2027-03-22 06:00:00,Headphones,Central,Returning,4,Debit Card,5.48,Accessories,2500,9452.0,7362.07,2089.93
13243,2027-03-22 12:00:00,Smart Watch,North,VIP,1,Cash,19.47,Wearables,5000,4026.5,3141.72,884.78
13244,2027-03-22 18:00:00,Mouse,South,VIP,5,Net Banking,14.86,Accessories,800,3405.6,2366.4,1039.2
13245,2027-03-23 00:00:00,Headphones,North,Returning,4,Credit Card,12.1,Accessories,2500,8790.0,6204.78,2585.22
13246,2027-03-23 06:00:00,Mobile Phone,Central,VIP,4,UPI,18.44,Electronics,30000,97872.0,65918.53,31953.47
13247,2027-03-23 12:00:00,Headphones,South,VIP,3,Cash,3.24,Accessories,2500,7257.0,4623.18,2633.82
13248,2027-03-23 18:00:00,Keyboard,Central,New,3,Cash,2.78,Accessories,1500,4374.9,3126.35,1248.55
13249,2027-03-24 00:00:00,Keyboard,East,VIP,4,Net Banking,11.27,Accessories,1500,5323.8,4392.07,931.73
13250,2027-03-24 06:00:00,Keyboard,Central,Returning,5,Credit Card,1.13,Accessories,1500,7415.25,5656.47,1758.78
13251,2027-03-24 12:00:00,Monitor,East,Returning,2,UPI,13.28,Electronics,12000,20812.8,12780.0,8032.8
13252,2027-03-24 18:00:00,Monitor,South,VIP,3,Net Banking,4.81,Electronics,12000,34268.4,27510.67,6757.73
13253,2027-03-25 00:00:00,Laptop,East,Returning,5,Credit Card,2.38,Electronics,60000,292860.0,244201.42,48658.58
13254,2027-03-25 06:00:00,Monitor,South,New,5,UPI,8.19,Electronics,12000,55086.0,44473.99,10612.01
13255,2027-03-25 12:00:00,Smart Watch,South,VIP,3,UPI,9.32,Wearables,5000,13602.0,10635.2,2966.8
13256,2027-03-25 18:00:00,Mobile Phone,West,VIP,2,Debit Card,3.41,Electronics,30000,57954.0,36947.42,21006.58
13257,2027-03-26 00:00:00,Mouse,South,VIP,3,UPI,0.83,Accessories,800,2380.08,1635.71,744.37
13258,2027-03-26 06:00:00,Mouse,East,Returning,5,Credit Card,8.28,Accessories,800,3668.8,2719.76,949.04
13259,2027-03-26 12:00:00,Laptop,West,Returning,1,Net Banking,15.19,Electronics,60000,50886.0,31509.38,19376.62
13260,2027-03-26 18:00:00,Monitor,West,VIP,3,Net Banking,17.48,Electronics,12000,29707.2,18613.57,11093.63
13261,2027-03-27 00:00:00,Smart Watch,South,Returning,5,Debit Card,1.95,Wearables,5000,24512.5,20432.72,4079.78
13262,2027-03-27 06:00:00,Headphones,Central,Returning,3,Credit Card,10.49,Accessories,2500,6713.25,5207.29,1505.96
13263,2027-03-27 12:00:00,Laptop,Central,VIP,5,UPI,5.27,Electronics,60000,284190.0,190058.25,94131.75
13264,2027-03-27 18:00:00,Smart Watch,West,VIP,2,Debit Card,7.49,Wearables,5000,9251.0,6307.7,2943.3
13265,2027-03-28 00:00:00,Headphones,South,Returning,5,Cash,18.67,Accessories,2500,10166.25,7076.8,3089.45
13266,2027-03-28 06:00:00,Smart Watch,Central,VIP,4,Credit Card,7.04,Wearables,5000,18592.0,11504.13,7087.87
13267,2027-03-28 12:00:00,Headphones,South,VIP,1,Debit Card,7.31,Accessories,2500,2317.25,1818.56,498.69
13268,2027-03-28 18:00:00,Tablet,South,VIP,5,Net Banking,4.19,Electronics,20000,95810.0,61721.62,34088.38
13269,2027-03-29 00:00:00,Smart Watch,West,VIP,3,Debit Card,19.2,Wearables,5000,12120.0,9711.51,2408.49
13270,2027-03-29 06:00:00,Mouse,West,Returning,3,Cash,9.13,Accessories,800,2180.88,1769.71,411.17
13271,2027-03-29 12:00:00,Keyboard,North,VIP,5,Credit Card,11.41,Accessories,1500,6644.25,5047.03,1597.22
13272,2027-03-29 18:00:00,Monitor,Central,New,4,Debit Card,9.06,Electronics,12000,43651.2,34591.99,9059.21
13273,2027-03-30 00:00:00,Headphones,Central,VIP,5,UPI,5.06,Accessories,2500,11867.5,7630.31,4237.19
13274,2027-03-30 06:00:00,Tablet,Central,New,2,Credit Card,16.21,Electronics,20000,33516.0,24935.39,8580.61
13275,2027-03-30 12:00:00,Smart Watch,East,VIP,4,Debit Card,0.57,Wearables,5000,19886.0,15296.31,4589.69
13276,2027-03-30 18:00:00,Mouse,South,New,5,Debit Card,13.8,Accessories,800,3448.0,2639.07,808.93
13277,2027-03-31 00:00:00,Keyboard,West,New,1,Credit Card,11.89,Accessories,1500,1321.65,831.74,489.91
13278,2027-03-31 06:00:00,Headphones,Central,VIP,4,Net Banking,2.89,Accessories,2500,9711.0,6662.67,3048.33
13279,2027-03-31 12:00:00,Smart Watch,North,VIP,5,UPI,3.32,Wearables,5000,24170.0,16466.04,7703.96
13280,2027-03-31 18:00:00,Smart Watch,Central,VIP,1,Credit Card,13.18,Wearables,5000,4341.0,3225.93,1115.07
13281,2027-04-01 00:00:00,Headphones,South,New,5,UPI,6.24,Accessories,2500,11720.0,9274.14,2445.86
13282,2027-04-01 06:00:00,Laptop,South,Returning,2,UPI,5.31,Electronics,60000,113628.0,84385.56,29242.44
13283,2027-04-01 12:00:00,Laptop,West,Returning,3,Credit Card,1.18,Electronics,60000,177876.0,140292.02,37583.98
13284,2027-04-01 18:00:00,Mouse,East,VIP,5,Debit Card,15.33,Accessories,800,3386.8,2115.88,1270.92
13285,2027-04-02 00:00:00,Keyboard,West,Returning,4,Net Banking,17.65,Accessories,1500,4941.0,4049.32,891.68
13286,2027-04-02 06:00:00,Headphones,Central,Returning,5,UPI,16.4,Accessories,2500,10450.0,7671.91,2778.09
13287,2027-04-02 12:00:00,Mouse,North,VIP,5,UPI,9.32,Accessories,800,3627.2,2210.32,1416.88
13288,2027-04-02 18:00:00,Mouse,West,New,5,Debit Card,10.68,Accessories,800,3572.8,2718.2,854.6
13289,2027-04-03 00:00:00,Mobile Phone,East,VIP,5,Credit Card,4.85,Electronics,30000,142725.0,104094.59,38630.41
13290,2027-04-03 06:00:00,Smart Watch,West,Returning,4,Net Banking,3.46,Wearables,5000,19308.0,12648.52,6659.48
13291,2027-04-03 12:00:00,Monitor,South,New,4,UPI,16.46,Electronics,12000,40099.2,31722.73,8376.47
13292,2027-04-03 18:00:00,Smart Watch,Central,Returning,5,UPI,15.97,Wearables,5000,21007.5,17507.48,3500.02
13293,2027-04-04 00:00:00,Laptop,Central,New,3,Credit Card,15.55,Electronics,60000,152010.0,103468.78,48541.22
13294,2027-04-04 06:00:00,Keyboard,Central,Returning,5,Debit Card,9.27,Accessories,1500,6804.75,4923.09,1881.66
13295,2027-04-04 12:00:00,Smart Watch,Central,VIP,4,Cash,17.29,Wearables,5000,16542.0,10455.27,6086.73
13296,2027-04-04 18:00:00,Headphones,Central,Returning,2,Debit Card,18.52,Accessories,2500,4074.0,3391.4,682.6
13297,2027-04-05 00:00:00,Mouse,Central,Returning,5,UPI,6.57,Accessories,800,3737.2,2540.17,1197.03
13298,2027-04-05 06:00:00,Headphones,North,New,5,UPI,4.49,Accessories,2500,11938.75,7744.62,4194.13
13299,2027-04-05 12:00:00,Mobile Phone,East,Returning,5,Net Banking,9.29,Electronics,30000,136065.0,97913.35,38151.65
13300,2027-04-05 18:00:00,Keyboard,Central,VIP,5,Debit Card,3.59,Accessories,1500,7230.75,4416.69,2814.06
13301,2027-04-06 00:00:00,Mouse,East,VIP,1,Cash,17.68,Accessories,800,658.56,436.76,221.8
13302,2027-04-06 06:00:00,Headphones,Central,VIP,5,Net Banking,6.76,Accessories,2500,11655.0,7190.14,4464.86
13303,2027-04-06 12:00:00,Laptop,West,New,4,Cash,11.52,Electronics,60000,212352.0,134173.08,78178.92
13304,2027-04-06 18:00:00,Monitor,Central,New,4,Net Banking,11.89,Electronics,12000,42292.8,26561.54,15731.26
13305,2027-04-07 00:00:00,Mobile Phone,South,Returning,1,Debit Card,10.3,Electronics,30000,26910.0,22015.21,4894.79
13306,2027-04-07 06:00:00,Keyboard,North,Returning,5,UPI,3.13,Accessories,1500,7265.25,6049.11,1216.14
13307,2027-04-07 12:00:00,Mobile Phone,West,Returning,3,Cash,19.82,Electronics,30000,72162.0,51857.82,20304.18
13308,2027-04-07 18:00:00,Laptop,West,New,5,Debit Card,3.45,Electronics,60000,289650.0,219440.08,70209.92
13309,2027-04-08 00:00:00,Keyboard,South,New,4,Cash,15.03,Accessories,1500,5098.2,3945.88,1152.32
13310,2027-04-08 06:00:00,Mobile Phone,Central,Returning,2,Debit Card,15.83,Electronics,30000,50502.0,35241.73,15260.27
13311,2027-04-08 12:00:00,Tablet,North,New,2,Net Banking,2.9,Electronics,20000,38840.0,26898.74,11941.26
13312,2027-04-08 18:00:00,Laptop,West,New,3,Debit Card,18.66,Electronics,60000,146412.0,112575.05,33836.95
13313,2027-04-09 00:00:00,Laptop,North,VIP,5,Net Banking,9.76,Electronics,60000,270720.0,187928.04,82791.96
13314,2027-04-09 06:00:00,Laptop,West,VIP,1,UPI,12.58,Electronics,60000,52452.0,39089.98,13362.02
13315,2027-04-09 12:00:00,Tablet,Central,Returning,5,Net Banking,12.84,Electronics,20000,87160.0,63522.05,23637.95
13316,2027-04-09 18:00:00,Tablet,West,Returning,3,Credit Card,10.1,Electronics,20000,53940.0,39436.35,14503.65
13317,2027-04-10 00:00:00,Headphones,West,VIP,3,UPI,2.84,Accessories,2500,7287.0,5883.08,1403.92
13318,2027-04-10 06:00:00,Mouse,East,New,3,Debit Card,15.04,Accessories,800,2039.04,1582.32,456.72
13319,2027-04-10 12:00:00,Monitor,Central,Returning,2,Debit Card,11.64,Electronics,12000,21206.4,17817.0,3389.4
13320,2027-04-10 18:00:00,Mobile Phone,South,Returning,5,Credit Card,2.37,Electronics,30000,146445.0,116825.64,29619.36
13321,2027-04-11 00:00:00,Headphones,South,Returning,5,Debit Card,14.01,Accessories,2500,10748.75,6841.02,3907.73
13322,2027-04-11 06:00:00,Mobile Phone,Central,New,1,UPI,14.06,Electronics,30000,25782.0,20229.09,5552.91
13323,2027-04-11 12:00:00,Monitor,South,VIP,3,UPI,10.97,Electronics,12000,32050.8,24564.11,7486.69
13324,2027-04-11 18:00:00,Mouse,Central,Returning,3,Net Banking,1.81,Accessories,800,2356.56,1794.55,562.01
13325,2027-04-12 00:00:00,Tablet,South,VIP,4,Cash,7.05,Electronics,20000,74360.0,53553.04,20806.96
13326,2027-04-12 06:00:00,Mouse,East,VIP,4,Debit Card,1.02,Accessories,800,3167.36,1949.88,1217.48
13327,2027-04-12 12:00:00,Tablet,South,New,2,Credit Card,9.55,Electronics,20000,36180.0,30314.18,5865.82
13328,2027-04-12 18:00:00,Monitor,West,New,5,UPI,18.13,Electronics,12000,49122.0,39935.26,9186.74
13329,2027-04-13 00:00:00,Mouse,Central,New,1,UPI,0.05,Accessories,800,799.6,577.07,222.53
13330,2027-04-13 06:00:00,Headphones,North,New,1,UPI,5.33,Accessories,2500,2366.75,1513.88,852.87
13331,2027-04-13 12:00:00,Keyboard,North,New,3,Cash,16.0,Accessories,1500,3780.0,3047.13,732.87
13332,2027-04-13 18:00:00,Headphones,Central,New,1,Cash,0.2,Accessories,2500,2495.0,1765.63,729.37
13333,2027-04-14 00:00:00,Mobile Phone,East,Returning,3,Debit Card,0.2,Electronics,30000,89820.0,62652.01,27167.99
13334,2027-04-14 06:00:00,Headphones,South,VIP,5,Credit Card,12.22,Accessories,2500,10972.5,8408.73,2563.77
13335,2027-04-14 12:00:00,Monitor,East,New,1,Cash,15.78,Electronics,12000,10106.4,7980.71,2125.69
13336,2027-04-14 18:00:00,Laptop,North,Returning,3,Net Banking,15.53,Electronics,60000,152046.0,93616.27,58429.73
13337,2027-04-15 00:00:00,Mobile Phone,Central,VIP,5,Cash,15.59,Electronics,30000,126615.0,100265.04,26349.96
13338,2027-04-15 06:00:00,Mouse,Central,New,5,UPI,7.22,Accessories,800,3711.2,2907.67,803.53
13339,2027-04-15 12:00:00,Mobile Phone,East,New,3,Credit Card,17.65,Electronics,30000,74115.0,55386.32,18728.68
13340,2027-04-15 18:00:00,Keyboard,East,Returning,3,Debit Card,0.26,Accessories,1500,4488.3,3072.71,1415.59
13341,2027-04-16 00:00:00,Tablet,South,VIP,2,Cash,6.24,Electronics,20000,37504.0,24047.58,13456.42
13342,2027-04-16 06:00:00,Mouse,West,New,5,UPI,6.74,Accessories,800,3730.4,2333.97,1396.43
13343,2027-04-16 12:00:00,Smart Watch,West,VIP,3,Net Banking,3.31,Wearables,5000,14503.5,8706.39,5797.11
13344,2027-04-16 18:00:00,Mobile Phone,South,Returning,5,Net Banking,6.72,Electronics,30000,139920.0,91173.98,48746.02
13345,2027-04-17 00:00:00,Mouse,West,New,1,Debit Card,11.72,Accessories,800,706.24,496.37,209.87
13346,2027-04-17 06:00:00,Mouse,North,VIP,4,Debit Card,10.41,Accessories,800,2866.88,1894.75,972.13
13347,2027-04-17 12:00:00,Mouse,West,Returning,4,Cash,6.39,Accessories,800,2995.52,2028.7,966.82
13348,2027-04-17 18:00:00,Tablet,South,Returning,3,Debit Card,14.99,Electronics,20000,51006.0,35582.45,15423.55
13349,2027-04-18 00:00:00,Smart Watch,West,New,3,UPI,14.3,Wearables,5000,12855.0,8703.68,4151.32
13350,2027-04-18 06:00:00,Monitor,Central,VIP,5,UPI,5.61,Electronics,12000,56634.0,44239.95,12394.05
13351,2027-04-18 12:00:00,Headphones,East,New,3,UPI,6.46,Accessories,2500,7015.5,5071.73,1943.77
13352,2027-04-18 18:00:00,Mouse,North,New,5,Cash,5.75,Accessories,800,3770.0,2280.22,1489.78
13353,2027-04-19 00:00:00,Laptop,Central,VIP,3,Cash,2.58,Electronics,60000,175356.0,115150.51,60205.49
13354,2027-04-19 06:00:00,Monitor,Central,VIP,5,Debit Card,15.06,Electronics,12000,50964.0,39620.16,11343.84
13355,2027-04-19 12:00:00,Keyboard,South,VIP,3,Cash,0.93,Accessories,1500,4458.15,3010.29,1447.86
13356,2027-04-19 18:00:00,Tablet,East,Returning,2,UPI,3.01,Electronics,20000,38796.0,32202.06,6593.94
13357,2027-04-20 00:00:00,Mobile Phone,East,Returning,5,Credit Card,2.11,Electronics,30000,146835.0,114262.01,32572.99
13358,2027-04-20 06:00:00,Tablet,North,VIP,2,UPI,16.51,Electronics,20000,33396.0,22458.2,10937.8
13359,2027-04-20 12:00:00,Mobile Phone,South,Returning,2,Credit Card,0.88,Electronics,30000,59472.0,43361.18,16110.82
13360,2027-04-20 18:00:00,Tablet,North,New,2,Debit Card,13.29,Electronics,20000,34684.0,26596.03,8087.97
13361,2027-04-21 00:00:00,Mobile Phone,West,VIP,2,Net Banking,0.89,Electronics,30000,59466.0,38554.27,20911.73
13362,2027-04-21 06:00:00,Mouse,Central,New,1,Cash,15.73,Accessories,800,674.16,445.99,228.17
13363,2027-04-21 12:00:00,Headphones,North,VIP,4,Cash,18.25,Accessories,2500,8175.0,5941.43,2233.57
13364,2027-04-21 18:00:00,Mobile Phone,Central,New,1,UPI,9.74,Electronics,30000,27078.0,22507.87,4570.13
13365,2027-04-22 00:00:00,Smart Watch,South,VIP,3,UPI,16.09,Wearables,5000,12586.5,8634.37,3952.13
13366,2027-04-22 06:00:00,Mobile Phone,West,New,3,Credit Card,14.13,Electronics,30000,77283.0,54139.26,23143.74
13367,2027-04-22 12:00:00,Laptop,South,VIP,4,Cash,15.91,Electronics,60000,201816.0,130707.15,71108.85
13368,2027-04-22 18:00:00,Mobile Phone,West,VIP,4,Debit Card,15.34,Electronics,30000,101592.0,76021.51,25570.49
13369,2027-04-23 00:00:00,Laptop,West,Returning,4,UPI,4.11,Electronics,60000,230136.0,180665.43,49470.57
13370,2027-04-23 06:00:00,Keyboard,Central,New,2,Cash,9.99,Accessories,1500,2700.3,1917.65,782.65
13371,2027-04-23 12:00:00,Mouse,South,Returning,1,Net Banking,19.21,Accessories,800,646.32,509.02,137.3
13372,2027-04-23 18:00:00,Laptop,South,New,3,Credit Card,6.87,Electronics,60000,167634.0,113262.11,54371.89
13373,2027-04-24 00:00:00,Headphones,North,Returning,1,UPI,19.41,Accessories,2500,2014.75,1564.95,449.8
13374,2027-04-24 06:00:00,Monitor,South,VIP,1,UPI,11.66,Electronics,12000,10600.8,7045.14,3555.66
13375,2027-04-24 12:00:00,Mouse,North,Returning,1,Debit Card,9.23,Accessories,800,726.16,577.42,148.74
13376,2027-04-24 18:00:00,Laptop,East,Returning,4,UPI,13.16,Electronics,60000,208416.0,168329.35,40086.65
13377,2027-04-25 00:00:00,Mouse,East,VIP,4,Cash,16.32,Accessories,800,2677.76,2140.68,537.08
13378,2027-04-25 06:00:00,Smart Watch,East,Returning,3,Cash,7.88,Wearables,5000,13818.0,9035.15,4782.85
13379,2027-04-25 12:00:00,Mouse,South,VIP,3,Cash,0.66,Accessories,800,2384.16,1844.3,539.86
13380,2027-04-25 18:00:00,Mouse,South,New,3,Net Banking,14.18,Accessories,800,2059.68,1513.11,546.57
13381,2027-04-26 00:00:00,Keyboard,North,Returning,1,Net Banking,19.12,Accessories,1500,1213.2,1026.99,186.21
13382,2027-04-26 06:00:00,Headphones,West,VIP,4,UPI,12.5,Accessories,2500,8750.0,6040.95,2709.05
13383,2027-04-26 12:00:00,Tablet,North,VIP,2,Net Banking,3.77,Electronics,20000,38492.0,30516.95,7975.05
13384,2027-04-26 18:00:00,Tablet,East,Returning,1,Net Banking,4.96,Electronics,20000,19008.0,13163.41,5844.59
13385,2027-04-27 00:00:00,Laptop,North,New,5,Debit Card,18.2,Electronics,60000,245400.0,171587.21,73812.79
13386,2027-04-27 06:00:00,Mouse,West,Returning,1,Net Banking,0.27,Accessories,800,797.84,500.84,297.0
13387,2027-04-27 12:00:00,Laptop,South,VIP,4,Credit Card,10.97,Electronics,60000,213672.0,141005.42,72666.58
13388,2027-04-27 18:00:00,Keyboard,North,New,5,Credit Card,3.17,Accessories,1500,7262.25,4655.98,2606.27
13389,2027-04-28 00:00:00,Keyboard,East,Returning,1,Credit Card,5.66,Accessories,1500,1415.1,905.38,509.72
13390,2027-04-28 06:00:00,Mobile Phone,East,VIP,4,UPI,6.14,Electronics,30000,112632.0,67833.09,44798.91
13391,2027-04-28 12:00:00,Smart Watch,South,Returning,4,Cash,4.39,Wearables,5000,19122.0,15267.87,3854.13
13392,2027-04-28 18:00:00,Keyboard,North,New,2,Debit Card,15.85,Accessories,1500,2524.5,1810.02,714.48
13393,2027-04-29 00:00:00,Mobile Phone,West,New,1,UPI,6.64,Electronics,30000,28008.0,22435.58,5572.42
13394,2027-04-29 06:00:00,Headphones,South,New,4,Cash,6.91,Accessories,2500,9309.0,7010.96,2298.04
13395,2027-04-29 12:00:00,Laptop,North,New,3,Debit Card,9.06,Electronics,60000,163692.0,132236.03,31455.97
13396,2027-04-29 18:00:00,Monitor,Central,New,4,Debit Card,18.05,Electronics,12000,39336.0,28555.63,10780.37
13397,2027-04-30 00:00:00,Headphones,East,Returning,2,Debit Card,13.76,Accessories,2500,4312.0,2688.58,1623.42
13398,2027-04-30 06:00:00,Keyboard,West,New,4,Credit Card,1.23,Accessories,1500,5926.2,4469.49,1456.71
13399,2027-04-30 12:00:00,Headphones,West,New,1,Credit Card,0.79,Accessories,2500,2480.25,1908.41,571.84
13400,2027-04-30 18:00:00,Headphones,West,VIP,1,Credit Card,11.33,Accessories,2500,2216.75,1677.25,539.5
13401,2027-05-01 00:00:00,Smart Watch,East,New,5,Debit Card,17.74,Wearables,5000,20565.0,16458.87,4106.13
13402,2027-05-01 06:00:00,Smart Watch,North,VIP,1,Debit Card,6.47,Wearables,5000,4676.5,3661.11,1015.39
13403,2027-05-01 12:00:00,Smart Watch,South,VIP,5,Credit Card,4.96,Wearables,5000,23760.0,16825.84,6934.16
13404,2027-05-01 18:00:00,Headphones,North,VIP,3,Debit Card,14.96,Accessories,2500,6378.0,5132.86,1245.14
13405,2027-05-02 00:00:00,Keyboard,South,Returning,2,Credit Card,12.04,Accessories,1500,2638.8,2039.65,599.15
13406,2027-05-02 06:00:00,Monitor,West,Returning,3,Credit Card,11.3,Electronics,12000,31932.0,20120.09,11811.91
13407,2027-05-02 12:00:00,Mouse,North,VIP,5,Credit Card,2.99,Accessories,800,3880.4,2851.97,1028.43
13408,2027-05-02 18:00:00,Headphones,West,Returning,4,Cash,3.52,Accessories,2500,9648.0,7546.08,2101.92
13409,2027-05-03 00:00:00,Mobile Phone,Central,New,4,Debit Card,5.64,Electronics,30000,113232.0,83601.68,29630.32
13410,2027-05-03 06:00:00,Keyboard,West,Returning,3,UPI,4.14,Accessories,1500,4313.7,3611.68,702.02
13411,2027-05-03 12:00:00,Headphones,West,New,4,Credit Card,19.43,Accessories,2500,8057.0,5038.63,3018.37
13412,2027-05-03 18:00:00,Monitor,South,New,5,UPI,0.37,Electronics,12000,59778.0,46661.54,13116.46
13413,2027-05-04 00:00:00,Mouse,Central,Returning,2,Cash,12.52,Accessories,800,1399.68,1128.3,271.38
13414,2027-05-04 06:00:00,Smart Watch,West,Returning,1,Debit Card,10.35,Wearables,5000,4482.5,3476.91,1005.59
13415,2027-05-04 12:00:00,Keyboard,West,VIP,5,Credit Card,6.47,Accessories,1500,7014.75,4885.05,2129.7
13416,2027-05-04 18:00:00,Tablet,Central,Returning,5,Credit Card,17.75,Electronics,20000,82250.0,57276.44,24973.56
13417,2027-05-05 00:00:00,Mouse,Central,Returning,1,Credit Card,13.4,Accessories,800,692.8,517.27,175.53
13418,2027-05-05 06:00:00,Mobile Phone,North,Returning,1,UPI,19.97,Electronics,30000,24009.0,16788.88,7220.12
13419,2027-05-05 12:00:00,Headphones,South,New,2,Cash,3.37,Accessories,2500,4831.5,3965.67,865.83
13420,2027-05-05 18:00:00,Monitor,Central,New,2,Debit Card,1.76,Electronics,12000,23577.6,14794.54,8783.06
13421,2027-05-06 00:00:00,Tablet,Central,New,2,Cash,2.79,Electronics,20000,38884.0,29543.65,9340.35
13422,2027-05-06 06:00:00,Monitor,East,VIP,4,Credit Card,5.39,Electronics,12000,45412.8,28770.31,16642.49
13423,2027-05-06 12:00:00,Tablet,Central,VIP,5,Cash,8.34,Electronics,20000,91660.0,67373.76,24286.24
13424,2027-05-06 18:00:00,Keyboard,South,VIP,1,UPI,17.25,Accessories,1500,1241.25,966.8,274.45
13425,2027-05-07 00:00:00,Tablet,West,New,5,Net Banking,5.67,Electronics,20000,94330.0,60501.16,33828.84
13426,2027-05-07 06:00:00,Mobile Phone,West,Returning,5,Net Banking,18.3,Electronics,30000,122550.0,95099.82,27450.18
13427,2027-05-07 12:00:00,Mobile Phone,West,VIP,2,Debit Card,9.26,Electronics,30000,54444.0,34571.67,19872.33
13428,2027-05-07 18:00:00,Laptop,West,VIP,2,Debit Card,12.94,Electronics,60000,104472.0,78890.82,25581.18
13429,2027-05-08 00:00:00,Mobile Phone,East,New,5,Cash,5.29,Electronics,30000,142065.0,103194.35,38870.65
13430,2027-05-08 06:00:00,Mouse,Central,VIP,2,Debit Card,3.12,Accessories,800,1550.08,1045.56,504.52
13431,2027-05-08 12:00:00,Tablet,West,Returning,4,UPI,17.39,Electronics,20000,66088.0,41495.81,24592.19
13432,2027-05-08 18:00:00,Mobile Phone,North,New,1,Credit Card,2.19,Electronics,30000,29343.0,23003.84,6339.16
13433,2027-05-09 00:00:00,Keyboard,West,New,5,Credit Card,15.48,Accessories,1500,6339.0,4408.47,1930.53
13434,2027-05-09 06:00:00,Monitor,Central,Returning,1,Cash,11.62,Electronics,12000,10605.6,6592.79,4012.81
13435,2027-05-09 12:00:00,Smart Watch,West,Returning,4,Credit Card,17.22,Wearables,5000,16556.0,13132.18,3423.82
13436,2027-05-09 18:00:00,Monitor,East,Returning,2,Cash,14.36,Electronics,12000,20553.6,13528.87,7024.73
13437,2027-05-10 00:00:00,Laptop,South,VIP,3,Debit Card,5.63,Electronics,60000,169866.0,133194.14,36671.86
13438,2027-05-10 06:00:00,Monitor,South,Returning,4,Debit Card,11.49,Electronics,12000,42484.8,31490.78,10994.02
13439,2027-05-10 12:00:00,Tablet,Central,New,3,UPI,0.26,Electronics,20000,59844.0,38816.75,21027.25
13440,2027-05-10 18:00:00,Laptop,South,Returning,1,Credit Card,9.5,Electronics,60000,54300.0,33617.21,20682.79
13441,2027-05-11 00:00:00,Tablet,South,New,5,UPI,1.72,Electronics,20000,98280.0,73544.13,24735.87
13442,2027-05-11 06:00:00,Keyboard,North,New,2,Net Banking,8.58,Accessories,1500,2742.6,1662.85,1079.75
13443,2027-05-11 12:00:00,Laptop,Central,VIP,4,UPI,2.19,Electronics,60000,234744.0,144688.25,90055.75
13444,2027-05-11 18:00:00,Headphones,Central,Returning,2,Cash,19.11,Accessories,2500,4044.5,3136.73,907.77
13445,2027-05-12 00:00:00,Mouse,South,VIP,3,Cash,10.46,Accessories,800,2148.96,1578.88,570.08
13446,2027-05-12 06:00:00,Mouse,South,Returning,3,UPI,18.26,Accessories,800,1961.76,1337.08,624.68
13447,2027-05-12 12:00:00,Tablet,South,Returning,5,Debit Card,0.45,Electronics,20000,99550.0,73150.04,26399.96
13448,2027-05-12 18:00:00,Monitor,East,Returning,3,Net Banking,12.75,Electronics,12000,31410.0,23491.93,7918.07
13449,2027-05-13 00:00:00,Smart Watch,West,Returning,5,UPI,6.14,Wearables,5000,23465.0,17395.11,6069.89
13450,2027-05-13 06:00:00,Smart Watch,East,Returning,4,Debit Card,8.64,Wearables,5000,18272.0,13898.39,4373.61
13451,2027-05-13 12:00:00,Headphones,Central,New,5,UPI,17.46,Accessories,2500,10317.5,8615.86,1701.64
13452,2027-05-13 18:00:00,Laptop,North,New,3,Credit Card,19.6,Electronics,60000,144720.0,100897.97,43822.03
13453,2027-05-14 00:00:00,Headphones,West,Returning,1,Cash,4.93,Accessories,2500,2376.75,1604.99,771.76
13454,2027-05-14 06:00:00,Headphones,North,New,5,Credit Card,18.97,Accessories,2500,10128.75,6174.57,3954.18
13455,2027-05-14 12:00:00,Monitor,Central,VIP,2,Credit Card,13.77,Electronics,12000,20695.2,13178.05,7517.15
13456,2027-05-14 18:00:00,Smart Watch,Central,VIP,1,Net Banking,19.03,Wearables,5000,4048.5,2536.64,1511.86
13457,2027-05-15 00:00:00,Laptop,North,VIP,5,Debit Card,11.25,Electronics,60000,266250.0,182078.0,84172.0
13458,2027-05-15 06:00:00,Keyboard,North,Returning,2,Cash,19.22,Accessories,1500,2423.4,1823.6,599.8
13459,2027-05-15 12:00:00,Monitor,North,Returning,1,Credit Card,17.85,Electronics,12000,9858.0,6028.99,3829.01
13460,2027-05-15 18:00:00,Headphones,Central,New,5,Cash,2.57,Accessories,2500,12178.75,9522.76,2655.99
13461,2027-05-16 00:00:00,Headphones,South,New,4,Debit Card,6.22,Accessories,2500,9378.0,6558.58,2819.42
13462,2027-05-16 06:00:00,Keyboard,North,New,2,UPI,4.86,Accessories,1500,2854.2,2400.03,454.17
13463,2027-05-16 12:00:00,Headphones,West,VIP,4,Credit Card,11.44,Accessories,2500,8856.0,6572.0,2284.0
13464,2027-05-16 18:00:00,Headphones,Central,VIP,3,Debit Card,16.06,Accessories,2500,6295.5,4991.33,1304.17
13465,2027-05-17 00:00:00,Headphones,East,VIP,5,Cash,15.19,Accessories,2500,10601.25,8643.15,1958.1
13466,2027-05-17 06:00:00,Mouse,East,VIP,5,Debit Card,14.53,Accessories,800,3418.8,2810.98,607.82
13467,2027-05-17 12:00:00,Monitor,West,New,2,UPI,7.51,Electronics,12000,22197.6,16195.71,6001.89
13468,2027-05-17 18:00:00,Mobile Phone,South,Returning,5,Debit Card,2.79,Electronics,30000,145815.0,101951.75,43863.25
13469,2027-05-18 00:00:00,Monitor,North,Returning,3,Cash,4.21,Electronics,12000,34484.4,25522.9,8961.5
13470,2027-05-18 06:00:00,Keyboard,Central,VIP,5,Credit Card,14.83,Accessories,1500,6387.75,4474.73,1913.02
13471,2027-05-18 12:00:00,Headphones,North,Returning,1,Credit Card,2.95,Accessories,2500,2426.25,1601.76,824.49
13472,2027-05-18 18:00:00,Monitor,Central,Returning,4,Net Banking,4.46,Electronics,12000,45859.2,31229.2,14630.0
13473,2027-05-19 00:00:00,Mouse,East,Returning,3,Cash,8.49,Accessories,800,2196.24,1445.55,750.69
13474,2027-05-19 06:00:00,Smart Watch,North,VIP,3,Net Banking,1.44,Wearables,5000,14784.0,9866.24,4917.76
13475,2027-05-19 12:00:00,Keyboard,West,New,4,Net Banking,4.25,Accessories,1500,5745.0,3581.44,2163.56
13476,2027-05-19 18:00:00,Tablet,South,New,4,UPI,3.0,Electronics,20000,77600.0,54833.38,22766.62
13477,2027-05-20 00:00:00,Monitor,West,Returning,3,Cash,19.03,Electronics,12000,29149.2,19204.1,9945.1
13478,2027-05-20 06:00:00,Tablet,South,New,4,Credit Card,3.83,Electronics,20000,76936.0,54785.48,22150.52
13479,2027-05-20 12:00:00,Headphones,North,New,2,Cash,17.24,Accessories,2500,4138.0,3302.33,835.67
13480,2027-05-20 18:00:00,Mouse,North,VIP,4,UPI,2.3,Accessories,800,3126.4,2226.24,900.16
13481,2027-05-21 00:00:00,Mouse,South,VIP,1,Cash,17.39,Accessories,800,660.88,554.25,106.63
13482,2027-05-21 06:00:00,Monitor,East,Returning,1,Cash,11.99,Electronics,12000,10561.2,6727.05,3834.15
13483,2027-05-21 12:00:00,Keyboard,Central,Returning,2,Net Banking,16.99,Accessories,1500,2490.3,2023.53,466.77
13484,2027-05-21 18:00:00,Keyboard,West,Returning,4,Cash,17.35,Accessories,1500,4959.0,3283.18,1675.82
13485,2027-05-22 00:00:00,Mouse,West,VIP,1,Net Banking,11.93,Accessories,800,704.56,587.24,117.32
13486,2027-05-22 06:00:00,Keyboard,West,New,5,Net Banking,18.35,Accessories,1500,6123.75,4022.0,2101.75
13487,2027-05-22 12:00:00,Mouse,North,VIP,4,Debit Card,11.71,Accessories,800,2825.28,2222.76,602.52
13488,2027-05-22 18:00:00,Monitor,West,VIP,2,UPI,14.25,Electronics,12000,20580.0,12667.6,7912.4
13489,2027-05-23 00:00:00,Mobile Phone,Central,New,4,Net Banking,8.32,Electronics,30000,110016.0,83331.99,26684.01
13490,2027-05-23 06:00:00,Mouse,Central,New,3,Cash,18.28,Accessories,800,1961.28,1283.99,677.29
13491,2027-05-23 12:00:00,Tablet,South,Returning,3,Net Banking,16.48,Electronics,20000,50112.0,38463.12,11648.88
13492,2027-05-23 18:00:00,Keyboard,North,New,1,Net Banking,3.33,Accessories,1500,1450.05,1100.53,349.52
13493,2027-05-24 00:00:00,Mouse,Central,New,3,Net Banking,11.53,Accessories,800,2123.28,1764.28,359.0
13494,2027-05-24 06:00:00,Mouse,East,New,2,Credit Card,17.94,Accessories,800,1312.96,993.48,319.48
13495,2027-05-24 12:00:00,Monitor,North,New,1,Credit Card,15.86,Electronics,12000,10096.8,7088.58,3008.22
13496,2027-05-24 18:00:00,Keyboard,North,Returning,2,Credit Card,19.25,Accessories,1500,2422.5,1570.73,851.77
13497,2027-05-25 00:00:00,Mobile Phone,Central,Returning,2,Credit Card,4.63,Electronics,30000,57222.0,43738.37,13483.63
13498,2027-05-25 06:00:00,Monitor,East,New,3,Debit Card,7.35,Electronics,12000,33354.0,20982.72,12371.28
13499,2027-05-25 12:00:00,Mobile Phone,South,New,3,Net Banking,10.14,Electronics,30000,80874.0,65275.77,15598.23
13500,2027-05-25 18:00:00,Smart Watch,Central,Returning,2,Debit Card,4.65,Wearables,5000,9535.0,6310.58,3224.42
13501,2027-05-26 00:00:00,Monitor,East,Returning,3,Cash,7.88,Electronics,12000,33163.2,24243.62,8919.58
13502,2027-05-26 06:00:00,Keyboard,North,New,3,UPI,10.75,Accessories,1500,4016.25,3008.12,1008.13
13503,2027-05-26 12:00:00,Laptop,East,VIP,3,Debit Card,3.83,Electronics,60000,173106.0,119550.9,53555.1
13504,2027-05-26 18:00:00,Keyboard,North,Returning,4,Credit Card,5.13,Accessories,1500,5692.2,4360.05,1332.15
13505,2027-05-27 00:00:00,Keyboard,Central,Returning,2,Credit Card,2.5,Accessories,1500,2925.0,1937.97,987.03
13506,2027-05-27 06:00:00,Mobile Phone,Central,Returning,5,Cash,14.27,Electronics,30000,128595.0,78270.14,50324.86
13507,2027-05-27 12:00:00,Mobile Phone,West,New,2,Net Banking,7.23,Electronics,30000,55662.0,46745.89,8916.11
13508,2027-05-27 18:00:00,Keyboard,West,New,1,UPI,4.41,Accessories,1500,1433.85,975.03,458.82
13509,2027-05-28 00:00:00,Keyboard,West,Returning,3,Debit Card,10.15,Accessories,1500,4043.25,3147.13,896.12
13510,2027-05-28 06:00:00,Keyboard,Central,New,3,Net Banking,1.36,Accessories,1500,4438.8,3226.49,1212.31
13511,2027-05-28 12:00:00,Mobile Phone,South,New,5,Net Banking,18.47,Electronics,30000,122295.0,93830.8,28464.2
13512,2027-05-28 18:00:00,Keyboard,Central,Returning,1,Debit Card,5.89,Accessories,1500,1411.65,886.14,525.51
13513,2027-05-29 00:00:00,Keyboard,East,New,4,Debit Card,17.73,Accessories,1500,4936.2,3602.0,1334.2
13514,2027-05-29 06:00:00,Smart Watch,Central,VIP,2,Debit Card,9.95,Wearables,5000,9005.0,6285.98,2719.02
13515,2027-05-29 12:00:00,Headphones,Central,New,4,Debit Card,17.0,Accessories,2500,8300.0,5917.59,2382.41
13516,2027-05-29 18:00:00,Laptop,North,New,1,Credit Card,4.94,Electronics,60000,57036.0,47998.76,9037.24
13517,2027-05-30 00:00:00,Tablet,North,Returning,5,Net Banking,3.51,Electronics,20000,96490.0,61181.63,35308.37
13518,2027-05-30 06:00:00,Laptop,North,Returning,1,Net Banking,16.99,Electronics,60000,49806.0,39280.75,10525.25
13519,2027-05-30 12:00:00,Headphones,Central,VIP,5,Credit Card,4.26,Accessories,2500,11967.5,8168.84,3798.66
13520,2027-05-30 18:00:00,Tablet,South,New,4,Net Banking,14.92,Electronics,20000,68064.0,45779.13,22284.87
13521,2027-05-31 00:00:00,Monitor,East,VIP,4,Debit Card,6.89,Electronics,12000,44692.8,29841.13,14851.67
13522,2027-05-31 06:00:00,Keyboard,East,VIP,1,UPI,14.96,Accessories,1500,1275.6,876.59,399.01
13523,2027-05-31 12:00:00,Headphones,South,Returning,1,Net Banking,18.15,Accessories,2500,2046.25,1410.44,635.81
13524,2027-05-31 18:00:00,Smart Watch,South,New,3,UPI,19.63,Wearables,5000,12055.5,8049.3,4006.2
13525,2027-06-01 00:00:00,Monitor,East,Returning,5,UPI,7.2,Electronics,12000,55680.0,42699.5,12980.5
13526,2027-06-01 06:00:00,Keyboard,West,VIP,3,Credit Card,7.35,Accessories,1500,4169.25,2551.29,1617.96
13527,2027-06-01 12:00:00,Mobile Phone,North,VIP,2,Cash,19.63,Electronics,30000,48222.0,32939.17,15282.83
13528,2027-06-01 18:00:00,Mouse,North,Returning,2,Net Banking,17.23,Accessories,800,1324.32,887.36,436.96
13529,2027-06-02 00:00:00,Headphones,East,Returning,1,Credit Card,0.9,Accessories,2500,2477.5,1951.91,525.59
13530,2027-06-02 06:00:00,Mobile Phone,South,Returning,4,Credit Card,11.47,Electronics,30000,106236.0,67632.45,38603.55
13531,2027-06-02 12:00:00,Headphones,West,Returning,2,UPI,3.62,Accessories,2500,4819.0,4024.69,794.31
13532,2027-06-02 18:00:00,Smart Watch,East,Returning,2,Net Banking,19.88,Wearables,5000,8012.0,5148.75,2863.25
13533,2027-06-03 00:00:00,Headphones,North,VIP,3,Credit Card,2.78,Accessories,2500,7291.5,5049.41,2242.09
13534,2027-06-03 06:00:00,Mobile Phone,Central,Returning,3,Debit Card,11.19,Electronics,30000,79929.0,51947.86,27981.14
13535,2027-06-03 12:00:00,Smart Watch,South,New,2,Credit Card,13.3,Wearables,5000,8670.0,5823.42,2846.58
13536,2027-06-03 18:00:00,Tablet,Central,VIP,1,Debit Card,18.74,Electronics,20000,16252.0,12843.24,3408.76
13537,2027-06-04 00:00:00,Laptop,East,VIP,3,Cash,16.95,Electronics,60000,149490.0,107498.44,41991.56
13538,2027-06-04 06:00:00,Keyboard,North,New,2,Debit Card,4.92,Accessories,1500,2852.4,1827.37,1025.03
13539,2027-06-04 12:00:00,Headphones,West,New,4,Debit Card,11.45,Accessories,2500,8855.0,5416.24,3438.76
13540,2027-06-04 18:00:00,Keyboard,Central,VIP,3,UPI,19.07,Accessories,1500,3641.85,2394.44,1247.41
13541,2027-06-05 00:00:00,Mouse,West,Returning,2,Credit Card,14.71,Accessories,800,1364.64,1141.39,223.25
13542,2027-06-05 06:00:00,Mobile Phone,North,VIP,5,Cash,13.77,Electronics,30000,129345.0,104941.37,24403.63
13543,2027-06-05 12:00:00,Keyboard,Central,VIP,3,Credit Card,15.1,Accessories,1500,3820.5,2712.72,1107.78
13544,2027-06-05 18:00:00,Mobile Phone,West,New,5,Debit Card,6.45,Electronics,30000,140325.0,101103.99,39221.01
13545,2027-06-06 00:00:00,Keyboard,West,VIP,3,Debit Card,14.59,Accessories,1500,3843.45,3170.24,673.21
13546,2027-06-06 06:00:00,Laptop,Central,Returning,3,Credit Card,4.66,Electronics,60000,171612.0,128337.69,43274.31
13547,2027-06-06 12:00:00,Laptop,North,New,5,Cash,8.56,Electronics,60000,274320.0,224995.01,49324.99
13548,2027-06-06 18:00:00,Smart Watch,West,VIP,1,Cash,17.8,Wearables,5000,4110.0,2971.36,1138.64
13549,2027-06-07 00:00:00,Laptop,East,VIP,2,UPI,0.38,Electronics,60000,119544.0,77706.52,41837.48
13550,2027-06-07 06:00:00,Smart Watch,Central,Returning,1,Debit Card,8.29,Wearables,5000,4585.5,3583.48,1002.02
13551,2027-06-07 12:00:00,Laptop,South,VIP,1,Debit Card,5.34,Electronics,60000,56796.0,41551.86,15244.14
13552,2027-06-07 18:00:00,Laptop,South,VIP,2,UPI,3.97,Electronics,60000,115236.0,88398.68,26837.32
13553,2027-06-08 00:00:00,Laptop,North,VIP,4,Credit Card,16.77,Electronics,60000,199752.0,127703.0,72049.0
13554,2027-06-08 06:00:00,Mobile Phone,East,VIP,1,Debit Card,13.93,Electronics,30000,25821.0,19673.03,6147.97
13555,2027-06-08 12:00:00,Headphones,West,Returning,1,Credit Card,2.25,Accessories,2500,2443.75,1699.79,743.96
13556,2027-06-08 18:00:00,Smart Watch,South,VIP,1,Cash,9.89,Wearables,5000,4505.5,3077.25,1428.25
13557,2027-06-09 00:00:00,Keyboard,North,VIP,4,Net Banking,9.34,Accessories,1500,5439.6,4176.9,1262.7
13558,2027-06-09 06:00:00,Laptop,East,VIP,3,UPI,2.85,Electronics,60000,174870.0,130813.21,44056.79
13559,2027-06-09 12:00:00,Mobile Phone,East,New,5,Debit Card,16.0,Electronics,30000,126000.0,96046.88,29953.12
13560,2027-06-09 18:00:00,Mobile Phone,North,Returning,5,UPI,7.33,Electronics,30000,139005.0,116949.53,22055.47
13561,2027-06-10 00:00:00,Mobile Phone,North,New,4,Cash,15.24,Electronics,30000,101712.0,78857.22,22854.78
13562,2027-06-10 06:00:00,Smart Watch,West,New,1,Cash,3.84,Wearables,5000,4808.0,3655.16,1152.84
13563,2027-06-10 12:00:00,Headphones,North,Returning,5,Cash,6.3,Accessories,2500,11712.5,8824.06,2888.44
13564,2027-06-10 18:00:00,Smart Watch,West,New,4,Cash,1.9,Wearables,5000,19620.0,13727.69,5892.31
13565,2027-06-11 00:00:00,Keyboard,West,New,2,Net Banking,2.87,Accessories,1500,2913.9,2359.67,554.23
13566,2027-06-11 06:00:00,Headphones,Central,New,5,Credit Card,17.66,Accessories,2500,10292.5,7155.7,3136.8
13567,2027-06-11 12:00:00,Tablet,East,Returning,2,Credit Card,2.18,Electronics,20000,39128.0,30326.58,8801.42
13568,2027-06-11 18:00:00,Monitor,East,VIP,1,Net Banking,1.91,Electronics,12000,11770.8,7925.11,3845.69
13569,2027-06-12 00:00:00,Mobile Phone,East,Returning,5,Credit Card,18.81,Electronics,30000,121785.0,77569.63,44215.37
13570,2027-06-12 06:00:00,Smart Watch,Central,Returning,4,Cash,12.92,Wearables,5000,17416.0,11014.59,6401.41
13571,2027-06-12 12:00:00,Tablet,West,Returning,3,Credit Card,2.02,Electronics,20000,58788.0,44598.91,14189.09
13572,2027-06-12 18:00:00,Mouse,West,New,5,UPI,19.43,Accessories,800,3222.8,2197.91,1024.89
13573,2027-06-13 00:00:00,Smart Watch,North,VIP,5,Credit Card,2.94,Wearables,5000,24265.0,16227.52,8037.48
13574,2027-06-13 06:00:00,Laptop,Central,Returning,5,UPI,15.33,Electronics,60000,254010.0,190003.25,64006.75
13575,2027-06-13 12:00:00,Monitor,North,Returning,5,Debit Card,0.7,Electronics,12000,59580.0,36130.35,23449.65
13576,2027-06-13 18:00:00,Laptop,Central,VIP,4,UPI,12.49,Electronics,60000,210024.0,138942.72,71081.28
13577,2027-06-14 00:00:00,Headphones,North,VIP,4,UPI,10.93,Accessories,2500,8907.0,6102.51,2804.49
13578,2027-06-14 06:00:00,Monitor,South,VIP,3,Cash,4.16,Electronics,12000,34502.4,26811.59,7690.81
13579,2027-06-14 12:00:00,Smart Watch,East,New,4,Cash,12.86,Wearables,5000,17428.0,12831.37,4596.63
13580,2027-06-14 18:00:00,Keyboard,East,VIP,4,Cash,12.34,Accessories,1500,5259.6,4281.3,978.3
13581,2027-06-15 00:00:00,Tablet,West,New,1,UPI,15.97,Electronics,20000,16806.0,11489.03,5316.97
13582,2027-06-15 06:00:00,Keyboard,South,Returning,1,Net Banking,17.52,Accessories,1500,1237.2,834.01,403.19
13583,2027-06-15 12:00:00,Smart Watch,East,New,2,Cash,10.2,Wearables,5000,8980.0,5462.53,3517.47
13584,2027-06-15 18:00:00,Headphones,West,VIP,3,Cash,9.81,Accessories,2500,6764.25,5667.96,1096.29
13585,2027-06-16 00:00:00,Laptop,South,New,1,UPI,12.43,Electronics,60000,52542.0,38112.55,14429.45
13586,2027-06-16 06:00:00,Monitor,East,VIP,3,Debit Card,14.58,Electronics,12000,30751.2,22314.02,8437.18
13587,2027-06-16 12:00:00,Keyboard,North,New,3,Debit Card,7.12,Accessories,1500,4179.6,3472.66,706.94
13588,2027-06-16 18:00:00,Smart Watch,Central,Returning,5,Credit Card,10.09,Wearables,5000,22477.5,15115.66,7361.84
13589,2027-06-17 00:00:00,Keyboard,South,New,3,Debit Card,11.7,Accessories,1500,3973.5,2714.01,1259.49
13590,2027-06-17 06:00:00,Smart Watch,West,Returning,5,Cash,19.77,Wearables,5000,20057.5,15325.67,4731.83
13591,2027-06-17 12:00:00,Laptop,South,VIP,2,Net Banking,11.75,Electronics,60000,105900.0,84327.53,21572.47
13592,2027-06-17 18:00:00,Monitor,West,Returning,2,Credit Card,4.48,Electronics,12000,22924.8,17762.77,5162.03
13593,2027-06-18 00:00:00,Tablet,South,VIP,2,Net Banking,11.76,Electronics,20000,35296.0,28137.25,7158.75
13594,2027-06-18 06:00:00,Laptop,West,VIP,5,Net Banking,16.39,Electronics,60000,250830.0,186561.59,64268.41
13595,2027-06-18 12:00:00,Keyboard,East,Returning,5,Cash,17.15,Accessories,1500,6213.75,5068.59,1145.16
13596,2027-06-18 18:00:00,Tablet,North,Returning,2,UPI,16.01,Electronics,20000,33596.0,24777.95,8818.05
13597,2027-06-19 00:00:00,Smart Watch,East,New,5,UPI,17.76,Wearables,5000,20560.0,13514.81,7045.19
13598,2027-06-19 06:00:00,Tablet,North,New,4,UPI,6.7,Electronics,20000,74640.0,54892.14,19747.86
13599,2027-06-19 12:00:00,Smart Watch,East,Returning,4,Debit Card,10.15,Wearables,5000,17970.0,13984.9,3985.1
13600,2027-06-19 18:00:00,Laptop,East,Returning,5,UPI,15.59,Electronics,60000,253230.0,193314.22,59915.78
13601,2027-06-20 00:00:00,Keyboard,South,Returning,5,Cash,5.29,Accessories,1500,7103.25,4693.5,2409.75
13602,2027-06-20 06:00:00,Headphones,Central,Returning,1,Debit Card,7.43,Accessories,2500,2314.25,1412.32,901.93
13603,2027-06-20 12:00:00,Keyboard,West,VIP,1,UPI,16.62,Accessories,1500,1250.7,829.36,421.34
13604,2027-06-20 18:00:00,Smart Watch,West,Returning,3,Net Banking,15.4,Wearables,5000,12690.0,10735.87,1954.13
13605,2027-06-21 00:00:00,Mobile Phone,West,Returning,3,Cash,19.42,Electronics,30000,72522.0,46857.67,25664.33
13606,2027-06-21 06:00:00,Monitor,North,Returning,3,Cash,19.92,Electronics,12000,28828.8,20644.1,8184.7
13607,2027-06-21 12:00:00,Mouse,West,Returning,2,Credit Card,4.81,Accessories,800,1523.04,1156.88,366.16
13608,2027-06-21 18:00:00,Headphones,West,VIP,4,Cash,18.01,Accessories,2500,8199.0,6722.1,1476.9
13609,2027-06-22 00:00:00,Tablet,South,New,2,Net Banking,1.89,Electronics,20000,39244.0,31005.3,8238.7
13610,2027-06-22 06:00:00,Headphones,East,New,5,Cash,14.2,Accessories,2500,10725.0,8872.13,1852.87
13611,2027-06-22 12:00:00,Monitor,West,New,1,Credit Card,4.4,Electronics,12000,11472.0,8616.57,2855.43
13612,2027-06-22 18:00:00,Tablet,Central,New,5,Cash,6.01,Electronics,20000,93990.0,76726.83,17263.17
13613,2027-06-23 00:00:00,Monitor,West,New,5,Cash,18.93,Electronics,12000,48642.0,32393.66,16248.34
13614,2027-06-23 06:00:00,Tablet,North,VIP,1,Credit Card,5.26,Electronics,20000,18948.0,13408.39,5539.61
13615,2027-06-23 12:00:00,Headphones,North,New,5,Cash,13.46,Accessories,2500,10817.5,8772.38,2045.12
13616,2027-06-23 18:00:00,Tablet,North,VIP,3,Debit Card,3.56,Electronics,20000,57864.0,39428.0,18436.0
13617,2027-06-24 00:00:00,Tablet,West,VIP,1,Cash,1.87,Electronics,20000,19626.0,16050.25,3575.75
13618,2027-06-24 06:00:00,Mobile Phone,South,New,5,UPI,6.79,Electronics,30000,139815.0,96581.23,43233.77
13619,2027-06-24 12:00:00,Keyboard,Central,New,3,UPI,12.48,Accessories,1500,3938.4,2720.84,1217.56
13620,2027-06-24 18:00:00,Keyboard,West,New,3,Debit Card,4.96,Accessories,1500,4276.8,2896.5,1380.3
13621,2027-06-25 00:00:00,Mouse,South,Returning,4,Cash,6.0,Accessories,800,3008.0,2216.1,791.9
13622,2027-06-25 06:00:00,Mouse,South,VIP,3,Net Banking,14.17,Accessories,800,2059.92,1302.42,757.5
13623,2027-06-25 12:00:00,Smart Watch,West,New,2,Cash,2.06,Wearables,5000,9794.0,5966.02,3827.98
13624,2027-06-25 18:00:00,Smart Watch,West,Returning,1,UPI,8.94,Wearables,5000,4553.0,3753.28,799.72
13625,2027-06-26 00:00:00,Smart Watch,South,VIP,1,Credit Card,18.83,Wearables,5000,4058.5,3377.62,680.88
13626,2027-06-26 06:00:00,Mobile Phone,South,Returning,1,Debit Card,7.94,Electronics,30000,27618.0,17096.72,10521.28
13627,2027-06-26 12:00:00,Mouse,South,Returning,5,Credit Card,8.68,Accessories,800,3652.8,2693.66,959.14
13628,2027-06-26 18:00:00,Monitor,West,New,5,Net Banking,14.76,Electronics,12000,51144.0,37586.78,13557.22
13629,2027-06-27 00:00:00,Smart Watch,South,VIP,2,Cash,15.58,Wearables,5000,8442.0,5851.21,2590.79
13630,2027-06-27 06:00:00,Smart Watch,North,Returning,3,Net Banking,15.39,Wearables,5000,12691.5,9419.96,3271.54
13631,2027-06-27 12:00:00,Headphones,West,VIP,5,Credit Card,19.96,Accessories,2500,10005.0,7148.87,2856.13
13632,2027-06-27 18:00:00,Laptop,North,New,3,Cash,1.43,Electronics,60000,177426.0,128174.1,49251.9
13633,2027-06-28 00:00:00,Monitor,East,VIP,3,Net Banking,19.65,Electronics,12000,28926.0,22817.82,6108.18
13634,2027-06-28 06:00:00,Smart Watch,West,Returning,5,UPI,19.0,Wearables,5000,20250.0,14812.67,5437.33
13635,2027-06-28 12:00:00,Smart Watch,East,Returning,5,UPI,17.04,Wearables,5000,20740.0,14122.17,6617.83
13636,2027-06-28 18:00:00,Smart Watch,South,VIP,2,Debit Card,9.08,Wearables,5000,9092.0,6776.85,2315.15
13637,2027-06-29 00:00:00,Laptop,South,Returning,4,UPI,17.42,Electronics,60000,198192.0,150663.28,47528.72
13638,2027-06-29 06:00:00,Laptop,Central,Returning,1,UPI,4.42,Electronics,60000,57348.0,43904.36,13443.64
13639,2027-06-29 12:00:00,Mobile Phone,South,Returning,5,Credit Card,15.83,Electronics,30000,126255.0,95269.08,30985.92
13640,2027-06-29 18:00:00,Monitor,East,New,5,UPI,3.7,Electronics,12000,57780.0,44268.19,13511.81
13641,2027-06-30 00:00:00,Mobile Phone,South,New,3,UPI,16.31,Electronics,30000,75321.0,51031.72,24289.28
13642,2027-06-30 06:00:00,Tablet,West,Returning,4,Credit Card,12.29,Electronics,20000,70168.0,49926.88,20241.12
13643,2027-06-30 12:00:00,Laptop,South,VIP,5,UPI,1.96,Electronics,60000,294120.0,225641.96,68478.04
13644,2027-06-30 18:00:00,Headphones,Central,New,4,UPI,17.91,Accessories,2500,8209.0,6473.55,1735.45
13645,2027-07-01 00:00:00,Mouse,South,VIP,1,Debit Card,11.56,Accessories,800,707.52,501.3,206.22
13646,2027-07-01 06:00:00,Headphones,East,Returning,3,UPI,13.12,Accessories,2500,6516.0,4504.73,2011.27
13647,2027-07-01 12:00:00,Mouse,East,Returning,2,UPI,5.67,Accessories,800,1509.28,1175.68,333.6
13648,2027-07-01 18:00:00,Laptop,South,VIP,1,Debit Card,17.43,Electronics,60000,49542.0,32476.93,17065.07
13649,2027-07-02 00:00:00,Laptop,East,New,4,Credit Card,10.9,Electronics,60000,213840.0,128811.45,85028.55
13650,2027-07-02 06:00:00,Laptop,East,VIP,4,UPI,8.42,Electronics,60000,219792.0,157764.83,62027.17
13651,2027-07-02 12:00:00,Mobile Phone,Central,VIP,1,Net Banking,10.69,Electronics,30000,26793.0,17237.1,9555.9
13652,2027-07-02 18:00:00,Monitor,West,Returning,4,Credit Card,14.07,Electronics,12000,41246.4,28648.54,12597.86
13653,2027-07-03 00:00:00,Mouse,Central,New,2,Credit Card,13.9,Accessories,800,1377.6,926.86,450.74
13654,2027-07-03 06:00:00,Monitor,North,VIP,2,UPI,7.15,Electronics,12000,22284.0,17700.53,4583.47
13655,2027-07-03 12:00:00,Mobile Phone,Central,New,4,Debit Card,7.71,Electronics,30000,110748.0,75624.51,35123.49
13656,2027-07-03 18:00:00,Mobile Phone,South,Returning,4,Credit Card,11.24,Electronics,30000,106512.0,80967.11,25544.89
13657,2027-07-04 00:00:00,Keyboard,West,New,2,Debit Card,18.49,Accessories,1500,2445.3,1879.16,566.14
13658,2027-07-04 06:00:00,Headphones,South,Returning,4,Net Banking,14.91,Accessories,2500,8509.0,6076.39,2432.61
13659,2027-07-04 12:00:00,Headphones,North,New,5,Debit Card,7.81,Accessories,2500,11523.75,7147.83,4375.92
13660,2027-07-04 18:00:00,Tablet,West,VIP,3,Cash,6.74,Electronics,20000,55956.0,43371.01,12584.99
13661,2027-07-05 00:00:00,Smart Watch,East,Returning,5,Debit Card,10.47,Wearables,5000,22382.5,13850.11,8532.39
13662,2027-07-05 06:00:00,Mobile Phone,Central,VIP,4,Credit Card,17.4,Electronics,30000,99120.0,61930.5,37189.5
13663,2027-07-05 12:00:00,Mouse,South,Returning,4,Debit Card,0.17,Accessories,800,3194.56,2073.27,1121.29
13664,2027-07-05 18:00:00,Keyboard,North,New,3,Debit Card,14.21,Accessories,1500,3860.55,2586.93,1273.62
13665,2027-07-06 00:00:00,Keyboard,East,New,4,Cash,5.89,Accessories,1500,5646.6,4582.85,1063.75
13666,2027-07-06 06:00:00,Smart Watch,Central,Returning,3,Cash,4.17,Wearables,5000,14374.5,11050.12,3324.38
13667,2027-07-06 12:00:00,Monitor,East,Returning,2,UPI,0.24,Electronics,12000,23942.4,16683.14,7259.26
13668,2027-07-06 18:00:00,Smart Watch,Central,Returning,3,Credit Card,17.93,Wearables,5000,12310.5,10398.15,1912.35
13669,2027-07-07 00:00:00,Smart Watch,West,New,3,UPI,18.24,Wearables,5000,12264.0,8105.29,4158.71
13670,2027-07-07 06:00:00,Smart Watch,East,Returning,5,Cash,1.23,Wearables,5000,24692.5,18579.96,6112.54
13671,2027-07-07 12:00:00,Headphones,East,Returning,4,Debit Card,10.44,Accessories,2500,8956.0,7270.51,1685.49
13672,2027-07-07 18:00:00,Mobile Phone,East,VIP,2,Cash,3.05,Electronics,30000,58170.0,46565.41,11604.59
13673,2027-07-08 00:00:00,Tablet,West,Returning,1,Net Banking,15.17,Electronics,20000,16966.0,10562.64,6403.36
13674,2027-07-08 06:00:00,Mobile Phone,North,VIP,3,Debit Card,13.31,Electronics,30000,78021.0,60413.11,17607.89
13675,2027-07-08 12:00:00,Monitor,Central,VIP,1,UPI,5.94,Electronics,12000,11287.2,7499.96,3787.24
13676,2027-07-08 18:00:00,Laptop,East,VIP,4,Debit Card,2.34,Electronics,60000,234384.0,161474.96,72909.04
13677,2027-07-09 00:00:00,Smart Watch,West,New,3,Net Banking,16.62,Wearables,5000,12507.0,9033.16,3473.84
13678,2027-07-09 06:00:00,Mobile Phone,North,VIP,1,Cash,13.49,Electronics,30000,25953.0,20702.38,5250.62
13679,2027-07-09 12:00:00,Monitor,Central,Returning,5,Credit Card,0.14,Electronics,12000,59916.0,38439.13,21476.87
13680,2027-07-09 18:00:00,Laptop,West,New,1,Credit Card,12.56,Electronics,60000,52464.0,32902.21,19561.79
13681,2027-07-10 00:00:00,Laptop,Central,New,5,Credit Card,16.21,Electronics,60000,251370.0,160464.63,90905.37
13682,2027-07-10 06:00:00,Smart Watch,East,New,2,Cash,11.82,Wearables,5000,8818.0,5771.87,3046.13
13683,2027-07-10 12:00:00,Tablet,North,New,4,Credit Card,8.49,Electronics,20000,73208.0,45013.8,28194.2
13684,2027-07-10 18:00:00,Mouse,West,New,1,Net Banking,11.68,Accessories,800,706.56,587.57,118.99
13685,2027-07-11 00:00:00,Headphones,North,New,3,Cash,12.39,Accessories,2500,6570.75,4466.6,2104.15
13686,2027-07-11 06:00:00,Mobile Phone,East,New,4,Credit Card,12.8,Electronics,30000,104640.0,67413.68,37226.32
13687,2027-07-11 12:00:00,Laptop,North,VIP,1,UPI,19.34,Electronics,60000,48396.0,36754.76,11641.24
13688,2027-07-11 18:00:00,Mobile Phone,North,Returning,3,Cash,3.57,Electronics,30000,86787.0,69147.46,17639.54
13689,2027-07-12 00:00:00,Mouse,South,Returning,3,Cash,12.46,Accessories,800,2100.96,1656.2,444.76
13690,2027-07-12 06:00:00,Headphones,North,VIP,3,Debit Card,3.76,Accessories,2500,7218.0,5627.71,1590.29
13691,2027-07-12 12:00:00,Mouse,Central,VIP,3,Credit Card,4.2,Accessories,800,2299.2,1408.56,890.64
13692,2027-07-12 18:00:00,Headphones,West,New,1,UPI,13.39,Accessories,2500,2165.25,1722.54,442.71
13693,2027-07-13 00:00:00,Keyboard,South,New,2,Net Banking,18.32,Accessories,1500,2450.4,1777.69,672.71
13694,2027-07-13 06:00:00,Headphones,West,VIP,5,Cash,3.18,Accessories,2500,12102.5,9225.39,2877.11
13695,2027-07-13 12:00:00,Smart Watch,West,New,5,Net Banking,19.25,Wearables,5000,20187.5,16939.46,3248.04
13696,2027-07-13 18:00:00,Tablet,East,Returning,5,Net Banking,6.39,Electronics,20000,93610.0,75137.76,18472.24
13697,2027-07-14 00:00:00,Mouse,East,Returning,2,Net Banking,7.83,Accessories,800,1474.72,1189.13,285.59
13698,2027-07-14 06:00:00,Laptop,South,New,3,Debit Card,3.07,Electronics,60000,174474.0,112599.73,61874.27
13699,2027-07-14 12:00:00,Smart Watch,East,New,3,Net Banking,12.32,Wearables,5000,13152.0,9457.66,3694.34
13700,2027-07-14 18:00:00,Keyboard,East,New,4,Credit Card,11.93,Accessories,1500,5284.2,4424.63,859.57
13701,2027-07-15 00:00:00,Tablet,East,Returning,5,Credit Card,8.85,Electronics,20000,91150.0,67967.94,23182.06
13702,2027-07-15 06:00:00,Mobile Phone,West,New,5,UPI,9.52,Electronics,30000,135720.0,84912.76,50807.24
13703,2027-07-15 12:00:00,Smart Watch,South,VIP,3,UPI,12.46,Wearables,5000,13131.0,10280.98,2850.02
13704,2027-07-15 18:00:00,Mouse,West,New,5,Net Banking,11.67,Accessories,800,3533.2,2157.84,1375.36
13705,2027-07-16 00:00:00,Monitor,Central,VIP,3,Net Banking,7.49,Electronics,12000,33303.6,26162.45,7141.15
13706,2027-07-16 06:00:00,Monitor,West,New,3,Debit Card,17.68,Electronics,12000,29635.2,24299.18,5336.02
13707,2027-07-16 12:00:00,Laptop,Central,New,3,Net Banking,13.35,Electronics,60000,155970.0,110163.57,45806.43
13708,2027-07-16 18:00:00,Headphones,North,Returning,1,Net Banking,4.11,Accessories,2500,2397.25,1686.23,711.02
13709,2027-07-17 00:00:00,Laptop,North,VIP,1,Net Banking,6.4,Electronics,60000,56160.0,37967.13,18192.87
13710,2027-07-17 06:00:00,Monitor,Central,VIP,1,Cash,15.76,Electronics,12000,10108.8,8281.48,1827.32
13711,2027-07-17 12:00:00,Mobile Phone,Central,VIP,1,Cash,2.09,Electronics,30000,29373.0,21646.32,7726.68
13712,2027-07-17 18:00:00,Keyboard,West,Returning,2,Debit Card,15.0,Accessories,1500,2550.0,1899.28,650.72
13713,2027-07-18 00:00:00,Keyboard,Central,VIP,4,Debit Card,7.18,Accessories,1500,5569.2,4262.82,1306.38
13714,2027-07-18 06:00:00,Mouse,South,Returning,4,Credit Card,11.03,Accessories,800,2847.04,1921.92,925.12
13715,2027-07-18 12:00:00,Keyboard,North,New,3,Debit Card,5.61,Accessories,1500,4247.55,3008.1,1239.45
13716,2027-07-18 18:00:00,Mouse,North,New,5,Credit Card,19.73,Accessories,800,3210.8,2521.77,689.03
13717,2027-07-19 00:00:00,Smart Watch,Central,VIP,1,Net Banking,18.12,Wearables,5000,4094.0,3465.05,628.95
13718,2027-07-19 06:00:00,Mouse,East,New,4,Debit Card,18.57,Accessories,800,2605.76,1585.8,1019.96
13719,2027-07-19 12:00:00,Smart Watch,East,New,4,Debit Card,3.7,Wearables,5000,19260.0,11761.35,7498.65
13720,2027-07-19 18:00:00,Mouse,Central,VIP,1,Debit Card,16.83,Accessories,800,665.36,470.42,194.94
13721,2027-07-20 00:00:00,Monitor,South,New,2,Credit Card,10.71,Electronics,12000,21429.6,16391.62,5037.98
13722,2027-07-20 06:00:00,Monitor,East,VIP,2,Credit Card,14.16,Electronics,12000,20601.6,14350.89,6250.71
13723,2027-07-20 12:00:00,Headphones,Central,VIP,4,UPI,4.35,Accessories,2500,9565.0,8129.39,1435.61
13724,2027-07-20 18:00:00,Smart Watch,South,New,2,Credit Card,14.24,Wearables,5000,8576.0,5564.45,3011.55
13725,2027-07-21 00:00:00,Tablet,South,New,1,Credit Card,18.29,Electronics,20000,16342.0,9837.58,6504.42
13726,2027-07-21 06:00:00,Smart Watch,West,New,4,Cash,5.35,Wearables,5000,18930.0,12257.79,6672.21
13727,2027-07-21 12:00:00,Mouse,South,New,1,Debit Card,4.67,Accessories,800,762.64,626.67,135.97
13728,2027-07-21 18:00:00,Mouse,East,New,2,Credit Card,2.09,Accessories,800,1566.56,996.78,569.78
13729,2027-07-22 00:00:00,Tablet,East,Returning,1,Debit Card,5.34,Electronics,20000,18932.0,13626.19,5305.81
13730,2027-07-22 06:00:00,Laptop,Central,New,2,Debit Card,10.72,Electronics,60000,107136.0,75511.49,31624.51
13731,2027-07-22 12:00:00,Mouse,Central,Returning,2,Cash,16.65,Accessories,800,1333.6,1022.11,311.49
13732,2027-07-22 18:00:00,Headphones,South,VIP,1,Debit Card,5.58,Accessories,2500,2360.5,1448.52,911.98
13733,2027-07-23 00:00:00,Keyboard,North,New,2,Credit Card,12.42,Accessories,1500,2627.4,2009.14,618.26
13734,2027-07-23 06:00:00,Keyboard,West,New,3,Debit Card,9.59,Accessories,1500,4068.45,2801.89,1266.56
13735,2027-07-23 12:00:00,Mobile Phone,North,New,1,UPI,5.77,Electronics,30000,28269.0,23505.95,4763.05
13736,2027-07-23 18:00:00,Mobile Phone,South,VIP,3,UPI,10.21,Electronics,30000,80811.0,65636.46,15174.54
13737,2027-07-24 00:00:00,Keyboard,South,Returning,1,Cash,3.36,Accessories,1500,1449.6,1014.54,435.06
13738,2027-07-24 06:00:00,Keyboard,North,Returning,2,Credit Card,12.79,Accessories,1500,2616.3,2219.21,397.09
13739,2027-07-24 12:00:00,Monitor,West,New,2,Cash,2.31,Electronics,12000,23445.6,14371.82,9073.78
13740,2027-07-24 18:00:00,Headphones,North,New,4,UPI,14.62,Accessories,2500,8538.0,6806.14,1731.86
13741,2027-07-25 00:00:00,Tablet,Central,New,4,Credit Card,3.55,Electronics,20000,77160.0,54664.71,22495.29
13742,2027-07-25 06:00:00,Mobile Phone,East,New,3,Debit Card,19.96,Electronics,30000,72036.0,51024.99,21011.01
13743,2027-07-25 12:00:00,Monitor,Central,VIP,2,Credit Card,16.47,Electronics,12000,20047.2,12881.0,7166.2
13744,2027-07-25 18:00:00,Monitor,East,New,4,Net Banking,6.88,Electronics,12000,44697.6,32572.03,12125.57
13745,2027-07-26 00:00:00,Tablet,South,VIP,2,Credit Card,8.52,Electronics,20000,36592.0,22730.2,13861.8
13746,2027-07-26 06:00:00,Monitor,West,New,1,Debit Card,5.18,Electronics,12000,11378.4,8580.96,2797.44
13747,2027-07-26 12:00:00,Smart Watch,North,Returning,4,Net Banking,15.34,Wearables,5000,16932.0,11181.85,5750.15
13748,2027-07-26 18:00:00,Headphones,West,Returning,3,Cash,7.61,Accessories,2500,6929.25,5413.23,1516.02
13749,2027-07-27 00:00:00,Keyboard,North,New,4,Credit Card,15.1,Accessories,1500,5094.0,3829.87,1264.13
13750,2027-07-27 06:00:00,Mouse,Central,New,2,Cash,0.37,Accessories,800,1594.08,1253.91,340.17
13751,2027-07-27 12:00:00,Tablet,Central,VIP,5,Credit Card,2.71,Electronics,20000,97290.0,76609.6,20680.4
13752,2027-07-27 18:00:00,Keyboard,North,New,5,UPI,7.3,Accessories,1500,6952.5,4513.4,2439.1
13753,2027-07-28 00:00:00,Keyboard,West,New,2,UPI,2.18,Accessories,1500,2934.6,1761.26,1173.34
13754,2027-07-28 06:00:00,Laptop,North,New,1,Debit Card,12.02,Electronics,60000,52788.0,36499.75,16288.25
13755,2027-07-28 12:00:00,Smart Watch,South,Returning,4,UPI,1.02,Wearables,5000,19796.0,16426.07,3369.93
13756,2027-07-28 18:00:00,Tablet,Central,VIP,5,Net Banking,17.2,Electronics,20000,82800.0,61642.52,21157.48
13757,2027-07-29 00:00:00,Monitor,South,Returning,1,Net Banking,15.23,Electronics,12000,10172.4,7953.55,2218.85
13758,2027-07-29 06:00:00,Mouse,Central,VIP,2,Credit Card,4.33,Accessories,800,1530.72,1255.03,275.69
13759,2027-07-29 12:00:00,Tablet,Central,Returning,1,Cash,9.68,Electronics,20000,18064.0,14930.16,3133.84
13760,2027-07-29 18:00:00,Monitor,East,New,2,Net Banking,9.04,Electronics,12000,21830.4,15985.45,5844.95
13761,2027-07-30 00:00:00,Keyboard,South,Returning,4,Credit Card,14.5,Accessories,1500,5130.0,3771.76,1358.24
13762,2027-07-30 06:00:00,Mouse,South,Returning,1,Cash,8.03,Accessories,800,735.76,597.98,137.78
13763,2027-07-30 12:00:00,Monitor,East,VIP,4,UPI,0.66,Electronics,12000,47683.2,38235.79,9447.41
13764,2027-07-30 18:00:00,Headphones,West,VIP,1,Credit Card,5.47,Accessories,2500,2363.25,1830.84,532.41
13765,2027-07-31 00:00:00,Monitor,South,Returning,2,Cash,9.32,Electronics,12000,21763.2,16346.69,5416.51
13766,2027-07-31 06:00:00,Laptop,North,VIP,2,Debit Card,19.49,Electronics,60000,96612.0,72874.8,23737.2
13767,2027-07-31 12:00:00,Smart Watch,East,VIP,1,Debit Card,17.62,Wearables,5000,4119.0,2845.11,1273.89
13768,2027-07-31 18:00:00,Keyboard,South,VIP,2,Net Banking,3.63,Accessories,1500,2891.1,2342.45,548.65
13769,2027-08-01 00:00:00,Monitor,West,VIP,3,Cash,14.47,Electronics,12000,30790.8,23229.96,7560.84
13770,2027-08-01 06:00:00,Smart Watch,South,VIP,3,Debit Card,18.74,Wearables,5000,12189.0,7994.55,4194.45
13771,2027-08-01 12:00:00,Mobile Phone,Central,Returning,4,Net Banking,0.18,Electronics,30000,119784.0,79052.75,40731.25
13772,2027-08-01 18:00:00,Mobile Phone,North,VIP,3,Credit Card,14.42,Electronics,30000,77022.0,62803.8,14218.2
13773,2027-08-02 00:00:00,Smart Watch,East,New,3,Credit Card,9.19,Wearables,5000,13621.5,10303.67,3317.83
13774,2027-08-02 06:00:00,Smart Watch,Central,Returning,5,Cash,13.6,Wearables,5000,21600.0,15113.0,6487.0
13775,2027-08-02 12:00:00,Laptop,West,Returning,5,Cash,12.11,Electronics,60000,263670.0,170535.21,93134.79
13776,2027-08-02 18:00:00,Headphones,Central,Returning,5,Cash,19.69,Accessories,2500,10038.75,7554.7,2484.05
13777,2027-08-03 00:00:00,Keyboard,Central,VIP,5,Cash,5.78,Accessories,1500,7066.5,4565.51,2500.99
13778,2027-08-03 06:00:00,Tablet,West,New,2,Debit Card,15.72,Electronics,20000,33712.0,24189.77,9522.23
13779,2027-08-03 12:00:00,Laptop,Central,VIP,4,Debit Card,4.69,Electronics,60000,228744.0,175990.52,52753.48
13780,2027-08-03 18:00:00,Headphones,East,Returning,4,Net Banking,8.71,Accessories,2500,9129.0,6767.82,2361.18
13781,2027-08-04 00:00:00,Smart Watch,South,Returning,3,Debit Card,19.51,Wearables,5000,12073.5,10027.34,2046.16
13782,2027-08-04 06:00:00,Tablet,Central,Returning,4,Credit Card,15.32,Electronics,20000,67744.0,41319.12,26424.88
13783,2027-08-04 12:00:00,Smart Watch,East,Returning,3,Net Banking,6.32,Wearables,5000,14052.0,9414.12,4637.88
13784,2027-08-04 18:00:00,Smart Watch,South,VIP,4,Debit Card,12.39,Wearables,5000,17522.0,10763.27,6758.73
13785,2027-08-05 00:00:00,Mobile Phone,South,New,1,Cash,0.99,Electronics,30000,29703.0,19266.88,10436.12
13786,2027-08-05 06:00:00,Mobile Phone,Central,New,1,Debit Card,5.33,Electronics,30000,28401.0,17920.91,10480.09
13787,2027-08-05 12:00:00,Tablet,East,Returning,4,UPI,14.37,Electronics,20000,68504.0,53649.96,14854.04
13788,2027-08-05 18:00:00,Laptop,Central,New,2,Net Banking,11.4,Electronics,60000,106320.0,73610.01,32709.99
13789,2027-08-06 00:00:00,Mobile Phone,West,Returning,3,Debit Card,9.39,Electronics,30000,81549.0,67788.51,13760.49
13790,2027-08-06 06:00:00,Keyboard,South,Returning,4,Debit Card,13.82,Accessories,1500,5170.8,3132.7,2038.1
13791,2027-08-06 12:00:00,Smart Watch,Central,New,3,Credit Card,7.97,Wearables,5000,13804.5,10536.02,3268.48
13792,2027-08-06 18:00:00,Mouse,South,Returning,5,Cash,0.52,Accessories,800,3979.2,3353.02,626.18
13793,2027-08-07 00:00:00,Monitor,East,New,4,Cash,8.82,Electronics,12000,43766.4,28183.8,15582.6
13794,2027-08-07 06:00:00,Tablet,North,Returning,2,Credit Card,18.04,Electronics,20000,32784.0,23296.57,9487.43
13795,2027-08-07 12:00:00,Tablet,Central,New,5,Credit Card,17.13,Electronics,20000,82870.0,64263.4,18606.6
13796,2027-08-07 18:00:00,Mobile Phone,Central,Returning,4,UPI,8.18,Electronics,30000,110184.0,83550.82,26633.18
13797,2027-08-08 00:00:00,Laptop,South,New,1,Net Banking,0.44,Electronics,60000,59736.0,44294.65,15441.35
13798,2027-08-08 06:00:00,Smart Watch,East,Returning,4,Cash,12.73,Wearables,5000,17454.0,11898.2,5555.8
13799,2027-08-08 12:00:00,Keyboard,West,Returning,1,Credit Card,14.82,Accessories,1500,1277.7,999.23,278.47
13800,2027-08-08 18:00:00,Laptop,East,Returning,1,Credit Card,5.88,Electronics,60000,56472.0,43105.86,13366.14
13801,2027-08-09 00:00:00,Headphones,Central,New,4,Net Banking,9.53,Accessories,2500,9047.0,5796.41,3250.59
13802,2027-08-09 06:00:00,Headphones,West,VIP,4,Credit Card,19.84,Accessories,2500,8016.0,6741.64,1274.36
13803,2027-08-09 12:00:00,Mouse,East,Returning,1,UPI,11.53,Accessories,800,707.76,522.98,184.78
13804,2027-08-09 18:00:00,Mobile Phone,North,Returning,3,Net Banking,7.02,Electronics,30000,83682.0,61202.12,22479.88
13805,2027-08-10 00:00:00,Mobile Phone,South,New,5,UPI,12.55,Electronics,30000,131175.0,106521.86,24653.14
13806,2027-08-10 06:00:00,Mobile Phone,East,Returning,2,Debit Card,3.6,Electronics,30000,57840.0,43964.38,13875.62
13807,2027-08-10 12:00:00,Mouse,East,Returning,4,Cash,3.99,Accessories,800,3072.32,1900.6,1171.72
13808,2027-08-10 18:00:00,Headphones,North,Returning,5,Credit Card,18.5,Accessories,2500,10187.5,7402.72,2784.78
13809,2027-08-11 00:00:00,Laptop,Central,Returning,5,Net Banking,4.78,Electronics,60000,285660.0,227142.3,58517.7
13810,2027-08-11 06:00:00,Mouse,South,VIP,3,UPI,6.22,Accessories,800,2250.72,1744.3,506.42
13811,2027-08-11 12:00:00,Mouse,East,VIP,5,Cash,10.88,Accessories,800,3564.8,3004.03,560.77
13812,2027-08-11 18:00:00,Laptop,West,Returning,4,Cash,17.99,Electronics,60000,196824.0,119320.43,77503.57
13813,2027-08-12 00:00:00,Mobile Phone,East,Returning,5,Credit Card,15.63,Electronics,30000,126555.0,84197.64,42357.36
13814,2027-08-12 06:00:00,Keyboard,South,Returning,4,Cash,0.88,Accessories,1500,5947.2,4384.81,1562.39
13815,2027-08-12 12:00:00,Laptop,East,VIP,4,Credit Card,13.86,Electronics,60000,206736.0,156059.31,50676.69
13816,2027-08-12 18:00:00,Headphones,North,VIP,1,Debit Card,10.08,Accessories,2500,2248.0,1502.99,745.01
13817,2027-08-13 00:00:00,Tablet,East,New,3,Credit Card,9.51,Electronics,20000,54294.0,43798.99,10495.01
13818,2027-08-13 06:00:00,Smart Watch,East,New,2,UPI,13.83,Wearables,5000,8617.0,5524.25,3092.75
13819,2027-08-13 12:00:00,Tablet,West,Returning,1,Cash,3.92,Electronics,20000,19216.0,11533.68,7682.32
13820,2027-08-13 18:00:00,Monitor,North,Returning,2,Cash,19.63,Electronics,12000,19288.8,16165.9,3122.9
13821,2027-08-14 00:00:00,Monitor,North,VIP,4,Cash,12.91,Electronics,12000,41803.2,29174.0,12629.2
13822,2027-08-14 06:00:00,Mouse,East,Returning,1,Credit Card,7.31,Accessories,800,741.52,622.41,119.11
13823,2027-08-14 12:00:00,Smart Watch,West,Returning,5,Net Banking,12.0,Wearables,5000,22000.0,14728.62,7271.38
13824,2027-08-14 18:00:00,Tablet,East,VIP,5,Credit Card,4.33,Electronics,20000,95670.0,58919.53,36750.47
13825,2027-08-15 00:00:00,Keyboard,East,VIP,2,UPI,12.68,Accessories,1500,2619.6,2077.68,541.92
13826,2027-08-15 06:00:00,Mobile Phone,South,VIP,4,Credit Card,0.56,Electronics,30000,119328.0,96530.97,22797.03
13827,2027-08-15 12:00:00,Headphones,South,VIP,2,Cash,6.82,Accessories,2500,4659.0,3368.56,1290.44
13828,2027-08-15 18:00:00,Monitor,West,New,3,Debit Card,14.95,Electronics,12000,30618.0,18936.09,11681.91
13829,2027-08-16 00:00:00,Keyboard,Central,VIP,5,UPI,16.16,Accessories,1500,6288.0,4801.1,1486.9
13830,2027-08-16 06:00:00,Headphones,South,VIP,1,Debit Card,5.06,Accessories,2500,2373.5,1532.18,841.32
13831,2027-08-16 12:00:00,Headphones,Central,Returning,1,UPI,10.79,Accessories,2500,2230.25,1811.73,418.52
13832,2027-08-16 18:00:00,Mobile Phone,North,Returning,1,UPI,10.57,Electronics,30000,26829.0,17935.34,8893.66
13833,2027-08-17 00:00:00,Smart Watch,South,Returning,5,Cash,8.43,Wearables,5000,22892.5,18587.03,4305.47
13834,2027-08-17 06:00:00,Mouse,South,New,4,Credit Card,4.57,Accessories,800,3053.76,2158.19,895.57
13835,2027-08-17 12:00:00,Tablet,West,VIP,5,Cash,14.06,Electronics,20000,85940.0,64379.54,21560.46
13836,2027-08-17 18:00:00,Mobile Phone,Central,VIP,5,Cash,5.05,Electronics,30000,142425.0,113568.36,28856.64
13837,2027-08-18 00:00:00,Keyboard,South,New,1,Cash,18.22,Accessories,1500,1226.7,748.42,478.28
13838,2027-08-18 06:00:00,Mouse,South,VIP,5,Debit Card,10.57,Accessories,800,3577.2,2880.69,696.51
13839,2027-08-18 12:00:00,Keyboard,West,Returning,1,UPI,17.41,Accessories,1500,1238.85,786.25,452.6
13840,2027-08-18 18:00:00,Mouse,West,New,4,Net Banking,5.81,Accessories,800,3014.08,2078.52,935.56
13841,2027-08-19 00:00:00,Smart Watch,Central,VIP,3,Credit Card,16.14,Wearables,5000,12579.0,9034.18,3544.82
13842,2027-08-19 06:00:00,Monitor,North,New,1,Cash,2.27,Electronics,12000,11727.6,9661.86,2065.74
13843,2027-08-19 12:00:00,Keyboard,North,New,2,UPI,15.34,Accessories,1500,2539.8,1538.13,1001.67
13844,2027-08-19 18:00:00,Mobile Phone,East,VIP,3,Credit Card,7.74,Electronics,30000,83034.0,61428.61,21605.39
13845,2027-08-20 00:00:00,Mouse,South,Returning,4,Net Banking,9.4,Accessories,800,2899.2,2205.22,693.98
13846,2027-08-20 06:00:00,Mouse,Central,VIP,3,Net Banking,3.34,Accessories,800,2319.84,1575.51,744.33
13847,2027-08-20 12:00:00,Headphones,South,VIP,1,Cash,0.37,Accessories,2500,2490.75,1675.33,815.42
13848,2027-08-20 18:00:00,Headphones,Central,Returning,4,Net Banking,13.32,Accessories,2500,8668.0,6263.65,2404.35
13849,2027-08-21 00:00:00,Laptop,Central,VIP,2,Net Banking,11.75,Electronics,60000,105900.0,68493.48,37406.52
13850,2027-08-21 06:00:00,Keyboard,Central,VIP,1,Credit Card,12.45,Accessories,1500,1313.25,941.64,371.61
13851,2027-08-21 12:00:00,Headphones,South,VIP,1,Credit Card,5.1,Accessories,2500,2372.5,1877.26,495.24
13852,2027-08-21 18:00:00,Laptop,West,New,4,Cash,4.79,Electronics,60000,228504.0,185396.46,43107.54
13853,2027-08-22 00:00:00,Monitor,South,New,4,UPI,16.61,Electronics,12000,40027.2,27870.55,12156.65
13854,2027-08-22 06:00:00,Monitor,Central,New,3,Cash,15.23,Electronics,12000,30517.2,23019.9,7497.3
13855,2027-08-22 12:00:00,Headphones,East,VIP,2,Debit Card,6.74,Accessories,2500,4663.0,2797.82,1865.18
13856,2027-08-22 18:00:00,Keyboard,North,Returning,3,Net Banking,12.76,Accessories,1500,3925.8,2895.62,1030.18
13857,2027-08-23 00:00:00,Mouse,Central,New,3,UPI,16.56,Accessories,800,2002.56,1689.78,312.78
13858,2027-08-23 06:00:00,Tablet,East,Returning,1,Credit Card,17.78,Electronics,20000,16444.0,11150.12,5293.88
13859,2027-08-23 12:00:00,Smart Watch,West,VIP,4,Debit Card,0.12,Wearables,5000,19976.0,14955.91,5020.09
13860,2027-08-23 18:00:00,Keyboard,Central,New,1,Debit Card,16.27,Accessories,1500,1255.95,992.92,263.03
13861,2027-08-24 00:00:00,Smart Watch,East,VIP,2,Net Banking,7.01,Wearables,5000,9299.0,6995.02,2303.98
13862,2027-08-24 06:00:00,Mobile Phone,Central,Returning,3,Credit Card,14.37,Electronics,30000,77067.0,54303.33,22763.67
13863,2027-08-24 12:00:00,Monitor,South,New,2,UPI,7.43,Electronics,12000,22216.8,14177.52,8039.28
13864,2027-08-24 18:00:00,Headphones,East,New,4,Credit Card,12.12,Accessories,2500,8788.0,6291.55,2496.45
13865,2027-08-25 00:00:00,Headphones,South,New,4,Net Banking,12.94,Accessories,2500,8706.0,5865.2,2840.8
13866,2027-08-25 06:00:00,Smart Watch,South,New,5,Debit Card,8.1,Wearables,5000,22975.0,17782.19,5192.81
13867,2027-08-25 12:00:00,Mouse,East,Returning,2,Net Banking,10.26,Accessories,800,1435.84,1020.13,415.71
13868,2027-08-25 18:00:00,Smart Watch,North,New,1,Cash,14.53,Wearables,5000,4273.5,3472.09,801.41
13869,2027-08-26 00:00:00,Mobile Phone,East,VIP,2,Debit Card,9.53,Electronics,30000,54282.0,35192.68,19089.32
13870,2027-08-26 06:00:00,Mouse,North,New,3,Net Banking,0.28,Accessories,800,2393.28,1685.9,707.38
13871,2027-08-26 12:00:00,Mobile Phone,Central,Returning,4,UPI,0.26,Electronics,30000,119688.0,88494.46,31193.54
13872,2027-08-26 18:00:00,Tablet,Central,New,4,UPI,13.23,Electronics,20000,69416.0,43836.46,25579.54
13873,2027-08-27 00:00:00,Monitor,East,Returning,2,UPI,16.94,Electronics,12000,19934.4,14890.55,5043.85
13874,2027-08-27 06:00:00,Headphones,Central,Returning,2,Cash,15.71,Accessories,2500,4214.5,2835.22,1379.28
13875,2027-08-27 12:00:00,Headphones,West,VIP,2,Credit Card,6.21,Accessories,2500,4689.5,3082.8,1606.7
13876,2027-08-27 18:00:00,Tablet,South,New,3,UPI,9.42,Electronics,20000,54348.0,34536.94,19811.06
13877,2027-08-28 00:00:00,Laptop,South,New,3,Cash,4.68,Electronics,60000,171576.0,117953.44,53622.56
13878,2027-08-28 06:00:00,Monitor,North,New,1,UPI,19.78,Electronics,12000,9626.4,8011.53,1614.87
13879,2027-08-28 12:00:00,Mouse,Central,VIP,2,Cash,5.21,Accessories,800,1516.64,921.74,594.9
13880,2027-08-28 18:00:00,Tablet,North,VIP,1,UPI,8.33,Electronics,20000,18334.0,14906.26,3427.74
13881,2027-08-29 00:00:00,Mouse,South,Returning,5,Credit Card,13.62,Accessories,800,3455.2,2416.36,1038.84
13882,2027-08-29 06:00:00,Smart Watch,South,Returning,3,Net Banking,17.52,Wearables,5000,12372.0,9160.23,3211.77
13883,2027-08-29 12:00:00,Keyboard,Central,Returning,4,UPI,1.03,Accessories,1500,5938.2,4324.22,1613.98
13884,2027-08-29 18:00:00,Headphones,West,VIP,5,Net Banking,6.02,Accessories,2500,11747.5,9767.28,1980.22
13885,2027-08-30 00:00:00,Mouse,West,VIP,4,UPI,11.38,Accessories,800,2835.84,2247.49,588.35
13886,2027-08-30 06:00:00,Mobile Phone,Central,VIP,5,Credit Card,12.37,Electronics,30000,131445.0,111229.53,20215.47
13887,2027-08-30 12:00:00,Mouse,Central,Returning,1,Net Banking,1.4,Accessories,800,788.8,629.94,158.86
13888,2027-08-30 18:00:00,Keyboard,North,VIP,1,Cash,13.28,Accessories,1500,1300.8,876.7,424.1
13889,2027-08-31 00:00:00,Monitor,Central,Returning,3,UPI,10.56,Electronics,12000,32198.4,27069.87,5128.53
13890,2027-08-31 06:00:00,Headphones,West,Returning,4,UPI,16.55,Accessories,2500,8345.0,7058.96,1286.04
13891,2027-08-31 12:00:00,Smart Watch,Central,New,5,Cash,4.44,Wearables,5000,23890.0,15069.18,8820.82
13892,2027-08-31 18:00:00,Tablet,North,New,2,Credit Card,3.9,Electronics,20000,38440.0,31723.03,6716.97
13893,2027-09-01 00:00:00,Smart Watch,North,New,2,Debit Card,15.87,Wearables,5000,8413.0,6444.78,1968.22
13894,2027-09-01 06:00:00,Keyboard,North,Returning,3,UPI,14.08,Accessories,1500,3866.4,3211.04,655.36
13895,2027-09-01 12:00:00,Headphones,North,New,4,Cash,15.83,Accessories,2500,8417.0,6977.14,1439.86
13896,2027-09-01 18:00:00,Mouse,East,New,2,Debit Card,15.64,Accessories,800,1349.76,1110.64,239.12
13897,2027-09-02 00:00:00,Monitor,Central,New,3,UPI,2.08,Electronics,12000,35251.2,28952.48,6298.72
13898,2027-09-02 06:00:00,Laptop,South,VIP,3,Net Banking,5.57,Electronics,60000,169974.0,106983.6,62990.4
13899,2027-09-02 12:00:00,Monitor,Central,Returning,4,Cash,5.2,Electronics,12000,45504.0,28935.03,16568.97
13900,2027-09-02 18:00:00,Laptop,East,New,2,Net Banking,18.69,Electronics,60000,97572.0,61416.19,36155.81
13901,2027-09-03 00:00:00,Mobile Phone,North,VIP,2,Credit Card,9.75,Electronics,30000,54150.0,33722.31,20427.69
13902,2027-09-03 06:00:00,Monitor,East,VIP,2,Debit Card,2.22,Electronics,12000,23467.2,16152.97,7314.23
13903,2027-09-03 12:00:00,Headphones,West,VIP,1,Cash,5.79,Accessories,2500,2355.25,1815.87,539.38
13904,2027-09-03 18:00:00,Laptop,West,New,2,UPI,17.44,Electronics,60000,99072.0,68228.23,30843.77
13905,2027-09-04 00:00:00,Tablet,Central,VIP,5,UPI,16.94,Electronics,20000,83060.0,64793.04,18266.96
13906,2027-09-04 06:00:00,Headphones,Central,Returning,1,Debit Card,18.01,Accessories,2500,2049.75,1650.19,399.56
13907,2027-09-04 12:00:00,Tablet,South,VIP,1,Net Banking,7.77,Electronics,20000,18446.0,14139.85,4306.15
13908,2027-09-04 18:00:00,Monitor,South,VIP,1,Net Banking,12.83,Electronics,12000,10460.4,7492.54,2967.86
13909,2027-09-05 00:00:00,Tablet,West,VIP,1,Cash,5.56,Electronics,20000,18888.0,12728.23,6159.77
13910,2027-09-05 06:00:00,Laptop,North,VIP,3,Cash,3.62,Electronics,60000,173484.0,109485.9,63998.1
13911,2027-09-05 12:00:00,Headphones,East,Returning,5,Net Banking,0.44,Accessories,2500,12445.0,9002.87,3442.13
13912,2027-09-05 18:00:00,Mouse,South,New,4,Cash,4.47,Accessories,800,3056.96,2384.12,672.84
13913,2027-09-06 00:00:00,Keyboard,South,Returning,2,Net Banking,12.09,Accessories,1500,2637.3,1943.85,693.45
13914,2027-09-06 06:00:00,Laptop,North,Returning,1,Debit Card,18.08,Electronics,60000,49152.0,38356.77,10795.23
13915,2027-09-06 12:00:00,Laptop,North,New,4,Cash,2.67,Electronics,60000,233592.0,159731.36,73860.64
13916,2027-09-06 18:00:00,Mouse,Central,VIP,3,Net Banking,18.36,Accessories,800,1959.36,1208.34,751.02
13917,2027-09-07 00:00:00,Headphones,East,New,4,Cash,6.91,Accessories,2500,9309.0,7379.94,1929.06
13918,2027-09-07 06:00:00,Headphones,North,New,1,UPI,8.54,Accessories,2500,2286.5,1497.5,789.0
13919,2027-09-07 12:00:00,Smart Watch,South,Returning,5,UPI,7.3,Wearables,5000,23175.0,17475.6,5699.4
13920,2027-09-07 18:00:00,Monitor,South,New,4,Credit Card,8.17,Electronics,12000,44078.4,35310.02,8768.38
13921,2027-09-08 00:00:00,Tablet,West,VIP,1,Net Banking,5.18,Electronics,20000,18964.0,12037.92,6926.08
13922,2027-09-08 06:00:00,Monitor,North,Returning,1,Credit Card,13.97,Electronics,12000,10323.6,7738.81,2584.79
13923,2027-09-08 12:00:00,Mouse,Central,VIP,2,Net Banking,15.16,Accessories,800,1357.44,1048.41,309.03
13924,2027-09-08 18:00:00,Monitor,East,Returning,2,Cash,16.46,Electronics,12000,20049.6,15771.67,4277.93
13925,2027-09-09 00:00:00,Mouse,Central,VIP,5,Net Banking,6.83,Accessories,800,3726.8,2373.66,1353.14
13926,2027-09-09 06:00:00,Headphones,South,New,2,UPI,15.29,Accessories,2500,4235.5,3414.99,820.51
13927,2027-09-09 12:00:00,Tablet,Central,New,5,Cash,12.75,Electronics,20000,87250.0,54403.62,32846.38
13928,2027-09-09 18:00:00,Monitor,South,New,3,UPI,19.16,Electronics,12000,29102.4,21241.72,7860.68
13929,2027-09-10 00:00:00,Laptop,South,VIP,3,Cash,8.5,Electronics,60000,164700.0,117077.52,47622.48
13930,2027-09-10 06:00:00,Mobile Phone,South,Returning,2,Net Banking,19.85,Electronics,30000,48090.0,31520.18,16569.82
13931,2027-09-10 12:00:00,Smart Watch,South,Returning,3,Net Banking,14.81,Wearables,5000,12778.5,8631.66,4146.84
13932,2027-09-10 18:00:00,Keyboard,South,Returning,4,UPI,15.53,Accessories,1500,5068.2,3249.27,1818.93
13933,2027-09-11 00:00:00,Laptop,West,New,4,Debit Card,0.51,Electronics,60000,238776.0,168678.9,70097.1
13934,2027-09-11 06:00:00,Headphones,Central,VIP,4,Net Banking,9.95,Accessories,2500,9005.0,5482.94,3522.06
13935,2027-09-11 12:00:00,Keyboard,West,Returning,3,Debit Card,10.57,Accessories,1500,4024.35,3308.94,715.41
13936,2027-09-11 18:00:00,Mobile Phone,West,VIP,4,Cash,0.81,Electronics,30000,119028.0,76281.69,42746.31
13937,2027-09-12 00:00:00,Mobile Phone,North,Returning,5,Debit Card,6.24,Electronics,30000,140640.0,115536.38,25103.62
13938,2027-09-12 06:00:00,Tablet,North,New,1,UPI,19.11,Electronics,20000,16178.0,13199.54,2978.46
13939,2027-09-12 12:00:00,Keyboard,North,VIP,2,Credit Card,8.52,Accessories,1500,2744.4,1956.54,787.86
13940,2027-09-12 18:00:00,Tablet,East,Returning,5,Credit Card,3.73,Electronics,20000,96270.0,69741.01,26528.99
13941,2027-09-13 00:00:00,Laptop,North,Returning,4,UPI,10.27,Electronics,60000,215352.0,145465.62,69886.38
13942,2027-09-13 06:00:00,Mouse,Central,Returning,1,Credit Card,0.68,Accessories,800,794.56,674.76,119.8
13943,2027-09-13 12:00:00,Mouse,West,Returning,2,UPI,10.32,Accessories,800,1434.88,1101.55,333.33
13944,2027-09-13 18:00:00,Mouse,Central,New,5,Net Banking,11.89,Accessories,800,3524.4,2953.28,571.12
13945,2027-09-14 00:00:00,Keyboard,North,Returning,2,Debit Card,7.15,Accessories,1500,2785.5,1960.15,825.35
13946,2027-09-14 06:00:00,Mouse,East,Returning,3,Credit Card,15.25,Accessories,800,2034.0,1669.41,364.59
13947,2027-09-14 12:00:00,Laptop,East,New,4,Net Banking,2.71,Electronics,60000,233496.0,166262.85,67233.15
13948,2027-09-14 18:00:00,Tablet,West,Returning,5,Credit Card,17.56,Electronics,20000,82440.0,67329.34,15110.66
13949,2027-09-15 00:00:00,Keyboard,Central,VIP,5,Cash,19.11,Accessories,1500,6066.75,3838.62,2228.13
13950,2027-09-15 06:00:00,Tablet,South,VIP,1,UPI,0.02,Electronics,20000,19996.0,15181.24,4814.76
13951,2027-09-15 12:00:00,Keyboard,Central,Returning,1,UPI,16.85,Accessories,1500,1247.25,959.98,287.27
13952,2027-09-15 18:00:00,Tablet,North,New,1,Net Banking,10.12,Electronics,20000,17976.0,13734.43,4241.57
13953,2027-09-16 00:00:00,Mobile Phone,South,New,2,Cash,9.23,Electronics,30000,54462.0,38763.7,15698.3
13954,2027-09-16 06:00:00,Tablet,East,New,4,Debit Card,4.77,Electronics,20000,76184.0,58736.27,17447.73
13955,2027-09-16 12:00:00,Mouse,West,Returning,2,Cash,8.95,Accessories,800,1456.8,961.29,495.51
13956,2027-09-16 18:00:00,Mobile Phone,West,Returning,4,Cash,19.01,Electronics,30000,97188.0,72790.13,24397.87
13957,2027-09-17 00:00:00,Tablet,East,VIP,5,Debit Card,4.22,Electronics,20000,95780.0,70739.16,25040.84
13958,2027-09-17 06:00:00,Keyboard,North,New,2,Debit Card,3.58,Accessories,1500,2892.6,1965.77,926.83
13959,2027-09-17 12:00:00,Keyboard,East,Returning,2,Cash,4.84,Accessories,1500,2854.8,2268.76,586.04
13960,2027-09-17 18:00:00,Smart Watch,North,Returning,2,Credit Card,11.04,Wearables,5000,8896.0,5517.46,3378.54
13961,2027-09-18 00:00:00,Keyboard,South,Returning,3,Credit Card,18.61,Accessories,1500,3662.55,2354.51,1308.04
13962,2027-09-18 06:00:00,Headphones,East,New,4,Cash,11.48,Accessories,2500,8852.0,6353.86,2498.14
13963,2027-09-18 12:00:00,Laptop,North,New,4,Credit Card,4.87,Electronics,60000,228312.0,187885.75,40426.25
13964,2027-09-18 18:00:00,Keyboard,South,VIP,2,Debit Card,8.81,Accessories,1500,2735.7,2034.79,700.91
13965,2027-09-19 00:00:00,Mobile Phone,East,New,3,Debit Card,7.81,Electronics,30000,82971.0,67249.38,15721.62
13966,2027-09-19 06:00:00,Smart Watch,West,Returning,2,Credit Card,0.93,Wearables,5000,9907.0,7226.09,2680.91
13967,2027-09-19 12:00:00,Keyboard,East,VIP,4,Debit Card,10.21,Accessories,1500,5387.4,4290.33,1097.07
13968,2027-09-19 18:00:00,Headphones,Central,New,5,UPI,2.52,Accessories,2500,12185.0,8303.46,3881.54
13969,2027-09-20 00:00:00,Mouse,East,New,3,Debit Card,16.84,Accessories,800,1995.84,1604.23,391.61
13970,2027-09-20 06:00:00,Mobile Phone,Central,New,3,Cash,10.98,Electronics,30000,80118.0,56116.37,24001.63
13971,2027-09-20 12:00:00,Headphones,South,New,2,Net Banking,16.89,Accessories,2500,4155.5,3073.86,1081.64
13972,2027-09-20 18:00:00,Mouse,East,Returning,5,Credit Card,19.12,Accessories,800,3235.2,2083.37,1151.83
13973,2027-09-21 00:00:00,Monitor,South,New,4,Credit Card,18.86,Electronics,12000,38947.2,32330.39,6616.81
13974,2027-09-21 06:00:00,Monitor,South,Returning,1,Debit Card,2.01,Electronics,12000,11758.8,9117.36,2641.44
13975,2027-09-21 12:00:00,Mobile Phone,North,Returning,4,Debit Card,18.9,Electronics,30000,97320.0,79287.94,18032.06
13976,2027-09-21 18:00:00,Tablet,South,Returning,4,Net Banking,15.91,Electronics,20000,67272.0,43859.04,23412.96
13977,2027-09-22 00:00:00,Laptop,South,VIP,5,Net Banking,15.55,Electronics,60000,253350.0,156296.96,97053.04
13978,2027-09-22 06:00:00,Smart Watch,East,Returning,3,Cash,1.8,Wearables,5000,14730.0,10079.77,4650.23
13979,2027-09-22 12:00:00,Laptop,East,New,4,UPI,3.59,Electronics,60000,231384.0,168718.58,62665.42
13980,2027-09-22 18:00:00,Headphones,West,VIP,3,Cash,19.5,Accessories,2500,6037.5,4833.58,1203.92
13981,2027-09-23 00:00:00,Mouse,North,New,5,Credit Card,4.27,Accessories,800,3829.2,2678.26,1150.94
13982,2027-09-23 06:00:00,Laptop,South,Returning,5,Debit Card,3.38,Electronics,60000,289860.0,193478.53,96381.47
13983,2027-09-23 12:00:00,Mouse,North,New,2,Cash,7.25,Accessories,800,1484.0,1028.61,455.39
13984,2027-09-23 18:00:00,Mouse,Central,VIP,1,Debit Card,18.27,Accessories,800,653.84,507.32,146.52
13985,2027-09-24 00:00:00,Headphones,South,VIP,5,Debit Card,9.52,Accessories,2500,11310.0,7736.66,3573.34
13986,2027-09-24 06:00:00,Headphones,North,New,5,Cash,18.41,Accessories,2500,10198.75,8615.82,1582.93
13987,2027-09-24 12:00:00,Headphones,West,New,3,Cash,6.69,Accessories,2500,6998.25,4505.09,2493.16
13988,2027-09-24 18:00:00,Laptop,West,New,5,Net Banking,4.53,Electronics,60000,286410.0,225769.57,60640.43
13989,2027-09-25 00:00:00,Monitor,South,VIP,4,UPI,9.9,Electronics,12000,43248.0,32318.84,10929.16
13990,2027-09-25 06:00:00,Headphones,Central,Returning,2,Net Banking,12.31,Accessories,2500,4384.5,2886.2,1498.3
13991,2027-09-25 12:00:00,Smart Watch,West,New,2,UPI,7.83,Wearables,5000,9217.0,7266.71,1950.29
13992,2027-09-25 18:00:00,Laptop,West,Returning,4,Cash,6.92,Electronics,60000,223392.0,159029.43,64362.57
13993,2027-09-26 00:00:00,Headphones,Central,VIP,5,UPI,4.36,Accessories,2500,11955.0,9212.52,2742.48
13994,2027-09-26 06:00:00,Keyboard,North,New,1,Credit Card,5.5,Accessories,1500,1417.5,1085.19,332.31
13995,2027-09-26 12:00:00,Mouse,West,New,5,Net Banking,13.46,Accessories,800,3461.6,2172.71,1288.89
13996,2027-09-26 18:00:00,Smart Watch,East,VIP,2,Net Banking,7.4,Wearables,5000,9260.0,7500.56,1759.44
13997,2027-09-27 00:00:00,Headphones,West,New,1,Net Banking,1.6,Accessories,2500,2460.0,1895.11,564.89
13998,2027-09-27 06:00:00,Mobile Phone,North,Returning,3,Debit Card,2.76,Electronics,30000,87516.0,69588.06,17927.94
13999,2027-09-27 12:00:00,Mouse,North,VIP,3,Debit Card,7.45,Accessories,800,2221.2,1581.36,639.84
14000,2027-09-27 18:00:00,Mouse,South,VIP,5,Cash,18.49,Accessories,800,3260.4,2115.23,1145.17
14001,2027-09-28 00:00:00,Headphones,East,New,5,Cash,7.58,Accessories,2500,11552.5,7873.65,3678.85
14002,2027-09-28 06:00:00,Monitor,North,VIP,1,Debit Card,1.21,Electronics,12000,11854.8,9784.56,2070.24
14003,2027-09-28 12:00:00,Tablet,Central,New,1,Net Banking,8.36,Electronics,20000,18328.0,15294.8,3033.2
14004,2027-09-28 18:00:00,Monitor,East,New,5,Debit Card,13.38,Electronics,12000,51972.0,37444.09,14527.91
14005,2027-09-29 00:00:00,Headphones,East,VIP,2,UPI,11.87,Accessories,2500,4406.5,2973.06,1433.44
14006,2027-09-29 06:00:00,Mouse,Central,New,3,Net Banking,5.58,Accessories,800,2266.08,1773.38,492.7
14007,2027-09-29 12:00:00,Smart Watch,West,Returning,1,Debit Card,13.76,Wearables,5000,4312.0,3412.94,899.06
14008,2027-09-29 18:00:00,Mobile Phone,Central,Returning,2,Cash,12.61,Electronics,30000,52434.0,42149.94,10284.06
14009,2027-09-30 00:00:00,Smart Watch,Central,New,5,Debit Card,3.44,Wearables,5000,24140.0,14671.59,9468.41
14010,2027-09-30 06:00:00,Smart Watch,West,Returning,4,Credit Card,3.24,Wearables,5000,19352.0,11658.29,7693.71
14011,2027-09-30 12:00:00,Mouse,West,New,1,Debit Card,10.94,Accessories,800,712.48,491.1,221.38
14012,2027-09-30 18:00:00,Monitor,West,Returning,4,Net Banking,13.19,Electronics,12000,41668.8,26589.87,15078.93
14013,2027-10-01 00:00:00,Mobile Phone,West,VIP,2,Debit Card,19.24,Electronics,30000,48456.0,38825.15,9630.85
14014,2027-10-01 06:00:00,Laptop,West,New,3,Cash,8.44,Electronics,60000,164808.0,120839.03,43968.97
14015,2027-10-01 12:00:00,Keyboard,Central,New,2,UPI,15.3,Accessories,1500,2541.0,2048.9,492.1
14016,2027-10-01 18:00:00,Mouse,South,New,3,Credit Card,2.33,Accessories,800,2344.08,1510.12,833.96
14017,2027-10-02 00:00:00,Headphones,South,New,2,Net Banking,17.79,Accessories,2500,4110.5,3110.85,999.65
14018,2027-10-02 06:00:00,Laptop,North,New,1,Cash,12.66,Electronics,60000,52404.0,39043.23,13360.77
14019,2027-10-02 12:00:00,Keyboard,South,New,1,Credit Card,12.58,Accessories,1500,1311.3,898.36,412.94
14020,2027-10-02 18:00:00,Headphones,South,VIP,4,Debit Card,2.85,Accessories,2500,9715.0,7084.86,2630.14
14021,2027-10-03 00:00:00,Smart Watch,Central,VIP,2,Credit Card,0.79,Wearables,5000,9921.0,7413.54,2507.46
14022,2027-10-03 06:00:00,Tablet,West,Returning,2,UPI,14.03,Electronics,20000,34388.0,28279.73,6108.27
14023,2027-10-03 12:00:00,Headphones,West,New,4,Credit Card,2.34,Accessories,2500,9766.0,5995.44,3770.56
14024,2027-10-03 18:00:00,Mobile Phone,Central,Returning,5,Credit Card,2.54,Electronics,30000,146190.0,117806.26,28383.74
14025,2027-10-04 00:00:00,Mobile Phone,South,Returning,2,Debit Card,3.75,Electronics,30000,57750.0,48801.01,8948.99
14026,2027-10-04 06:00:00,Tablet,Central,VIP,2,Debit Card,1.95,Electronics,20000,39220.0,30707.05,8512.95
14027,2027-10-04 12:00:00,Laptop,North,Returning,2,Net Banking,12.51,Electronics,60000,104988.0,82345.95,22642.05
14028,2027-10-04 18:00:00,Keyboard,West,VIP,5,Debit Card,8.44,Accessories,1500,6867.0,4494.41,2372.59
14029,2027-10-05 00:00:00,Headphones,East,Returning,1,Credit Card,5.32,Accessories,2500,2367.0,1729.73,637.27
14030,2027-10-05 06:00:00,Mobile Phone,North,New,4,UPI,8.81,Electronics,30000,109428.0,84969.21,24458.79
14031,2027-10-05 12:00:00,Laptop,North,Returning,5,Debit Card,16.88,Electronics,60000,249360.0,187162.2,62197.8
14032,2027-10-05 18:00:00,Tablet,Central,VIP,3,Net Banking,18.54,Electronics,20000,48876.0,34031.52,14844.48
14033,2027-10-06 00:00:00,Monitor,South,VIP,3,Net Banking,9.75,Electronics,12000,32490.0,27130.11,5359.89
14034,2027-10-06 06:00:00,Mouse,West,VIP,5,Credit Card,11.34,Accessories,800,3546.4,2583.54,962.86
14035,2027-10-06 12:00:00,Monitor,East,Returning,5,Debit Card,5.14,Electronics,12000,56916.0,47949.96,8966.04
14036,2027-10-06 18:00:00,Monitor,North,Returning,1,Debit Card,10.27,Electronics,12000,10767.6,7978.46,2789.14
14037,2027-10-07 00:00:00,Mobile Phone,East,VIP,3,Net Banking,14.96,Electronics,30000,76536.0,61102.2,15433.8
14038,2027-10-07 06:00:00,Smart Watch,South,New,4,Debit Card,9.84,Wearables,5000,18032.0,14164.24,3867.76
14039,2027-10-07 12:00:00,Smart Watch,South,New,2,Credit Card,6.04,Wearables,5000,9396.0,7189.88,2206.12
14040,2027-10-07 18:00:00,Tablet,East,Returning,2,UPI,11.64,Electronics,20000,35344.0,21334.18,14009.82
14041,2027-10-08 00:00:00,Headphones,West,Returning,1,Credit Card,18.93,Accessories,2500,2026.75,1255.28,771.47
14042,2027-10-08 06:00:00,Smart Watch,South,VIP,1,Debit Card,17.76,Wearables,5000,4112.0,3064.97,1047.03
14043,2027-10-08 12:00:00,Monitor,East,Returning,3,Credit Card,15.38,Electronics,12000,30463.2,25221.86,5241.34
14044,2027-10-08 18:00:00,Smart Watch,North,Returning,4,Cash,5.52,Wearables,5000,18896.0,14177.39,4718.61
14045,2027-10-09 00:00:00,Monitor,East,VIP,4,Cash,4.83,Electronics,12000,45681.6,30104.13,15577.47
14046,2027-10-09 06:00:00,Keyboard,East,VIP,5,Debit Card,16.77,Accessories,1500,6242.25,4245.07,1997.18
14047,2027-10-09 12:00:00,Mobile Phone,Central,Returning,1,Debit Card,3.63,Electronics,30000,28911.0,21850.64,7060.36
14048,2027-10-09 18:00:00,Mobile Phone,South,New,2,UPI,12.11,Electronics,30000,52734.0,39511.67,13222.33
14049,2027-10-10 00:00:00,Headphones,West,Returning,2,Credit Card,8.78,Accessories,2500,4561.0,3826.34,734.66
14050,2027-10-10 06:00:00,Smart Watch,West,New,3,UPI,9.36,Wearables,5000,13596.0,9955.96,3640.04
14051,2027-10-10 12:00:00,Smart Watch,Central,New,2,Debit Card,9.09,Wearables,5000,9091.0,6261.46,2829.54
14052,2027-10-10 18:00:00,Mouse,West,New,4,Debit Card,18.0,Accessories,800,2624.0,1918.8,705.2
14053,2027-10-11 00:00:00,Laptop,East,VIP,4,Net Banking,1.74,Electronics,60000,235824.0,187847.61,47976.39
14054,2027-10-11 06:00:00,Keyboard,Central,VIP,1,UPI,15.66,Accessories,1500,1265.1,929.96,335.14
14055,2027-10-11 12:00:00,Mobile Phone,North,VIP,3,Debit Card,16.7,Electronics,30000,74970.0,51093.04,23876.96
14056,2027-10-11 18:00:00,Keyboard,South,Returning,2,Cash,18.86,Accessories,1500,2434.2,1666.59,767.61
14057,2027-10-12 00:00:00,Mobile Phone,South,VIP,1,Net Banking,9.05,Electronics,30000,27285.0,21533.4,5751.6
14058,2027-10-12 06:00:00,Keyboard,South,VIP,5,Credit Card,10.0,Accessories,1500,6750.0,4162.13,2587.87
14059,2027-10-12 12:00:00,Tablet,East,Returning,5,Net Banking,19.23,Electronics,20000,80770.0,54010.0,26760.0
14060,2027-10-12 18:00:00,Monitor,North,Returning,2,Credit Card,9.17,Electronics,12000,21799.2,13913.54,7885.66
14061,2027-10-13 00:00:00,Mobile Phone,Central,New,2,Cash,10.07,Electronics,30000,53958.0,45118.0,8840.0
14062,2027-10-13 06:00:00,Keyboard,Central,Returning,2,Credit Card,6.65,Accessories,1500,2800.5,1743.38,1057.12
14063,2027-10-13 12:00:00,Smart Watch,South,Returning,4,UPI,0.63,Wearables,5000,19874.0,15691.44,4182.56
14064,2027-10-13 18:00:00,Laptop,North,VIP,2,Credit Card,8.66,Electronics,60000,109608.0,83039.72,26568.28
14065,2027-10-14 00:00:00,Tablet,North,New,5,Credit Card,13.1,Electronics,20000,86900.0,65887.68,21012.32
14066,2027-10-14 06:00:00,Tablet,North,New,2,Net Banking,13.8,Electronics,20000,34480.0,27268.79,7211.21
14067,2027-10-14 12:00:00,Laptop,West,Returning,3,Cash,0.13,Electronics,60000,179766.0,125858.13,53907.87
14068,2027-10-14 18:00:00,Keyboard,West,VIP,5,Credit Card,16.02,Accessories,1500,6298.5,4410.12,1888.38
14069,2027-10-15 00:00:00,Smart Watch,South,VIP,3,UPI,9.85,Wearables,5000,13522.5,9089.51,4432.99
14070,2027-10-15 06:00:00,Headphones,North,VIP,5,Net Banking,10.41,Accessories,2500,11198.75,8392.76,2805.99
14071,2027-10-15 12:00:00,Laptop,North,VIP,1,Cash,19.23,Electronics,60000,48462.0,40342.26,8119.74
14072,2027-10-15 18:00:00,Keyboard,Central,Returning,5,Cash,5.69,Accessories,1500,7073.25,5877.84,1195.41
14073,2027-10-16 00:00:00,Laptop,Central,VIP,5,Debit Card,15.23,Electronics,60000,254310.0,197278.48,57031.52
14074,2027-10-16 06:00:00,Laptop,South,New,3,UPI,11.5,Electronics,60000,159300.0,131668.85,27631.15
14075,2027-10-16 12:00:00,Mobile Phone,North,New,3,Net Banking,14.02,Electronics,30000,77382.0,65068.95,12313.05
14076,2027-10-16 18:00:00,Keyboard,South,Returning,5,Net Banking,8.36,Accessories,1500,6873.0,5489.99,1383.01
14077,2027-10-17 00:00:00,Headphones,Central,VIP,5,UPI,5.58,Accessories,2500,11802.5,8284.86,3517.64
14078,2027-10-17 06:00:00,Monitor,Central,VIP,4,Cash,10.92,Electronics,12000,42758.4,30820.52,11937.88
14079,2027-10-17 12:00:00,Mobile Phone,West,VIP,1,Credit Card,7.5,Electronics,30000,27750.0,23110.59,4639.41
14080,2027-10-17 18:00:00,Laptop,South,VIP,1,UPI,4.46,Electronics,60000,57324.0,43996.29,13327.71
14081,2027-10-18 00:00:00,Monitor,South,Returning,2,Net Banking,16.78,Electronics,12000,19972.8,16081.57,3891.23
14082,2027-10-18 06:00:00,Mouse,North,VIP,5,UPI,9.52,Accessories,800,3619.2,2276.58,1342.62
14083,2027-10-18 12:00:00,Monitor,North,Returning,5,Cash,16.95,Electronics,12000,49830.0,32313.53,17516.47
14084,2027-10-18 18:00:00,Laptop,West,VIP,5,Debit Card,9.48,Electronics,60000,271560.0,186297.52,85262.48
14085,2027-10-19 00:00:00,Laptop,East,VIP,5,Debit Card,11.14,Electronics,60000,266580.0,172493.3,94086.7
14086,2027-10-19 06:00:00,Smart Watch,East,New,1,Credit Card,19.91,Wearables,5000,4004.5,3310.18,694.32
14087,2027-10-19 12:00:00,Keyboard,East,Returning,3,Credit Card,19.03,Accessories,1500,3643.65,2383.76,1259.89
14088,2027-10-19 18:00:00,Keyboard,South,New,4,Cash,5.43,Accessories,1500,5674.2,4194.91,1479.29
14089,2027-10-20 00:00:00,Mobile Phone,South,Returning,3,Credit Card,17.37,Electronics,30000,74367.0,46208.94,28158.06
14090,2027-10-20 06:00:00,Headphones,Central,VIP,3,Debit Card,7.81,Accessories,2500,6914.25,4416.41,2497.84
14091,2027-10-20 12:00:00,Mobile Phone,South,VIP,1,Cash,1.42,Electronics,30000,29574.0,19573.66,10000.34
14092,2027-10-20 18:00:00,Tablet,South,Returning,4,Cash,11.52,Electronics,20000,70784.0,59863.68,10920.32
14093,2027-10-21 00:00:00,Laptop,South,New,5,Cash,19.54,Electronics,60000,241380.0,192926.81,48453.19
14094,2027-10-21 06:00:00,Monitor,West,Returning,1,UPI,19.49,Electronics,12000,9661.2,7423.56,2237.64
14095,2027-10-21 12:00:00,Mouse,South,Returning,1,Credit Card,2.53,Accessories,800,779.76,646.47,133.29
14096,2027-10-21 18:00:00,Laptop,North,VIP,4,Net Banking,15.42,Electronics,60000,202992.0,170320.88,32671.12
14097,2027-10-22 00:00:00,Laptop,North,New,2,Debit Card,16.06,Electronics,60000,100728.0,71858.67,28869.33
14098,2027-10-22 06:00:00,Mobile Phone,Central,Returning,1,Credit Card,7.37,Electronics,30000,27789.0,18949.94,8839.06
14099,2027-10-22 12:00:00,Mouse,West,New,3,Debit Card,13.17,Accessories,800,2083.92,1414.62,669.3
14100,2027-10-22 18:00:00,Mouse,North,New,3,Credit Card,9.76,Accessories,800,2165.76,1318.8,846.96
14101,2027-10-23 00:00:00,Mouse,West,Returning,5,Net Banking,4.56,Accessories,800,3817.6,2557.45,1260.15
14102,2027-10-23 06:00:00,Mobile Phone,West,New,1,Debit Card,15.23,Electronics,30000,25431.0,17515.89,7915.11
14103,2027-10-23 12:00:00,Laptop,Central,VIP,5,Net Banking,5.26,Electronics,60000,284220.0,173153.85,111066.15
14104,2027-10-23 18:00:00,Mobile Phone,West,VIP,1,Debit Card,6.81,Electronics,30000,27957.0,22942.95,5014.05
14105,2027-10-24 00:00:00,Keyboard,South,VIP,4,UPI,3.8,Accessories,1500,5772.0,4686.66,1085.34
14106,2027-10-24 06:00:00,Keyboard,West,VIP,1,UPI,14.39,Accessories,1500,1284.15,851.23,432.92
14107,2027-10-24 12:00:00,Mobile Phone,Central,New,2,Debit Card,9.17,Electronics,30000,54498.0,43633.26,10864.74
14108,2027-10-24 18:00:00,Mouse,Central,VIP,3,Debit Card,8.87,Accessories,800,2187.12,1747.62,439.5
14109,2027-10-25 00:00:00,Smart Watch,Central,Returning,4,Net Banking,12.09,Wearables,5000,17582.0,12021.75,5560.25
14110,2027-10-25 06:00:00,Laptop,North,VIP,3,Cash,3.15,Electronics,60000,174330.0,134977.97,39352.03
14111,2027-10-25 12:00:00,Mobile Phone,South,Returning,5,Debit Card,17.96,Electronics,30000,123060.0,82753.48,40306.52
14112,2027-10-25 18:00:00,Mobile Phone,North,Returning,4,Credit Card,9.3,Electronics,30000,108840.0,67216.22,41623.78
14113,2027-10-26 00:00:00,Mobile Phone,East,VIP,2,Credit Card,7.33,Electronics,30000,55602.0,40378.14,15223.86
14114,2027-10-26 06:00:00,Smart Watch,South,VIP,3,Credit Card,2.53,Wearables,5000,14620.5,10374.44,4246.06
14115,2027-10-26 12:00:00,Smart Watch,West,New,1,UPI,3.36,Wearables,5000,4832.0,3066.09,1765.91
14116,2027-10-26 18:00:00,Tablet,Central,Returning,1,Net Banking,18.41,Electronics,20000,16318.0,11792.01,4525.99
14117,2027-10-27 00:00:00,Keyboard,East,VIP,1,UPI,9.13,Accessories,1500,1363.05,1141.34,221.71
14118,2027-10-27 06:00:00,Monitor,South,New,4,Credit Card,14.44,Electronics,12000,41068.8,32150.64,8918.16
14119,2027-10-27 12:00:00,Mouse,North,VIP,2,Debit Card,1.61,Accessories,800,1574.24,1235.33,338.91
14120,2027-10-27 18:00:00,Headphones,Central,VIP,2,Credit Card,12.87,Accessories,2500,4356.5,3438.97,917.53
14121,2027-10-28 00:00:00,Smart Watch,North,VIP,2,Debit Card,18.43,Wearables,5000,8157.0,6412.69,1744.31
14122,2027-10-28 06:00:00,Monitor,South,Returning,3,Net Banking,6.0,Electronics,12000,33840.0,20472.37,13367.63
14123,2027-10-28 12:00:00,Smart Watch,South,VIP,4,Cash,11.58,Wearables,5000,17684.0,14698.46,2985.54
14124,2027-10-28 18:00:00,Mouse,East,New,1,Debit Card,18.8,Accessories,800,649.6,524.57,125.03
14125,2027-10-29 00:00:00,Headphones,West,VIP,3,UPI,14.39,Accessories,2500,6420.75,4293.2,2127.55
14126,2027-10-29 06:00:00,Tablet,North,VIP,2,Credit Card,1.25,Electronics,20000,39500.0,29158.34,10341.66
14127,2027-10-29 12:00:00,Mobile Phone,East,New,1,Credit Card,7.57,Electronics,30000,27729.0,20900.77,6828.23
14128,2027-10-29 18:00:00,Tablet,Central,New,4,Credit Card,1.72,Electronics,20000,78624.0,49767.91,28856.09
14129,2027-10-30 00:00:00,Smart Watch,West,Returning,5,Debit Card,17.23,Wearables,5000,20692.5,13729.28,6963.22
14130,2027-10-30 06:00:00,Tablet,East,Returning,2,Net Banking,12.43,Electronics,20000,35028.0,21220.4,13807.6
14131,2027-10-30 12:00:00,Monitor,North,Returning,2,Debit Card,19.13,Electronics,12000,19408.8,15837.35,3571.45
14132,2027-10-30 18:00:00,Laptop,South,Returning,2,UPI,0.4,Electronics,60000,119520.0,72456.16,47063.84
14133,2027-10-31 00:00:00,Smart Watch,Central,New,2,Credit Card,8.46,Wearables,5000,9154.0,6221.74,2932.26
14134,2027-10-31 06:00:00,Smart Watch,North,VIP,1,Debit Card,2.09,Wearables,5000,4895.5,3033.06,1862.44
14135,2027-10-31 12:00:00,Monitor,West,VIP,4,Credit Card,7.01,Electronics,12000,44635.2,35500.67,9134.53
14136,2027-10-31 18:00:00,Keyboard,West,VIP,3,UPI,3.24,Accessories,1500,4354.2,3619.41,734.79
14137,2027-11-01 00:00:00,Headphones,South,Returning,1,Cash,6.58,Accessories,2500,2335.5,1729.91,605.59
14138,2027-11-01 06:00:00,Mobile Phone,South,New,4,Cash,16.39,Electronics,30000,100332.0,63699.95,36632.05
14139,2027-11-01 12:00:00,Monitor,Central,New,3,Cash,3.21,Electronics,12000,34844.4,25768.84,9075.56
14140,2027-11-01 18:00:00,Headphones,Central,New,2,Credit Card,9.47,Accessories,2500,4526.5,3587.64,938.86
14141,2027-11-02 00:00:00,Mouse,South,VIP,4,Debit Card,18.43,Accessories,800,2610.24,2034.95,575.29
14142,2027-11-02 06:00:00,Headphones,South,Returning,2,Credit Card,19.98,Accessories,2500,4001.0,3142.5,858.5
14143,2027-11-02 12:00:00,Mouse,West,New,4,Net Banking,5.01,Accessories,800,3039.68,2035.96,1003.72
14144,2027-11-02 18:00:00,Monitor,South,Returning,5,Debit Card,18.71,Electronics,12000,48774.0,30163.52,18610.48
14145,2027-11-03 00:00:00,Smart Watch,East,New,2,UPI,5.23,Wearables,5000,9477.0,6039.13,3437.87
14146,2027-11-03 06:00:00,Smart Watch,North,Returning,2,Cash,8.27,Wearables,5000,9173.0,7695.02,1477.98
14147,2027-11-03 12:00:00,Keyboard,South,New,2,Debit Card,17.56,Accessories,1500,2473.2,1863.26,609.94
14148,2027-11-03 18:00:00,Monitor,Central,Returning,1,Debit Card,15.72,Electronics,12000,10113.6,7908.58,2205.02
14149,2027-11-04 00:00:00,Mouse,East,New,3,Cash,17.15,Accessories,800,1988.4,1639.97,348.43
14150,2027-11-04 06:00:00,Headphones,Central,New,2,UPI,16.01,Accessories,2500,4199.5,3414.99,784.51
14151,2027-11-04 12:00:00,Headphones,East,Returning,2,Credit Card,4.7,Accessories,2500,4765.0,3119.17,1645.83
14152,2027-11-04 18:00:00,Mouse,South,Returning,1,Credit Card,11.18,Accessories,800,710.56,436.65,273.91
14153,2027-11-05 00:00:00,Tablet,North,VIP,1,Debit Card,7.71,Electronics,20000,18458.0,15343.8,3114.2
14154,2027-11-05 06:00:00,Keyboard,Central,Returning,5,Cash,9.19,Accessories,1500,6810.75,5757.92,1052.83
14155,2027-11-05 12:00:00,Laptop,East,New,4,Net Banking,3.08,Electronics,60000,232608.0,172557.0,60051.0
14156,2027-11-05 18:00:00,Smart Watch,West,New,2,UPI,6.32,Wearables,5000,9368.0,7701.44,1666.56
14157,2027-11-06 00:00:00,Mobile Phone,South,Returning,4,Credit Card,17.15,Electronics,30000,99420.0,65413.79,34006.21
14158,2027-11-06 06:00:00,Headphones,North,VIP,1,UPI,17.95,Accessories,2500,2051.25,1287.69,763.56
14159,2027-11-06 12:00:00,Mobile Phone,South,Returning,1,UPI,12.2,Electronics,30000,26340.0,19095.29,7244.71
14160,2027-11-06 18:00:00,Laptop,West,New,5,UPI,9.97,Electronics,60000,270090.0,216827.13,53262.87
14161,2027-11-07 00:00:00,Monitor,North,New,3,Cash,14.26,Electronics,12000,30866.4,23571.54,7294.86
14162,2027-11-07 06:00:00,Mobile Phone,West,VIP,1,Cash,12.18,Electronics,30000,26346.0,20005.31,6340.69
14163,2027-11-07 12:00:00,Laptop,South,Returning,2,Cash,19.67,Electronics,60000,96396.0,58258.34,38137.66
14164,2027-11-07 18:00:00,Smart Watch,East,New,5,Debit Card,3.8,Wearables,5000,24050.0,16338.93,7711.07
14165,2027-11-08 00:00:00,Mouse,South,New,3,Cash,8.98,Accessories,800,2184.48,1823.77,360.71
14166,2027-11-08 06:00:00,Tablet,South,New,5,Debit Card,18.36,Electronics,20000,81640.0,51724.52,29915.48
14167,2027-11-08 12:00:00,Smart Watch,South,Returning,1,Credit Card,18.29,Wearables,5000,4085.5,3193.19,892.31
14168,2027-11-08 18:00:00,Headphones,Central,Returning,3,Credit Card,9.91,Accessories,2500,6756.75,5336.67,1420.08
14169,2027-11-09 00:00:00,Laptop,West,VIP,4,Credit Card,2.7,Electronics,60000,233520.0,182894.8,50625.2
14170,2027-11-09 06:00:00,Mobile Phone,West,New,3,Credit Card,16.3,Electronics,30000,75330.0,63828.71,11501.29
14171,2027-11-09 12:00:00,Headphones,West,New,2,Credit Card,11.7,Accessories,2500,4415.0,3100.66,1314.34
14172,2027-11-09 18:00:00,Tablet,Central,VIP,4,Cash,15.46,Electronics,20000,67632.0,52113.73,15518.27
14173,2027-11-10 00:00:00,Mouse,East,New,4,Net Banking,9.25,Accessories,800,2904.0,1882.99,1021.01
14174,2027-11-10 06:00:00,Monitor,South,VIP,2,Cash,4.08,Electronics,12000,23020.8,16112.89,6907.91
14175,2027-11-10 12:00:00,Headphones,East,VIP,4,Net Banking,0.48,Accessories,2500,9952.0,7194.2,2757.8
14176,2027-11-10 18:00:00,Monitor,Central,New,1,Cash,11.18,Electronics,12000,10658.4,6967.47,3690.93
14177,2027-11-11 00:00:00,Laptop,West,Returning,3,Credit Card,3.22,Electronics,60000,174204.0,144014.91,30189.09
14178,2027-11-11 06:00:00,Tablet,South,Returning,3,UPI,3.74,Electronics,20000,57756.0,44994.78,12761.22
14179,2027-11-11 12:00:00,Mobile Phone,North,Returning,2,Net Banking,8.73,Electronics,30000,54762.0,36741.99,18020.01
14180,2027-11-11 18:00:00,Tablet,North,Returning,1,UPI,8.84,Electronics,20000,18232.0,11554.33,6677.67
14181,2027-11-12 00:00:00,Tablet,East,New,4,Credit Card,5.49,Electronics,20000,75608.0,50806.07,24801.93
14182,2027-11-12 06:00:00,Keyboard,West,VIP,3,Net Banking,2.64,Accessories,1500,4381.2,3311.08,1070.12
14183,2027-11-12 12:00:00,Tablet,North,VIP,3,UPI,18.9,Electronics,20000,48660.0,39249.26,9410.74
14184,2027-11-12 18:00:00,Tablet,East,New,3,Cash,2.63,Electronics,20000,58422.0,42402.22,16019.78
14185,2027-11-13 00:00:00,Smart Watch,Central,Returning,3,Credit Card,7.02,Wearables,5000,13947.0,8725.57,5221.43
14186,2027-11-13 06:00:00,Headphones,East,VIP,5,Cash,6.1,Accessories,2500,11737.5,7774.08,3963.42
14187,2027-11-13 12:00:00,Mobile Phone,East,New,2,Cash,17.33,Electronics,30000,49602.0,34041.16,15560.84
14188,2027-11-13 18:00:00,Smart Watch,East,New,4,Credit Card,8.2,Wearables,5000,18360.0,13935.87,4424.13
14189,2027-11-14 00:00:00,Smart Watch,South,Returning,4,Net Banking,2.48,Wearables,5000,19504.0,12905.03,6598.97
14190,2027-11-14 06:00:00,Headphones,East,New,2,Debit Card,0.21,Accessories,2500,4989.5,3285.5,1704.0
14191,2027-11-14 12:00:00,Headphones,East,VIP,1,Debit Card,14.44,Accessories,2500,2139.0,1436.45,702.55
14192,2027-11-14 18:00:00,Laptop,South,VIP,2,Credit Card,14.29,Electronics,60000,102852.0,76946.9,25905.1
14193,2027-11-15 00:00:00,Headphones,South,New,3,Debit Card,8.36,Accessories,2500,6873.0,4970.26,1902.74
14194,2027-11-15 06:00:00,Keyboard,Central,VIP,3,UPI,2.53,Accessories,1500,4386.15,3554.58,831.57
14195,2027-11-15 12:00:00,Keyboard,West,New,2,Net Banking,7.43,Accessories,1500,2777.1,2150.82,626.28
14196,2027-11-15 18:00:00,Smart Watch,North,VIP,2,Cash,11.8,Wearables,5000,8820.0,6762.34,2057.66
14197,2027-11-16 00:00:00,Monitor,North,Returning,4,Cash,14.08,Electronics,12000,41241.6,26339.46,14902.14
14198,2027-11-16 06:00:00,Laptop,East,VIP,4,Credit Card,1.56,Electronics,60000,236256.0,145015.57,91240.43
14199,2027-11-16 12:00:00,Monitor,Central,Returning,5,Cash,11.13,Electronics,12000,53322.0,38791.74,14530.26
14200,2027-11-16 18:00:00,Monitor,East,Returning,5,UPI,5.52,Electronics,12000,56688.0,35028.11,21659.89
14201,2027-11-17 00:00:00,Smart Watch,North,New,3,UPI,12.35,Wearables,5000,13147.5,9084.98,4062.52
14202,2027-11-17 06:00:00,Mouse,South,Returning,5,Credit Card,12.96,Accessories,800,3481.6,2111.69,1369.91
14203,2027-11-17 12:00:00,Smart Watch,West,VIP,5,Cash,18.21,Wearables,5000,20447.5,13172.33,7275.17
14204,2027-11-17 18:00:00,Mobile Phone,Central,VIP,1,Debit Card,8.21,Electronics,30000,27537.0,17282.0,10255.0
14205,2027-11-18 00:00:00,Mobile Phone,South,Returning,2,Debit Card,10.75,Electronics,30000,53550.0,42853.19,10696.81
14206,2027-11-18 06:00:00,Headphones,West,New,4,Net Banking,5.36,Accessories,2500,9464.0,6497.33,2966.67
14207,2027-11-18 12:00:00,Headphones,Central,Returning,5,Credit Card,5.73,Accessories,2500,11783.75,7302.53,4481.22
14208,2027-11-18 18:00:00,Mouse,Central,VIP,4,Net Banking,0.92,Accessories,800,3170.56,2112.77,1057.79
14209,2027-11-19 00:00:00,Headphones,North,VIP,5,Debit Card,5.72,Accessories,2500,11785.0,9082.72,2702.28
14210,2027-11-19 06:00:00,Mobile Phone,South,Returning,5,Debit Card,1.28,Electronics,30000,148080.0,116451.42,31628.58
14211,2027-11-19 12:00:00,Monitor,Central,Returning,3,Debit Card,19.28,Electronics,12000,29059.2,18306.32,10752.88
14212,2027-11-19 18:00:00,Smart Watch,Central,Returning,1,Net Banking,12.49,Wearables,5000,4375.5,3476.95,898.55
14213,2027-11-20 00:00:00,Tablet,West,VIP,2,Credit Card,3.46,Electronics,20000,38616.0,26746.98,11869.02
14214,2027-11-20 06:00:00,Keyboard,North,VIP,2,UPI,2.34,Accessories,1500,2929.8,2255.49,674.31
14215,2027-11-20 12:00:00,Tablet,East,VIP,3,UPI,7.4,Electronics,20000,55560.0,42663.24,12896.76
14216,2027-11-20 18:00:00,Tablet,North,New,3,Debit Card,6.15,Electronics,20000,56310.0,44957.8,11352.2
14217,2027-11-21 00:00:00,Mobile Phone,East,VIP,2,Credit Card,5.59,Electronics,30000,56646.0,43860.75,12785.25
14218,2027-11-21 06:00:00,Tablet,South,VIP,2,Credit Card,9.36,Electronics,20000,36256.0,22105.9,14150.1
14219,2027-11-21 12:00:00,Smart Watch,South,New,1,Cash,18.26,Wearables,5000,4087.0,2982.98,1104.02
14220,2027-11-21 18:00:00,Mouse,Central,New,5,Cash,11.36,Accessories,800,3545.6,2274.66,1270.94
14221,2027-11-22 00:00:00,Laptop,South,New,1,Net Banking,10.42,Electronics,60000,53748.0,45282.21,8465.79
14222,2027-11-22 06:00:00,Headphones,Central,New,2,Cash,16.13,Accessories,2500,4193.5,2784.31,1409.19
14223,2027-11-22 12:00:00,Laptop,North,New,5,Net Banking,0.08,Electronics,60000,299760.0,211338.84,88421.16
14224,2027-11-22 18:00:00,Monitor,South,New,2,UPI,3.95,Electronics,12000,23052.0,14964.79,8087.21
14225,2027-11-23 00:00:00,Smart Watch,North,Returning,1,Debit Card,9.92,Wearables,5000,4504.0,2853.95,1650.05
14226,2027-11-23 06:00:00,Smart Watch,North,Returning,1,Credit Card,14.11,Wearables,5000,4294.5,3221.87,1072.63
14227,2027-11-23 12:00:00,Keyboard,South,Returning,1,UPI,9.7,Accessories,1500,1354.5,979.7,374.8
14228,2027-11-23 18:00:00,Smart Watch,North,Returning,5,UPI,3.27,Wearables,5000,24182.5,16774.55,7407.95
14229,2027-11-24 00:00:00,Headphones,South,VIP,4,Net Banking,18.6,Accessories,2500,8140.0,5057.83,3082.17
14230,2027-11-24 06:00:00,Smart Watch,South,New,4,Debit Card,6.57,Wearables,5000,18686.0,14649.63,4036.37
14231,2027-11-24 12:00:00,Tablet,South,VIP,2,Net Banking,15.76,Electronics,20000,33696.0,20266.93,13429.07
14232,2027-11-24 18:00:00,Keyboard,East,New,5,UPI,17.83,Accessories,1500,6162.75,4402.76,1759.99
14233,2027-11-25 00:00:00,Headphones,North,New,3,Credit Card,6.93,Accessories,2500,6980.25,5292.03,1688.22
14234,2027-11-25 06:00:00,Mouse,West,VIP,4,Cash,16.91,Accessories,800,2658.88,1881.63,777.25
14235,2027-11-25 12:00:00,Mouse,South,Returning,5,Net Banking,14.22,Accessories,800,3431.2,2166.98,1264.22
14236,2027-11-25 18:00:00,Mouse,North,VIP,5,UPI,18.09,Accessories,800,3276.4,2603.3,673.1
14237,2027-11-26 00:00:00,Mouse,Central,VIP,4,Cash,5.03,Accessories,800,3039.04,2069.54,969.5
14238,2027-11-26 06:00:00,Tablet,South,New,5,Cash,18.63,Electronics,20000,81370.0,51563.26,29806.74
14239,2027-11-26 12:00:00,Smart Watch,South,New,5,UPI,1.31,Wearables,5000,24672.5,18197.61,6474.89
14240,2027-11-26 18:00:00,Laptop,West,New,4,Debit Card,15.87,Electronics,60000,201912.0,122114.94,79797.06
14241,2027-11-27 00:00:00,Headphones,East,Returning,1,UPI,8.71,Accessories,2500,2282.25,1554.25,728.0
14242,2027-11-27 06:00:00,Tablet,East,VIP,2,Credit Card,3.56,Electronics,20000,38576.0,30384.8,8191.2
14243,2027-11-27 12:00:00,Mouse,South,VIP,3,Cash,1.59,Accessories,800,2361.84,1956.02,405.82
14244,2027-11-27 18:00:00,Monitor,North,Returning,2,Credit Card,7.79,Electronics,12000,22130.4,16552.03,5578.37
14245,2027-11-28 00:00:00,Smart Watch,Central,VIP,1,Net Banking,7.79,Wearables,5000,4610.5,3017.12,1593.38
14246,2027-11-28 06:00:00,Laptop,Central,VIP,1,Cash,4.6,Electronics,60000,57240.0,37492.2,19747.8
14247,2027-11-28 12:00:00,Monitor,North,New,5,Debit Card,4.31,Electronics,12000,57414.0,43116.07,14297.93
14248,2027-11-28 18:00:00,Keyboard,South,Returning,2,UPI,7.99,Accessories,1500,2760.3,1936.88,823.42
14249,2027-11-29 00:00:00,Monitor,Central,New,1,Net Banking,8.2,Electronics,12000,11016.0,7097.79,3918.21
14250,2027-11-29 06:00:00,Keyboard,East,Returning,2,Credit Card,8.85,Accessories,1500,2734.5,2178.98,555.52
14251,2027-11-29 12:00:00,Keyboard,North,New,1,Net Banking,17.38,Accessories,1500,1239.3,805.62,433.68
14252,2027-11-29 18:00:00,Mouse,West,VIP,3,Debit Card,12.23,Accessories,800,2106.48,1433.27,673.21
14253,2027-11-30 00:00:00,Keyboard,South,Returning,1,UPI,0.41,Accessories,1500,1493.85,919.25,574.6
14254,2027-11-30 06:00:00,Mobile Phone,North,Returning,2,Net Banking,10.38,Electronics,30000,53772.0,41691.75,12080.25
14255,2027-11-30 12:00:00,Headphones,Central,New,5,Credit Card,15.25,Accessories,2500,10593.75,7085.31,3508.44
14256,2027-11-30 18:00:00,Headphones,South,Returning,2,Net Banking,1.13,Accessories,2500,4943.5,3253.89,1689.61
14257,2027-12-01 00:00:00,Mouse,East,VIP,4,UPI,8.45,Accessories,800,2929.6,1979.94,949.66
14258,2027-12-01 06:00:00,Mobile Phone,South,VIP,2,Net Banking,9.02,Electronics,30000,54588.0,44682.06,9905.94
14259,2027-12-01 12:00:00,Monitor,South,VIP,3,Credit Card,19.08,Electronics,12000,29131.2,21251.35,7879.85
14260,2027-12-01 18:00:00,Tablet,East,New,3,UPI,9.51,Electronics,20000,54294.0,34719.45,19574.55
14261,2027-12-02 00:00:00,Monitor,East,Returning,3,Debit Card,15.0,Electronics,12000,30600.0,24284.78,6315.22
14262,2027-12-02 06:00:00,Smart Watch,South,New,1,Debit Card,6.06,Wearables,5000,4697.0,3062.98,1634.02
14263,2027-12-02 12:00:00,Tablet,East,VIP,3,Cash,15.59,Electronics,20000,50646.0,35610.17,15035.83
14264,2027-12-02 18:00:00,Keyboard,North,Returning,2,Net Banking,6.45,Accessories,1500,2806.5,2082.48,724.02
14265,2027-12-03 00:00:00,Laptop,East,VIP,5,Credit Card,8.6,Electronics,60000,274200.0,204583.56,69616.44
14266,2027-12-03 06:00:00,Tablet,East,Returning,3,Net Banking,9.59,Electronics,20000,54246.0,33483.78,20762.22
14267,2027-12-03 12:00:00,Laptop,South,Returning,2,UPI,18.53,Electronics,60000,97764.0,79110.74,18653.26
14268,2027-12-03 18:00:00,Headphones,North,New,1,Cash,1.07,Accessories,2500,2473.25,1780.39,692.86
14269,2027-12-04 00:00:00,Laptop,West,Returning,1,Credit Card,3.94,Electronics,60000,57636.0,48835.86,8800.14
14270,2027-12-04 06:00:00,Headphones,West,VIP,5,Net Banking,14.11,Accessories,2500,10736.25,8367.41,2368.84
14271,2027-12-04 12:00:00,Mobile Phone,Central,Returning,5,Credit Card,11.55,Electronics,30000,132675.0,112527.27,20147.73
14272,2027-12-04 18:00:00,Mobile Phone,East,VIP,2,UPI,5.03,Electronics,30000,56982.0,40649.18,16332.82
14273,2027-12-05 00:00:00,Mouse,East,New,5,Cash,5.78,Accessories,800,3768.8,2393.92,1374.88
14274,2027-12-05 06:00:00,Mouse,North,VIP,5,Credit Card,7.35,Accessories,800,3706.0,2897.45,808.55
14275,2027-12-05 12:00:00,Keyboard,West,Returning,1,UPI,9.01,Accessories,1500,1364.85,1084.29,280.56
14276,2027-12-05 18:00:00,Tablet,Central,VIP,2,Debit Card,16.36,Electronics,20000,33456.0,27206.71,6249.29
14277,2027-12-06 00:00:00,Keyboard,North,VIP,5,Credit Card,0.28,Accessories,1500,7479.0,5051.03,2427.97
14278,2027-12-06 06:00:00,Headphones,East,Returning,2,Cash,17.96,Accessories,2500,4102.0,2984.91,1117.09
14279,2027-12-06 12:00:00,Keyboard,West,VIP,3,Credit Card,8.26,Accessories,1500,4128.3,3361.99,766.31
14280,2027-12-06 18:00:00,Laptop,Central,Returning,1,Credit Card,4.61,Electronics,60000,57234.0,46713.48,10520.52
14281,2027-12-07 00:00:00,Headphones,South,New,1,UPI,10.17,Accessories,2500,2245.75,1361.87,883.88
14282,2027-12-07 06:00:00,Mouse,West,VIP,1,Net Banking,13.19,Accessories,800,694.48,533.17,161.31
14283,2027-12-07 12:00:00,Mobile Phone,Central,New,4,Net Banking,0.9,Electronics,30000,118920.0,89240.16,29679.84
14284,2027-12-07 18:00:00,Mouse,North,VIP,2,Credit Card,14.32,Accessories,800,1370.88,851.09,519.79
14285,2027-12-08 00:00:00,Tablet,South,VIP,3,Cash,15.22,Electronics,20000,50868.0,42349.34,8518.66
14286,2027-12-08 06:00:00,Headphones,Central,New,5,Cash,3.32,Accessories,2500,12085.0,8596.58,3488.42
14287,2027-12-08 12:00:00,Headphones,Central,VIP,3,UPI,3.36,Accessories,2500,7248.0,5570.55,1677.45
14288,2027-12-08 18:00:00,Laptop,East,VIP,2,Credit Card,4.08,Electronics,60000,115104.0,94465.79,20638.21
14289,2027-12-09 00:00:00,Tablet,West,New,1,Credit Card,15.93,Electronics,20000,16814.0,10635.36,6178.64
14290,2027-12-09 06:00:00,Mobile Phone,East,VIP,4,Net Banking,5.44,Electronics,30000,113472.0,92361.76,21110.24
14291,2027-12-09 12:00:00,Monitor,South,Returning,2,UPI,15.92,Electronics,12000,20179.2,15761.5,4417.7
14292,2027-12-09 18:00:00,Headphones,Central,VIP,2,Debit Card,10.81,Accessories,2500,4459.5,3611.74,847.76
14293,2027-12-10 00:00:00,Headphones,East,VIP,5,Cash,15.34,Accessories,2500,10582.5,7658.65,2923.85
14294,2027-12-10 06:00:00,Laptop,West,VIP,3,Cash,11.07,Electronics,60000,160074.0,97384.41,62689.59
14295,2027-12-10 12:00:00,Keyboard,South,New,3,Credit Card,6.72,Accessories,1500,4197.6,3222.2,975.4
14296,2027-12-10 18:00:00,Smart Watch,North,Returning,5,UPI,18.21,Wearables,5000,20447.5,14183.06,6264.44
14297,2027-12-11 00:00:00,Mobile Phone,East,Returning,4,Debit Card,14.31,Electronics,30000,102828.0,72041.7,30786.3
14298,2027-12-11 06:00:00,Mouse,South,VIP,1,Cash,9.68,Accessories,800,722.56,513.25,209.31
14299,2027-12-11 12:00:00,Tablet,North,New,1,UPI,12.75,Electronics,20000,17450.0,12620.32,4829.68
14300,2027-12-11 18:00:00,Headphones,East,New,4,Debit Card,12.32,Accessories,2500,8768.0,6711.76,2056.24
14301,2027-12-12 00:00:00,Headphones,South,Returning,5,Credit Card,7.16,Accessories,2500,11605.0,9071.56,2533.44
14302,2027-12-12 06:00:00,Mouse,South,New,2,Net Banking,8.48,Accessories,800,1464.32,1162.98,301.34
14303,2027-12-12 12:00:00,Mobile Phone,East,VIP,3,Cash,6.37,Electronics,30000,84267.0,64708.76,19558.24
14304,2027-12-12 18:00:00,Smart Watch,South,VIP,2,Cash,19.99,Wearables,5000,8001.0,6407.76,1593.24
14305,2027-12-13 00:00:00,Keyboard,Central,New,3,Debit Card,11.6,Accessories,1500,3978.0,2508.28,1469.72
14306,2027-12-13 06:00:00,Headphones,East,VIP,2,Net Banking,1.84,Accessories,2500,4908.0,3971.58,936.42
14307,2027-12-13 12:00:00,Smart Watch,South,Returning,5,UPI,10.38,Wearables,5000,22405.0,15612.25,6792.75
14308,2027-12-13 18:00:00,Mobile Phone,North,VIP,5,Credit Card,1.0,Electronics,30000,148500.0,108730.83,39769.17
14309,2027-12-14 00:00:00,Mouse,North,New,4,UPI,5.77,Accessories,800,3015.36,2136.22,879.14
14310,2027-12-14 06:00:00,Laptop,Central,Returning,2,Debit Card,8.92,Electronics,60000,109296.0,78576.1,30719.9
14311,2027-12-14 12:00:00,Keyboard,East,VIP,2,Cash,10.69,Accessories,1500,2679.3,1798.77,880.53
14312,2027-12-14 18:00:00,Tablet,South,Returning,4,Cash,19.52,Electronics,20000,64384.0,41365.93,23018.07
14313,2027-12-15 00:00:00,Headphones,South,New,4,UPI,19.64,Accessories,2500,8036.0,5032.33,3003.67
14314,2027-12-15 06:00:00,Mobile Phone,North,VIP,5,Credit Card,1.96,Electronics,30000,147060.0,104831.68,42228.32
14315,2027-12-15 12:00:00,Laptop,Central,VIP,5,Debit Card,10.76,Electronics,60000,267720.0,169015.72,98704.28
14316,2027-12-15 18:00:00,Tablet,North,Returning,2,Credit Card,16.34,Electronics,20000,33464.0,22127.97,11336.03
14317,2027-12-16 00:00:00,Monitor,North,VIP,5,Debit Card,4.75,Electronics,12000,57150.0,36199.04,20950.96
14318,2027-12-16 06:00:00,Mobile Phone,Central,VIP,5,Credit Card,15.01,Electronics,30000,127485.0,79968.83,47516.17
14319,2027-12-16 12:00:00,Mobile Phone,East,VIP,2,UPI,17.57,Electronics,30000,49458.0,40585.99,8872.01
14320,2027-12-16 18:00:00,Tablet,South,VIP,4,Net Banking,13.25,Electronics,20000,69400.0,53334.35,16065.65
14321,2027-12-17 00:00:00,Laptop,East,New,2,Debit Card,6.55,Electronics,60000,112140.0,93181.59,18958.41
14322,2027-12-17 06:00:00,Monitor,West,VIP,1,UPI,18.46,Electronics,12000,9784.8,7446.26,2338.54
14323,2027-12-17 12:00:00,Smart Watch,West,Returning,2,Cash,17.67,Wearables,5000,8233.0,6676.86,1556.14
14324,2027-12-17 18:00:00,Smart Watch,West,New,1,Cash,14.32,Wearables,5000,4284.0,3165.12,1118.88
14325,2027-12-18 00:00:00,Mouse,Central,Returning,2,Credit Card,7.27,Accessories,800,1483.68,1061.81,421.87
14326,2027-12-18 06:00:00,Laptop,North,Returning,1,Cash,15.84,Electronics,60000,50496.0,36969.1,13526.9
14327,2027-12-18 12:00:00,Keyboard,East,Returning,1,Net Banking,6.32,Accessories,1500,1405.2,955.62,449.58
14328,2027-12-18 18:00:00,Headphones,South,New,2,Debit Card,5.06,Accessories,2500,4747.0,3629.05,1117.95
14329,2027-12-19 00:00:00,Tablet,West,New,5,Credit Card,10.3,Electronics,20000,89700.0,73939.15,15760.85
14330,2027-12-19 06:00:00,Mouse,East,New,3,Debit Card,19.94,Accessories,800,1921.44,1528.68,392.76
14331,2027-12-19 12:00:00,Monitor,West,VIP,5,Debit Card,16.09,Electronics,12000,50346.0,36022.56,14323.44
14332,2027-12-19 18:00:00,Tablet,West,Returning,1,UPI,14.6,Electronics,20000,17080.0,14321.23,2758.77
14333,2027-12-20 00:00:00,Tablet,South,New,2,Cash,9.04,Electronics,20000,36384.0,30793.81,5590.19
14334,2027-12-20 06:00:00,Laptop,Central,Returning,2,Debit Card,6.24,Electronics,60000,112512.0,81377.13,31134.87
14335,2027-12-20 12:00:00,Headphones,North,New,2,Net Banking,17.12,Accessories,2500,4144.0,3382.17,761.83
14336,2027-12-20 18:00:00,Keyboard,Central,New,2,Net Banking,11.35,Accessories,1500,2659.5,1598.87,1060.63
14337,2027-12-21 00:00:00,Smart Watch,East,New,3,Cash,16.27,Wearables,5000,12559.5,7744.99,4814.51
14338,2027-12-21 06:00:00,Mobile Phone,Central,Returning,4,Cash,9.76,Electronics,30000,108288.0,65578.93,42709.07
14339,2027-12-21 12:00:00,Mobile Phone,East,VIP,1,Credit Card,15.08,Electronics,30000,25476.0,20209.88,5266.12
14340,2027-12-21 18:00:00,Tablet,East,New,3,Credit Card,17.35,Electronics,20000,49590.0,30743.06,18846.94
14341,2027-12-22 00:00:00,Smart Watch,North,New,5,Credit Card,7.83,Wearables,5000,23042.5,13923.72,9118.78
14342,2027-12-22 06:00:00,Smart Watch,South,New,4,Cash,0.27,Wearables,5000,19946.0,12702.7,7243.3
14343,2027-12-22 12:00:00,Headphones,North,VIP,4,Debit Card,5.1,Accessories,2500,9490.0,6420.68,3069.32
14344,2027-12-22 18:00:00,Monitor,Central,Returning,2,UPI,18.3,Electronics,12000,19608.0,14042.76,5565.24
14345,2027-12-23 00:00:00,Monitor,East,Returning,3,Credit Card,13.75,Electronics,12000,31050.0,19137.69,11912.31
14346,2027-12-23 06:00:00,Mouse,West,Returning,5,UPI,14.74,Accessories,800,3410.4,2471.67,938.73
14347,2027-12-23 12:00:00,Laptop,West,Returning,2,Net Banking,6.51,Electronics,60000,112188.0,74270.18,37917.82
14348,2027-12-23 18:00:00,Headphones,East,New,2,Cash,14.03,Accessories,2500,4298.5,2873.95,1424.55
14349,2027-12-24 00:00:00,Headphones,North,VIP,1,Net Banking,12.93,Accessories,2500,2176.75,1753.32,423.43
14350,2027-12-24 06:00:00,Laptop,South,New,4,Credit Card,3.57,Electronics,60000,231432.0,195960.62,35471.38
14351,2027-12-24 12:00:00,Smart Watch,North,VIP,5,Debit Card,19.37,Wearables,5000,20157.5,14432.08,5725.42
14352,2027-12-24 18:00:00,Monitor,East,Returning,4,Credit Card,7.08,Electronics,12000,44601.6,30348.83,14252.77
14353,2027-12-25 00:00:00,Monitor,East,VIP,3,UPI,6.59,Electronics,12000,33627.6,28007.15,5620.45
14354,2027-12-25 06:00:00,Smart Watch,South,New,1,Credit Card,7.38,Wearables,5000,4631.0,3357.99,1273.01
14355,2027-12-25 12:00:00,Monitor,Central,New,2,Debit Card,1.83,Electronics,12000,23560.8,18438.41,5122.39
14356,2027-12-25 18:00:00,Tablet,Central,Returning,1,Debit Card,12.5,Electronics,20000,17500.0,12310.11,5189.89
14357,2027-12-26 00:00:00,Headphones,South,New,2,Cash,4.77,Accessories,2500,4761.5,3098.01,1663.49
14358,2027-12-26 06:00:00,Mobile Phone,Central,New,1,Cash,16.07,Electronics,30000,25179.0,19229.74,5949.26
14359,2027-12-26 12:00:00,Laptop,West,VIP,2,Debit Card,7.88,Electronics,60000,110544.0,84699.99,25844.01
14360,2027-12-26 18:00:00,Monitor,Central,New,4,Debit Card,9.17,Electronics,12000,43598.4,31174.86,12423.54
14361,2027-12-27 00:00:00,Mouse,Central,Returning,4,UPI,12.93,Accessories,800,2786.24,1859.78,926.46
14362,2027-12-27 06:00:00,Monitor,Central,Returning,4,Credit Card,15.24,Electronics,12000,40684.8,32871.42,7813.38
14363,2027-12-27 12:00:00,Monitor,West,New,4,Cash,4.62,Electronics,12000,45782.4,30620.62,15161.78
14364,2027-12-27 18:00:00,Keyboard,Central,Returning,1,UPI,19.33,Accessories,1500,1210.05,925.39,284.66
14365,2027-12-28 00:00:00,Tablet,West,VIP,2,Credit Card,12.45,Electronics,20000,35020.0,24373.79,10646.21
14366,2027-12-28 06:00:00,Laptop,South,VIP,4,Cash,0.11,Electronics,60000,239736.0,172159.26,67576.74
14367,2027-12-28 12:00:00,Keyboard,North,New,1,UPI,8.31,Accessories,1500,1375.35,897.9,477.45
14368,2027-12-28 18:00:00,Keyboard,South,New,2,Net Banking,8.74,Accessories,1500,2737.8,2087.22,650.58
14369,2027-12-29 00:00:00,Mouse,North,VIP,1,Net Banking,16.18,Accessories,800,670.56,440.19,230.37
14370,2027-12-29 06:00:00,Headphones,South,Returning,4,Cash,6.1,Accessories,2500,9390.0,6774.21,2615.79
14371,2027-12-29 12:00:00,Mouse,North,New,3,UPI,6.62,Accessories,800,2241.12,1528.7,712.42
14372,2027-12-29 18:00:00,Headphones,North,New,1,Credit Card,1.41,Accessories,2500,2464.75,2072.61,392.14
14373,2027-12-30 00:00:00,Headphones,East,Returning,4,Credit Card,5.67,Accessories,2500,9433.0,7976.12,1456.88
14374,2027-12-30 06:00:00,Laptop,North,New,5,UPI,14.34,Electronics,60000,256980.0,202596.05,54383.95
14375,2027-12-30 12:00:00,Monitor,North,Returning,2,Net Banking,12.7,Electronics,12000,20952.0,17724.96,3227.04
14376,2027-12-30 18:00:00,Laptop,East,Returning,4,UPI,1.63,Electronics,60000,236088.0,148354.79,87733.21
14377,2027-12-31 00:00:00,Tablet,Central,Returning,5,Net Banking,2.29,Electronics,20000,97710.0,82866.01,14843.99
14378,2027-12-31 06:00:00,Headphones,Central,Returning,1,Net Banking,7.54,Accessories,2500,2311.5,1446.74,864.76
14379,2027-12-31 12:00:00,Keyboard,East,Returning,1,Credit Card,14.88,Accessories,1500,1276.8,898.69,378.11
14380,2027-12-31 18:00:00,Monitor,West,VIP,5,Cash,16.66,Electronics,12000,50004.0,32989.48,17014.52
14381,2028-01-01 00:00:00,Mobile Phone,North,Returning,5,Debit Card,0.29,Electronics,30000,149565.0,125404.49,24160.51
14382,2028-01-01 06:00:00,Tablet,North,VIP,2,UPI,6.58,Electronics,20000,37368.0,28360.35,9007.65
14383,2028-01-01 12:00:00,Laptop,East,Returning,1,Net Banking,8.49,Electronics,60000,54906.0,41140.07,13765.93
14384,2028-01-01 18:00:00,Mouse,East,New,5,UPI,18.22,Accessories,800,3271.2,2778.43,492.77
14385,2028-01-02 00:00:00,Tablet,West,VIP,3,Cash,10.03,Electronics,20000,53982.0,40654.2,13327.8
14386,2028-01-02 06:00:00,Tablet,Central,New,3,Cash,5.39,Electronics,20000,56766.0,43229.58,13536.42
14387,2028-01-02 12:00:00,Monitor,South,Returning,5,Debit Card,7.8,Electronics,12000,55320.0,33811.23,21508.77
14388,2028-01-02 18:00:00,Tablet,Central,Returning,2,Debit Card,8.73,Electronics,20000,36508.0,29745.35,6762.65
14389,2028-01-03 00:00:00,Tablet,North,New,1,Net Banking,13.4,Electronics,20000,17320.0,14592.49,2727.51
14390,2028-01-03 06:00:00,Mobile Phone,East,Returning,3,Debit Card,0.82,Electronics,30000,89262.0,74987.02,14274.98
14391,2028-01-03 12:00:00,Smart Watch,West,New,5,Net Banking,7.79,Wearables,5000,23052.5,15105.76,7946.74
14392,2028-01-03 18:00:00,Mouse,Central,Returning,5,Credit Card,12.93,Accessories,800,3482.8,2286.38,1196.42
14393,2028-01-04 00:00:00,Mouse,West,Returning,4,Net Banking,5.67,Accessories,800,3018.56,2087.37,931.19
14394,2028-01-04 06:00:00,Mouse,Central,VIP,5,Debit Card,11.84,Accessories,800,3526.4,2389.32,1137.08
14395,2028-01-04 12:00:00,Headphones,North,New,2,UPI,7.15,Accessories,2500,4642.5,3140.2,1502.3
14396,2028-01-04 18:00:00,Keyboard,South,Returning,3,Debit Card,15.17,Accessories,1500,3817.35,2867.99,949.36
14397,2028-01-05 00:00:00,Smart Watch,West,New,4,Cash,1.21,Wearables,5000,19758.0,15834.1,3923.9
14398,2028-01-05 06:00:00,Mouse,West,VIP,3,Debit Card,18.36,Accessories,800,1959.36,1634.48,324.88
14399,2028-01-05 12:00:00,Tablet,South,New,3,Credit Card,3.43,Electronics,20000,57942.0,35748.19,22193.81
14400,2028-01-05 18:00:00,Tablet,West,VIP,2,Net Banking,3.17,Electronics,20000,38732.0,25930.87,12801.13
14401,2028-01-06 00:00:00,Mouse,West,New,5,Cash,16.81,Accessories,800,3327.6,2208.71,1118.89
14402,2028-01-06 06:00:00,Monitor,Central,New,2,Net Banking,17.39,Electronics,12000,19826.4,13667.53,6158.87
14403,2028-01-06 12:00:00,Mouse,Central,VIP,5,Net Banking,1.86,Accessories,800,3925.6,2771.8,1153.8
14404,2028-01-06 18:00:00,Tablet,South,Returning,4,Debit Card,18.17,Electronics,20000,65464.0,45647.58,19816.42
14405,2028-01-07 00:00:00,Headphones,North,Returning,2,UPI,5.47,Accessories,2500,4726.5,3960.98,765.52
14406,2028-01-07 06:00:00,Laptop,West,Returning,2,Cash,12.37,Electronics,60000,105156.0,74585.29,30570.71
14407,2028-01-07 12:00:00,Laptop,North,New,1,Credit Card,1.37,Electronics,60000,59178.0,43667.34,15510.66
14408,2028-01-07 18:00:00,Smart Watch,South,New,2,Credit Card,7.61,Wearables,5000,9239.0,7272.56,1966.44
14409,2028-01-08 00:00:00,Smart Watch,South,Returning,1,UPI,9.01,Wearables,5000,4549.5,3554.39,995.11
14410,2028-01-08 06:00:00,Mouse,Central,New,5,UPI,12.0,Accessories,800,3520.0,2625.01,894.99
14411,2028-01-08 12:00:00,Mobile Phone,West,New,5,Debit Card,10.51,Electronics,30000,134235.0,109429.45,24805.55
14412,2028-01-08 18:00:00,Mouse,East,Returning,5,Credit Card,9.23,Accessories,800,3630.8,2745.05,885.75
14413,2028-01-09 00:00:00,Monitor,South,VIP,1,Cash,19.19,Electronics,12000,9697.2,7939.0,1758.2
14414,2028-01-09 06:00:00,Mouse,West,New,5,UPI,3.7,Accessories,800,3852.0,2602.76,1249.24
14415,2028-01-09 12:00:00,Smart Watch,North,New,3,UPI,3.16,Wearables,5000,14526.0,9195.04,5330.96
14416,2028-01-09 18:00:00,Laptop,Central,New,2,UPI,14.27,Electronics,60000,102876.0,82802.85,20073.15
14417,2028-01-10 00:00:00,Tablet,North,New,1,Cash,1.49,Electronics,20000,19702.0,13705.29,5996.71
14418,2028-01-10 06:00:00,Mouse,South,VIP,5,Credit Card,9.66,Accessories,800,3613.6,2756.35,857.25
14419,2028-01-10 12:00:00,Tablet,South,Returning,3,Cash,9.68,Electronics,20000,54192.0,42504.29,11687.71
14420,2028-01-10 18:00:00,Tablet,North,New,2,Cash,6.2,Electronics,20000,37520.0,25576.54,11943.46
14421,2028-01-11 00:00:00,Mobile Phone,South,Returning,2,Debit Card,18.61,Electronics,30000,48834.0,35467.69,13366.31
14422,2028-01-11 06:00:00,Tablet,West,New,5,UPI,5.65,Electronics,20000,94350.0,77719.08,16630.92
14423,2028-01-11 12:00:00,Laptop,South,VIP,3,Credit Card,5.77,Electronics,60000,169614.0,139074.71,30539.29
14424,2028-01-11 18:00:00,Headphones,Central,Returning,1,Debit Card,4.69,Accessories,2500,2382.75,1876.03,506.72
14425,2028-01-12 00:00:00,Headphones,West,VIP,5,Debit Card,2.92,Accessories,2500,12135.0,9594.96,2540.04
14426,2028-01-12 06:00:00,Keyboard,East,New,2,Net Banking,7.28,Accessories,1500,2781.6,2293.21,488.39
14427,2028-01-12 12:00:00,Monitor,South,VIP,2,UPI,13.62,Electronics,12000,20731.2,16254.98,4476.22
14428,2028-01-12 18:00:00,Mouse,South,VIP,2,Credit Card,14.84,Accessories,800,1362.56,933.21,429.35
14429,2028-01-13 00:00:00,Monitor,Central,New,5,Credit Card,16.27,Electronics,12000,50238.0,31659.77,18578.23
14430,2028-01-13 06:00:00,Laptop,Central,New,4,Credit Card,3.95,Electronics,60000,230520.0,162625.18,67894.82
14431,2028-01-13 12:00:00,Tablet,North,Returning,4,UPI,0.71,Electronics,20000,79432.0,49393.67,30038.33
14432,2028-01-13 18:00:00,Headphones,North,New,4,Credit Card,19.49,Accessories,2500,8051.0,5063.62,2987.38
14433,2028-01-14 00:00:00,Monitor,North,Returning,3,Cash,0.29,Electronics,12000,35895.6,30064.11,5831.49
14434,2028-01-14 06:00:00,Laptop,Central,VIP,5,Cash,19.21,Electronics,60000,242370.0,186375.68,55994.32
14435,2028-01-14 12:00:00,Headphones,North,VIP,2,UPI,16.58,Accessories,2500,4171.0,3390.61,780.39
14436,2028-01-14 18:00:00,Tablet,North,Returning,3,Credit Card,18.24,Electronics,20000,49056.0,37318.12,11737.88
14437,2028-01-15 00:00:00,Monitor,East,New,4,Net Banking,7.74,Electronics,12000,44284.8,31204.62,13080.18
14438,2028-01-15 06:00:00,Headphones,North,New,1,Net Banking,3.94,Accessories,2500,2401.5,1456.0,945.5
14439,2028-01-15 12:00:00,Mouse,South,VIP,3,Net Banking,12.13,Accessories,800,2108.88,1769.26,339.62
14440,2028-01-15 18:00:00,Smart Watch,Central,Returning,3,Cash,14.83,Wearables,5000,12775.5,7891.85,4883.65
14441,2028-01-16 00:00:00,Mouse,West,VIP,5,Net Banking,2.62,Accessories,800,3895.2,2931.3,963.9
14442,2028-01-16 06:00:00,Keyboard,East,VIP,3,Credit Card,15.95,Accessories,1500,3782.25,2365.99,1416.26
14443,2028-01-16 12:00:00,Keyboard,Central,New,5,Credit Card,4.17,Accessories,1500,7187.25,4822.91,2364.34
14444,2028-01-16 18:00:00,Headphones,Central,Returning,1,Net Banking,9.83,Accessories,2500,2254.25,1457.27,796.98
14445,2028-01-17 00:00:00,Smart Watch,South,VIP,2,Debit Card,17.13,Wearables,5000,8287.0,6119.36,2167.64
14446,2028-01-17 06:00:00,Laptop,North,New,2,Net Banking,3.87,Electronics,60000,115356.0,94795.97,20560.03
14447,2028-01-17 12:00:00,Mouse,South,VIP,4,Debit Card,4.84,Accessories,800,3045.12,2310.96,734.16
14448,2028-01-17 18:00:00,Laptop,North,VIP,4,UPI,1.26,Electronics,60000,236976.0,181534.76,55441.24
14449,2028-01-18 00:00:00,Smart Watch,North,New,1,UPI,2.93,Wearables,5000,4853.5,4014.97,838.53
14450,2028-01-18 06:00:00,Laptop,Central,New,2,Credit Card,2.93,Electronics,60000,116484.0,91714.41,24769.59
14451,2028-01-18 12:00:00,Smart Watch,North,Returning,4,Cash,4.07,Wearables,5000,19186.0,15665.16,3520.84
14452,2028-01-18 18:00:00,Headphones,East,VIP,3,Credit Card,5.72,Accessories,2500,7071.0,4978.68,2092.32
14453,2028-01-19 00:00:00,Laptop,East,Returning,5,Credit Card,16.3,Electronics,60000,251100.0,204982.74,46117.26
14454,2028-01-19 06:00:00,Mouse,East,New,4,Cash,18.32,Accessories,800,2613.76,1990.29,623.47
14455,2028-01-19 12:00:00,Tablet,Central,New,1,Credit Card,8.13,Electronics,20000,18374.0,11647.31,6726.69
14456,2028-01-19 18:00:00,Keyboard,South,VIP,2,Cash,2.56,Accessories,1500,2923.2,1782.21,1140.99
14457,2028-01-20 00:00:00,Tablet,West,Returning,1,Credit Card,4.48,Electronics,20000,19104.0,12627.91,6476.09
14458,2028-01-20 06:00:00,Laptop,North,Returning,5,UPI,14.72,Electronics,60000,255840.0,177703.24,78136.76
14459,2028-01-20 12:00:00,Tablet,West,VIP,5,Debit Card,13.55,Electronics,20000,86450.0,69971.94,16478.06
14460,2028-01-20 18:00:00,Mouse,South,VIP,1,Credit Card,19.34,Accessories,800,645.28,506.75,138.53
14461,2028-01-21 00:00:00,Mouse,South,Returning,4,Debit Card,0.29,Accessories,800,3190.72,2676.52,514.2
14462,2028-01-21 06:00:00,Laptop,Central,New,4,Net Banking,15.02,Electronics,60000,203952.0,150882.4,53069.6
14463,2028-01-21 12:00:00,Headphones,East,New,2,Credit Card,10.12,Accessories,2500,4494.0,3536.49,957.51
14464,2028-01-21 18:00:00,Tablet,East,VIP,2,UPI,18.05,Electronics,20000,32780.0,21923.95,10856.05
14465,2028-01-22 00:00:00,Headphones,South,Returning,3,Cash,11.52,Accessories,2500,6636.0,5109.02,1526.98
14466,2028-01-22 06:00:00,Headphones,Central,Returning,3,UPI,8.93,Accessories,2500,6830.25,5303.95,1526.3
14467,2028-01-22 12:00:00,Smart Watch,Central,Returning,2,Debit Card,13.32,Wearables,5000,8668.0,7039.32,1628.68
14468,2028-01-22 18:00:00,Mobile Phone,North,New,3,Cash,16.67,Electronics,30000,74997.0,55055.36,19941.64
14469,2028-01-23 00:00:00,Laptop,East,New,1,UPI,5.65,Electronics,60000,56610.0,43151.05,13458.95
14470,2028-01-23 06:00:00,Keyboard,South,Returning,4,UPI,2.15,Accessories,1500,5871.0,3820.62,2050.38
14471,2028-01-23 12:00:00,Mouse,West,Returning,3,UPI,8.66,Accessories,800,2192.16,1719.07,473.09
14472,2028-01-23 18:00:00,Mouse,East,VIP,3,Cash,4.29,Accessories,800,2297.04,1859.69,437.35
14473,2028-01-24 00:00:00,Laptop,North,VIP,1,UPI,8.59,Electronics,60000,54846.0,41048.64,13797.36
14474,2028-01-24 06:00:00,Smart Watch,Central,Returning,5,UPI,19.82,Wearables,5000,20045.0,12606.67,7438.33
14475,2028-01-24 12:00:00,Monitor,South,Returning,2,Debit Card,11.48,Electronics,12000,21244.8,14408.53,6836.27
14476,2028-01-24 18:00:00,Monitor,East,New,1,UPI,13.87,Electronics,12000,10335.6,7430.04,2905.56
14477,2028-01-25 00:00:00,Monitor,West,Returning,5,UPI,13.56,Electronics,12000,51864.0,39898.49,11965.51
14478,2028-01-25 06:00:00,Smart Watch,North,VIP,1,Net Banking,16.41,Wearables,5000,4179.5,2842.4,1337.1
14479,2028-01-25 12:00:00,Keyboard,North,New,4,Cash,18.88,Accessories,1500,4867.2,3942.79,924.41
14480,2028-01-25 18:00:00,Mouse,East,VIP,1,Net Banking,13.18,Accessories,800,694.56,481.29,213.27
14481,2028-01-26 00:00:00,Laptop,West,VIP,1,Debit Card,9.52,Electronics,60000,54288.0,33154.17,21133.83
14482,2028-01-26 06:00:00,Smart Watch,North,New,4,Net Banking,6.36,Wearables,5000,18728.0,14954.28,3773.72
14483,2028-01-26 12:00:00,Mouse,South,VIP,2,Credit Card,7.21,Accessories,800,1484.64,1129.89,354.75
14484,2028-01-26 18:00:00,Headphones,North,Returning,5,Cash,6.69,Accessories,2500,11663.75,9336.71,2327.04
14485,2028-01-27 00:00:00,Tablet,West,VIP,3,UPI,6.49,Electronics,20000,56106.0,38557.3,17548.7
14486,2028-01-27 06:00:00,Tablet,Central,New,2,Net Banking,13.89,Electronics,20000,34444.0,20818.21,13625.79
14487,2028-01-27 12:00:00,Smart Watch,Central,New,1,Net Banking,11.75,Wearables,5000,4412.5,2728.86,1683.64
14488,2028-01-27 18:00:00,Mouse,East,New,3,UPI,4.04,Accessories,800,2303.04,1446.19,856.85
14489,2028-01-28 00:00:00,Mobile Phone,West,VIP,4,UPI,19.39,Electronics,30000,96732.0,77510.08,19221.92
14490,2028-01-28 06:00:00,Keyboard,North,Returning,2,Debit Card,8.55,Accessories,1500,2743.5,1852.85,890.65
14491,2028-01-28 12:00:00,Monitor,North,New,5,Net Banking,11.32,Electronics,12000,53208.0,45198.85,8009.15
14492,2028-01-28 18:00:00,Keyboard,Central,Returning,2,Net Banking,14.05,Accessories,1500,2578.5,2035.98,542.52
14493,2028-01-29 00:00:00,Keyboard,Central,New,2,Credit Card,12.27,Accessories,1500,2631.9,1974.68,657.22
14494,2028-01-29 06:00:00,Smart Watch,South,Returning,3,Credit Card,6.22,Wearables,5000,14067.0,11899.34,2167.66
14495,2028-01-29 12:00:00,Headphones,Central,Returning,4,Net Banking,15.95,Accessories,2500,8405.0,5707.64,2697.36
14496,2028-01-29 18:00:00,Keyboard,South,Returning,4,Credit Card,2.2,Accessories,1500,5868.0,3763.76,2104.24
14497,2028-01-30 00:00:00,Tablet,North,New,2,Net Banking,11.38,Electronics,20000,35448.0,27802.51,7645.49
14498,2028-01-30 06:00:00,Headphones,South,VIP,4,Cash,5.47,Accessories,2500,9453.0,6328.98,3124.02
14499,2028-01-30 12:00:00,Laptop,South,VIP,3,Debit Card,12.32,Electronics,60000,157824.0,132613.07,25210.93
14500,2028-01-30 18:00:00,Keyboard,East,VIP,3,Credit Card,4.36,Accessories,1500,4303.8,3645.39,658.41
14501,2028-01-31 00:00:00,Keyboard,Central,Returning,5,Net Banking,15.44,Accessories,1500,6342.0,5274.01,1067.99
14502,2028-01-31 06:00:00,Laptop,South,New,4,Credit Card,4.55,Electronics,60000,229080.0,191554.51,37525.49
14503,2028-01-31 12:00:00,Keyboard,North,Returning,5,Debit Card,17.81,Accessories,1500,6164.25,4647.31,1516.94
14504,2028-01-31 18:00:00,Laptop,West,New,1,Cash,17.23,Electronics,60000,49662.0,38390.2,11271.8
14505,2028-02-01 00:00:00,Headphones,South,Returning,3,UPI,7.25,Accessories,2500,6956.25,4337.65,2618.6
14506,2028-02-01 06:00:00,Tablet,Central,New,2,UPI,7.72,Electronics,20000,36912.0,29188.63,7723.37
14507,2028-02-01 12:00:00,Laptop,East,New,3,Credit Card,14.03,Electronics,60000,154746.0,100664.72,54081.28
14508,2028-02-01 18:00:00,Mobile Phone,North,New,1,Net Banking,1.81,Electronics,30000,29457.0,23862.57,5594.43
14509,2028-02-02 00:00:00,Smart Watch,East,Returning,2,Debit Card,1.62,Wearables,5000,9838.0,8267.69,1570.31
14510,2028-02-02 06:00:00,Smart Watch,West,VIP,4,Cash,2.73,Wearables,5000,19454.0,12705.3,6748.7
14511,2028-02-02 12:00:00,Laptop,South,Returning,4,Cash,11.25,Electronics,60000,213000.0,131955.16,81044.84
14512,2028-02-02 18:00:00,Smart Watch,South,Returning,3,Cash,2.98,Wearables,5000,14553.0,10492.31,4060.69
14513,2028-02-03 00:00:00,Keyboard,Central,New,2,UPI,5.55,Accessories,1500,2833.5,2260.81,572.69
14514,2028-02-03 06:00:00,Monitor,South,New,2,Debit Card,12.94,Electronics,12000,20894.4,16562.16,4332.24
14515,2028-02-03 12:00:00,Monitor,North,VIP,5,UPI,0.31,Electronics,12000,59814.0,46308.28,13505.72
14516,2028-02-03 18:00:00,Smart Watch,West,VIP,1,Credit Card,3.6,Wearables,5000,4820.0,3880.94,939.06
14517,2028-02-04 00:00:00,Headphones,East,New,4,Cash,18.6,Accessories,2500,8140.0,5240.1,2899.9
14518,2028-02-04 06:00:00,Mouse,West,VIP,3,Debit Card,13.27,Accessories,800,2081.52,1588.17,493.35
14519,2028-02-04 12:00:00,Headphones,South,VIP,2,Cash,6.11,Accessories,2500,4694.5,3527.54,1166.96
14520,2028-02-04 18:00:00,Mouse,East,New,4,UPI,0.91,Accessories,800,3170.88,2024.16,1146.72
14521,2028-02-05 00:00:00,Monitor,Central,Returning,3,UPI,11.72,Electronics,12000,31780.8,22361.19,9419.61
14522,2028-02-05 06:00:00,Monitor,West,VIP,4,UPI,4.46,Electronics,12000,45859.2,37289.6,8569.6
14523,2028-02-05 12:00:00,Laptop,East,New,3,Cash,19.2,Electronics,60000,145440.0,122598.71,22841.29
14524,2028-02-05 18:00:00,Tablet,East,VIP,4,Debit Card,13.74,Electronics,20000,69008.0,52884.8,16123.2
14525,2028-02-06 00:00:00,Mobile Phone,East,VIP,5,Debit Card,19.48,Electronics,30000,120780.0,100306.01,20473.99
14526,2028-02-06 06:00:00,Headphones,North,New,1,Credit Card,16.98,Accessories,2500,2075.5,1313.82,761.68
14527,2028-02-06 12:00:00,Keyboard,West,VIP,4,Cash,9.66,Accessories,1500,5420.4,4573.54,846.86
14528,2028-02-06 18:00:00,Mouse,East,VIP,1,Credit Card,13.39,Accessories,800,692.88,421.53,271.35
14529,2028-02-07 00:00:00,Smart Watch,West,VIP,4,Credit Card,16.24,Wearables,5000,16752.0,12259.36,4492.64
14530,2028-02-07 06:00:00,Keyboard,East,Returning,2,Credit Card,11.56,Accessories,1500,2653.2,1784.95,868.25
14531,2028-02-07 12:00:00,Tablet,Central,Returning,5,Credit Card,1.23,Electronics,20000,98770.0,79359.45,19410.55
14532,2028-02-07 18:00:00,Mouse,Central,VIP,5,UPI,9.41,Accessories,800,3623.6,2371.23,1252.37
14533,2028-02-08 00:00:00,Headphones,Central,New,1,Credit Card,2.61,Accessories,2500,2434.75,1467.87,966.88
14534,2028-02-08 06:00:00,Laptop,South,VIP,2,Debit Card,14.3,Electronics,60000,102840.0,72363.61,30476.39
14535,2028-02-08 12:00:00,Keyboard,East,VIP,3,Credit Card,13.61,Accessories,1500,3887.55,2394.84,1492.71
14536,2028-02-08 18:00:00,Tablet,South,Returning,5,UPI,19.86,Electronics,20000,80140.0,53896.0,26244.0
14537,2028-02-09 00:00:00,Headphones,West,Returning,2,Net Banking,12.58,Accessories,2500,4371.0,3326.06,1044.94
14538,2028-02-09 06:00:00,Monitor,South,Returning,2,Net Banking,16.0,Electronics,12000,20160.0,13581.3,6578.7
14539,2028-02-09 12:00:00,Monitor,West,VIP,1,Net Banking,5.37,Electronics,12000,11355.6,7511.14,3844.46
14540,2028-02-09 18:00:00,Headphones,West,VIP,2,Cash,6.8,Accessories,2500,4660.0,2977.15,1682.85
14541,2028-02-10 00:00:00,Headphones,West,New,2,Debit Card,18.34,Accessories,2500,4083.0,2587.78,1495.22
14542,2028-02-10 06:00:00,Headphones,South,VIP,3,UPI,15.1,Accessories,2500,6367.5,4657.6,1709.9
14543,2028-02-10 12:00:00,Mouse,East,VIP,1,Net Banking,13.11,Accessories,800,695.12,535.5,159.62
14544,2028-02-10 18:00:00,Headphones,South,Returning,1,UPI,5.08,Accessories,2500,2373.0,1692.38,680.62
14545,2028-02-11 00:00:00,Keyboard,East,Returning,2,UPI,13.97,Accessories,1500,2580.9,1628.29,952.61
14546,2028-02-11 06:00:00,Tablet,East,Returning,3,Cash,17.74,Electronics,20000,49356.0,37606.26,11749.74
14547,2028-02-11 12:00:00,Mouse,West,Returning,4,Net Banking,4.62,Accessories,800,3052.16,2256.4,795.76
14548,2028-02-11 18:00:00,Headphones,South,Returning,5,Credit Card,14.12,Accessories,2500,10735.0,7464.25,3270.75
14549,2028-02-12 00:00:00,Mobile Phone,East,New,1,UPI,7.87,Electronics,30000,27639.0,18863.94,8775.06
14550,2028-02-12 06:00:00,Smart Watch,Central,New,3,Net Banking,2.38,Wearables,5000,14643.0,9456.28,5186.72
14551,2028-02-12 12:00:00,Mobile Phone,East,New,3,UPI,15.27,Electronics,30000,76257.0,48543.29,27713.71
14552,2028-02-12 18:00:00,Tablet,Central,Returning,2,Cash,3.34,Electronics,20000,38664.0,26472.97,12191.03
14553,2028-02-13 00:00:00,Monitor,South,Returning,5,Cash,5.06,Electronics,12000,56964.0,34771.27,22192.73
14554,2028-02-13 06:00:00,Laptop,South,Returning,1,Credit Card,15.66,Electronics,60000,50604.0,35886.17,14717.83
14555,2028-02-13 12:00:00,Laptop,South,New,4,Cash,14.84,Electronics,60000,204384.0,153368.42,51015.58
14556,2028-02-13 18:00:00,Smart Watch,East,Returning,2,Net Banking,5.08,Wearables,5000,9492.0,7929.75,1562.25
14557,2028-02-14 00:00:00,Monitor,North,New,1,Cash,18.82,Electronics,12000,9741.6,7369.1,2372.5
14558,2028-02-14 06:00:00,Mouse,East,Returning,1,Credit Card,4.31,Accessories,800,765.52,578.75,186.77
14559,2028-02-14 12:00:00,Mouse,East,VIP,3,Debit Card,19.87,Accessories,800,1923.12,1333.88,589.24
14560,2028-02-14 18:00:00,Mouse,West,New,5,UPI,14.76,Accessories,800,3409.6,2159.4,1250.2
14561,2028-02-15 00:00:00,Laptop,West,VIP,4,UPI,7.85,Electronics,60000,221160.0,157407.18,63752.82
14562,2028-02-15 06:00:00,Mobile Phone,East,New,5,Net Banking,2.61,Electronics,30000,146085.0,109515.41,36569.59
14563,2028-02-15 12:00:00,Laptop,Central,Returning,3,Credit Card,6.41,Electronics,60000,168462.0,131570.24,36891.76
14564,2028-02-15 18:00:00,Keyboard,West,Returning,4,Credit Card,3.87,Accessories,1500,5767.8,4651.86,1115.94
14565,2028-02-16 00:00:00,Headphones,East,VIP,4,Credit Card,12.44,Accessories,2500,8756.0,5813.83,2942.17
14566,2028-02-16 06:00:00,Mouse,North,Returning,2,UPI,7.14,Accessories,800,1485.76,981.05,504.71
14567,2028-02-16 12:00:00,Mobile Phone,Central,New,4,Cash,5.9,Electronics,30000,112920.0,83710.42,29209.58
14568,2028-02-16 18:00:00,Tablet,South,Returning,1,UPI,15.14,Electronics,20000,16972.0,12584.8,4387.2
14569,2028-02-17 00:00:00,Smart Watch,East,Returning,5,UPI,4.61,Wearables,5000,23847.5,15607.88,8239.62
14570,2028-02-17 06:00:00,Tablet,East,New,5,UPI,11.74,Electronics,20000,88260.0,65918.64,22341.36
14571,2028-02-17 12:00:00,Headphones,Central,VIP,2,Cash,3.89,Accessories,2500,4805.5,3298.83,1506.67
14572,2028-02-17 18:00:00,Mobile Phone,West,VIP,4,Debit Card,14.3,Electronics,30000,102840.0,78140.79,24699.21
14573,2028-02-18 00:00:00,Laptop,West,Returning,3,Net Banking,12.5,Electronics,60000,157500.0,105959.89,51540.11
14574,2028-02-18 06:00:00,Laptop,West,New,1,Debit Card,15.96,Electronics,60000,50424.0,37720.83,12703.17
14575,2028-02-18 12:00:00,Keyboard,South,VIP,2,Debit Card,1.37,Accessories,1500,2958.9,2343.68,615.22
14576,2028-02-18 18:00:00,Keyboard,Central,VIP,4,UPI,4.2,Accessories,1500,5748.0,4857.29,890.71
14577,2028-02-19 00:00:00,Laptop,Central,Returning,3,Debit Card,3.09,Electronics,60000,174438.0,144394.02,30043.98
14578,2028-02-19 06:00:00,Tablet,West,New,4,UPI,3.81,Electronics,20000,76952.0,55858.28,21093.72
14579,2028-02-19 12:00:00,Smart Watch,West,VIP,2,UPI,2.06,Wearables,5000,9794.0,7072.12,2721.88
14580,2028-02-19 18:00:00,Mouse,North,Returning,3,Net Banking,11.24,Accessories,800,2130.24,1511.25,618.99
14581,2028-02-20 00:00:00,Tablet,North,Returning,3,Credit Card,11.87,Electronics,20000,52878.0,32093.65,20784.35
14582,2028-02-20 06:00:00,Smart Watch,East,Returning,3,UPI,16.87,Wearables,5000,12469.5,7999.04,4470.46
14583,2028-02-20 12:00:00,Keyboard,East,Returning,3,Debit Card,8.35,Accessories,1500,4124.25,2535.58,1588.67
14584,2028-02-20 18:00:00,Headphones,Central,VIP,4,Net Banking,10.65,Accessories,2500,8935.0,6916.48,2018.52
14585,2028-02-21 00:00:00,Smart Watch,Central,New,3,Debit Card,19.83,Wearables,5000,12025.5,8457.64,3567.86
14586,2028-02-21 06:00:00,Laptop,South,Returning,4,Credit Card,10.64,Electronics,60000,214464.0,132097.49,82366.51
14587,2028-02-21 12:00:00,Keyboard,South,Returning,3,Cash,11.47,Accessories,1500,3983.85,3078.1,905.75
14588,2028-02-21 18:00:00,Keyboard,North,VIP,3,Credit Card,19.92,Accessories,1500,3603.6,2742.73,860.87
14589,2028-02-22 00:00:00,Mouse,East,Returning,2,Net Banking,19.88,Accessories,800,1281.92,999.89,282.03
14590,2028-02-22 06:00:00,Laptop,North,Returning,4,Credit Card,8.48,Electronics,60000,219648.0,164726.89,54921.11
14591,2028-02-22 12:00:00,Mouse,North,New,4,Credit Card,12.7,Accessories,800,2793.6,1788.98,1004.62
14592,2028-02-22 18:00:00,Laptop,East,Returning,5,Net Banking,9.62,Electronics,60000,271140.0,166845.48,104294.52
14593,2028-02-23 00:00:00,Mouse,South,VIP,2,Net Banking,14.41,Accessories,800,1369.44,1101.42,268.02
14594,2028-02-23 06:00:00,Smart Watch,East,New,4,Debit Card,18.77,Wearables,5000,16246.0,10624.11,5621.89
14595,2028-02-23 12:00:00,Tablet,West,VIP,2,UPI,6.19,Electronics,20000,37524.0,27603.87,9920.13
14596,2028-02-23 18:00:00,Headphones,West,New,2,Cash,16.38,Accessories,2500,4181.0,3015.77,1165.23
14597,2028-02-24 00:00:00,Headphones,West,New,2,Cash,13.1,Accessories,2500,4345.0,3607.49,737.51
14598,2028-02-24 06:00:00,Laptop,Central,Returning,1,Cash,5.6,Electronics,60000,56640.0,41806.55,14833.45
14599,2028-02-24 12:00:00,Mobile Phone,South,Returning,4,Credit Card,15.95,Electronics,30000,100860.0,75141.13,25718.87
14600,2028-02-24 18:00:00,Monitor,South,Returning,2,Net Banking,8.54,Electronics,12000,21950.4,14923.56,7026.84
14601,2028-02-25 00:00:00,Keyboard,Central,VIP,1,Net Banking,2.41,Accessories,1500,1463.85,1229.16,234.69
14602,2028-02-25 06:00:00,Keyboard,North,Returning,1,Net Banking,19.87,Accessories,1500,1201.95,905.18,296.77
14603,2028-02-25 12:00:00,Laptop,West,Returning,3,UPI,8.51,Electronics,60000,164682.0,99014.24,65667.76
14604,2028-02-25 18:00:00,Smart Watch,West,New,3,Net Banking,10.83,Wearables,5000,13375.5,9884.77,3490.73
14605,2028-02-26 00:00:00,Mouse,North,Returning,4,Net Banking,16.16,Accessories,800,2682.88,1853.78,829.1
14606,2028-02-26 06:00:00,Mobile Phone,East,Returning,3,Credit Card,19.22,Electronics,30000,72702.0,44204.86,28497.14
14607,2028-02-26 12:00:00,Tablet,East,Returning,4,Debit Card,17.46,Electronics,20000,66032.0,46743.22,19288.78
14608,2028-02-26 18:00:00,Mouse,South,Returning,1,Cash,10.5,Accessories,800,716.0,568.07,147.93
14609,2028-02-27 00:00:00,Mouse,Central,New,1,Credit Card,10.91,Accessories,800,712.72,517.4,195.32
14610,2028-02-27 06:00:00,Laptop,South,Returning,4,Credit Card,5.62,Electronics,60000,226512.0,172118.49,54393.51
14611,2028-02-27 12:00:00,Laptop,East,New,3,Credit Card,9.26,Electronics,60000,163332.0,124121.76,39210.24
14612,2028-02-27 18:00:00,Smart Watch,North,VIP,3,Cash,18.94,Wearables,5000,12159.0,9335.13,2823.87
14613,2028-02-28 00:00:00,Keyboard,South,Returning,4,Credit Card,14.54,Accessories,1500,5127.6,3573.42,1554.18
14614,2028-02-28 06:00:00,Laptop,West,Returning,5,Debit Card,0.24,Electronics,60000,299280.0,207251.76,92028.24
14615,2028-02-28 12:00:00,Laptop,West,Returning,3,Net Banking,2.33,Electronics,60000,175806.0,105685.1,70120.9
14616,2028-02-28 18:00:00,Laptop,North,New,2,Debit Card,18.48,Electronics,60000,97824.0,62466.06,35357.94
14617,2028-02-29 00:00:00,Smart Watch,East,Returning,3,Net Banking,16.97,Wearables,5000,12454.5,10433.17,2021.33
14618,2028-02-29 06:00:00,Keyboard,West,Returning,5,Net Banking,9.72,Accessories,1500,6771.0,5488.6,1282.4
14619,2028-02-29 12:00:00,Tablet,West,VIP,1,Credit Card,12.34,Electronics,20000,17532.0,11725.0,5807.0
14620,2028-02-29 18:00:00,Tablet,Central,New,1,Credit Card,5.79,Electronics,20000,18842.0,13195.01,5646.99
14621,2028-03-01 00:00:00,Monitor,South,New,1,Cash,15.86,Electronics,12000,10096.8,8430.63,1666.17
14622,2028-03-01 06:00:00,Monitor,East,VIP,3,UPI,12.07,Electronics,12000,31654.8,20974.82,10679.98
14623,2028-03-01 12:00:00,Laptop,South,New,1,Debit Card,13.9,Electronics,60000,51660.0,37873.66,13786.34
14624,2028-03-01 18:00:00,Monitor,East,Returning,5,Cash,7.5,Electronics,12000,55500.0,33606.36,21893.64
14625,2028-03-02 00:00:00,Keyboard,West,Returning,5,Cash,8.61,Accessories,1500,6854.25,5174.5,1679.75
14626,2028-03-02 06:00:00,Smart Watch,Central,VIP,3,Debit Card,4.15,Wearables,5000,14377.5,11969.53,2407.97
14627,2028-03-02 12:00:00,Tablet,South,New,2,Debit Card,18.96,Electronics,20000,32416.0,26619.56,5796.44
14628,2028-03-02 18:00:00,Mouse,West,New,3,Net Banking,18.93,Accessories,800,1945.68,1411.58,534.1
14629,2028-03-03 00:00:00,Tablet,East,New,1,UPI,16.36,Electronics,20000,16728.0,12753.6,3974.4
14630,2028-03-03 06:00:00,Tablet,South,VIP,3,Credit Card,18.71,Electronics,20000,48774.0,36212.23,12561.77
14631,2028-03-03 12:00:00,Keyboard,South,Returning,5,UPI,13.31,Accessories,1500,6501.75,4009.91,2491.84
14632,2028-03-03 18:00:00,Monitor,West,VIP,3,UPI,4.69,Electronics,12000,34311.6,21948.47,12363.13
14633,2028-03-04 00:00:00,Mouse,South,Returning,3,Credit Card,15.2,Accessories,800,2035.2,1711.51,323.69
14634,2028-03-04 06:00:00,Keyboard,Central,VIP,2,UPI,6.51,Accessories,1500,2804.7,1862.3,942.4
14635,2028-03-04 12:00:00,Laptop,Central,Returning,5,Cash,8.81,Electronics,60000,273570.0,190435.44,83134.56
14636,2028-03-04 18:00:00,Smart Watch,West,New,4,Cash,5.49,Wearables,5000,18902.0,13746.22,5155.78
14637,2028-03-05 00:00:00,Headphones,East,New,4,Credit Card,8.47,Accessories,2500,9153.0,7732.3,1420.7
14638,2028-03-05 06:00:00,Tablet,West,New,5,Credit Card,13.59,Electronics,20000,86410.0,66751.58,19658.42
14639,2028-03-05 12:00:00,Headphones,Central,VIP,4,Debit Card,2.21,Accessories,2500,9779.0,7406.61,2372.39
14640,2028-03-05 18:00:00,Smart Watch,North,VIP,1,Debit Card,2.1,Wearables,5000,4895.0,3578.73,1316.27
14641,2028-03-06 00:00:00,Smart Watch,North,VIP,4,UPI,13.68,Wearables,5000,17264.0,13382.51,3881.49
14642,2028-03-06 06:00:00,Keyboard,South,New,1,UPI,15.59,Accessories,1500,1266.15,969.88,296.27
14643,2028-03-06 12:00:00,Keyboard,South,Returning,5,Credit Card,11.03,Accessories,1500,6672.75,5509.76,1162.99
14644,2028-03-06 18:00:00,Keyboard,North,New,4,UPI,3.63,Accessories,1500,5782.2,4252.57,1529.63
14645,2028-03-07 00:00:00,Headphones,Central,New,4,Net Banking,8.62,Accessories,2500,9138.0,6445.72,2692.28
14646,2028-03-07 06:00:00,Keyboard,South,Returning,1,Cash,15.16,Accessories,1500,1272.6,1020.36,252.24
14647,2028-03-07 12:00:00,Smart Watch,West,Returning,1,UPI,13.71,Wearables,5000,4314.5,3451.37,863.13
14648,2028-03-07 18:00:00,Laptop,West,Returning,3,UPI,2.2,Electronics,60000,176040.0,113098.5,62941.5
14649,2028-03-08 00:00:00,Keyboard,Central,Returning,2,Debit Card,19.38,Accessories,1500,2418.6,1594.34,824.26
14650,2028-03-08 06:00:00,Mobile Phone,South,New,4,Net Banking,4.47,Electronics,30000,114636.0,96255.21,18380.79
14651,2028-03-08 12:00:00,Monitor,West,VIP,2,UPI,4.41,Electronics,12000,22941.6,16312.11,6629.49
14652,2028-03-08 18:00:00,Headphones,South,New,2,Cash,9.2,Accessories,2500,4540.0,3313.81,1226.19
14653,2028-03-09 00:00:00,Mobile Phone,South,Returning,4,UPI,6.54,Electronics,30000,112152.0,75987.47,36164.53
14654,2028-03-09 06:00:00,Keyboard,West,VIP,1,Credit Card,19.68,Accessories,1500,1204.8,867.78,337.02
14655,2028-03-09 12:00:00,Smart Watch,North,VIP,3,Net Banking,1.53,Wearables,5000,14770.5,11607.24,3163.26
14656,2028-03-09 18:00:00,Laptop,West,New,5,UPI,6.13,Electronics,60000,281610.0,202924.3,78685.7
14657,2028-03-10 00:00:00,Tablet,Central,New,4,Net Banking,7.65,Electronics,20000,73880.0,50142.07,23737.93
14658,2028-03-10 06:00:00,Mouse,East,New,4,UPI,9.87,Accessories,800,2884.16,1799.72,1084.44
14659,2028-03-10 12:00:00,Monitor,West,VIP,5,Cash,0.33,Electronics,12000,59802.0,49759.17,10042.83
14660,2028-03-10 18:00:00,Mouse,South,VIP,2,Cash,1.65,Accessories,800,1573.6,1287.07,286.53
14661,2028-03-11 00:00:00,Keyboard,South,VIP,3,Net Banking,5.16,Accessories,1500,4267.8,3405.03,862.77
14662,2028-03-11 06:00:00,Monitor,West,Returning,2,Debit Card,11.08,Electronics,12000,21340.8,16507.49,4833.31
14663,2028-03-11 12:00:00,Monitor,East,Returning,5,Debit Card,15.36,Electronics,12000,50784.0,37015.31,13768.69
14664,2028-03-11 18:00:00,Laptop,West,New,5,Credit Card,13.73,Electronics,60000,258810.0,213349.82,45460.18
14665,2028-03-12 00:00:00,Monitor,East,VIP,3,Debit Card,11.34,Electronics,12000,31917.6,25467.86,6449.74
14666,2028-03-12 06:00:00,Headphones,East,New,5,Net Banking,7.94,Accessories,2500,11507.5,9252.06,2255.44
14667,2028-03-12 12:00:00,Mobile Phone,Central,VIP,5,Debit Card,17.41,Electronics,30000,123885.0,83918.17,39966.83
14668,2028-03-12 18:00:00,Mobile Phone,South,New,3,Credit Card,9.2,Electronics,30000,81720.0,57683.25,24036.75
14669,2028-03-13 00:00:00,Mobile Phone,South,Returning,4,UPI,5.99,Electronics,30000,112812.0,87621.14,25190.86
14670,2028-03-13 06:00:00,Headphones,East,VIP,2,Debit Card,12.59,Accessories,2500,4370.5,3027.73,1342.77
14671,2028-03-13 12:00:00,Mouse,South,Returning,4,Net Banking,13.84,Accessories,800,2757.12,1994.76,762.36
14672,2028-03-13 18:00:00,Laptop,North,VIP,4,Net Banking,7.97,Electronics,60000,220872.0,168222.35,52649.65
14673,2028-03-14 00:00:00,Monitor,East,New,2,Credit Card,0.56,Electronics,12000,23865.6,16931.2,6934.4
14674,2028-03-14 06:00:00,Headphones,South,VIP,4,Credit Card,1.88,Accessories,2500,9812.0,7832.53,1979.47
14675,2028-03-14 12:00:00,Mobile Phone,North,Returning,3,Cash,16.91,Electronics,30000,74781.0,47042.46,27738.54
14676,2028-03-14 18:00:00,Keyboard,Central,VIP,2,Cash,1.13,Accessories,1500,2966.1,2312.12,653.98
14677,2028-03-15 00:00:00,Tablet,South,New,1,Cash,11.84,Electronics,20000,17632.0,11219.29,6412.71
14678,2028-03-15 06:00:00,Monitor,North,VIP,4,UPI,3.67,Electronics,12000,46238.4,38584.09,7654.31
14679,2028-03-15 12:00:00,Headphones,West,Returning,5,Net Banking,4.58,Accessories,2500,11927.5,8092.92,3834.58
14680,2028-03-15 18:00:00,Smart Watch,West,New,2,Cash,5.47,Wearables,5000,9453.0,7551.61,1901.39
14681,2028-03-16 00:00:00,Headphones,North,Returning,1,Net Banking,0.77,Accessories,2500,2480.75,1811.83,668.92
14682,2028-03-16 06:00:00,Laptop,East,VIP,5,Credit Card,3.54,Electronics,60000,289380.0,180217.69,109162.31
14683,2028-03-16 12:00:00,Laptop,East,Returning,1,UPI,13.01,Electronics,60000,52194.0,38918.28,13275.72
14684,2028-03-16 18:00:00,Headphones,South,VIP,4,Credit Card,9.97,Accessories,2500,9003.0,7454.88,1548.12
14685,2028-03-17 00:00:00,Mobile Phone,West,New,5,Net Banking,15.95,Electronics,30000,126075.0,80600.83,45474.17
14686,2028-03-17 06:00:00,Tablet,East,Returning,4,Cash,1.22,Electronics,20000,79024.0,53762.14,25261.86
14687,2028-03-17 12:00:00,Monitor,East,Returning,5,Credit Card,17.78,Electronics,12000,49332.0,35015.34,14316.66
14688,2028-03-17 18:00:00,Laptop,West,VIP,2,Debit Card,19.93,Electronics,60000,96084.0,64257.45,31826.55
14689,2028-03-18 00:00:00,Monitor,Central,Returning,3,UPI,0.31,Electronics,12000,35888.4,30000.72,5887.68
14690,2028-03-18 06:00:00,Mobile Phone,East,Returning,3,Net Banking,19.35,Electronics,30000,72585.0,50401.21,22183.79
14691,2028-03-18 12:00:00,Monitor,North,New,1,Cash,4.72,Electronics,12000,11433.6,8741.16,2692.44
14692,2028-03-18 18:00:00,Keyboard,South,VIP,5,Credit Card,13.85,Accessories,1500,6461.25,4238.45,2222.8
14693,2028-03-19 00:00:00,Laptop,East,VIP,4,UPI,5.85,Electronics,60000,225960.0,147987.19,77972.81
14694,2028-03-19 06:00:00,Mobile Phone,East,New,2,Cash,10.44,Electronics,30000,53736.0,34603.96,19132.04
14695,2028-03-19 12:00:00,Mobile Phone,Central,New,2,Credit Card,10.21,Electronics,30000,53874.0,38180.67,15693.33
14696,2028-03-19 18:00:00,Tablet,North,VIP,2,Net Banking,7.22,Electronics,20000,37112.0,27211.06,9900.94
14697,2028-03-20 00:00:00,Tablet,South,New,3,Debit Card,14.35,Electronics,20000,51390.0,30972.09,20417.91
14698,2028-03-20 06:00:00,Keyboard,East,New,4,Debit Card,11.99,Accessories,1500,5280.6,4267.94,1012.66
14699,2028-03-20 12:00:00,Mobile Phone,South,New,2,Net Banking,10.17,Electronics,30000,53898.0,39247.9,14650.1
14700,2028-03-20 18:00:00,Mouse,West,VIP,2,UPI,19.66,Accessories,800,1285.44,821.78,463.66
14701,2028-03-21 00:00:00,Mobile Phone,East,New,1,Net Banking,18.8,Electronics,30000,24360.0,15025.82,9334.18
14702,2028-03-21 06:00:00,Tablet,East,Returning,5,Credit Card,19.11,Electronics,20000,80890.0,49812.05,31077.95
14703,2028-03-21 12:00:00,Mouse,West,Returning,5,UPI,17.63,Accessories,800,3294.8,2189.1,1105.7
14704,2028-03-21 18:00:00,Laptop,Central,VIP,5,Debit Card,5.1,Electronics,60000,284700.0,206357.12,78342.88
14705,2028-03-22 00:00:00,Laptop,East,New,1,Credit Card,7.0,Electronics,60000,55800.0,45480.34,10319.66
14706,2028-03-22 06:00:00,Monitor,South,Returning,3,Cash,4.62,Electronics,12000,34336.8,28353.32,5983.48
14707,2028-03-22 12:00:00,Headphones,North,VIP,1,Cash,19.72,Accessories,2500,2007.0,1621.82,385.18
14708,2028-03-22 18:00:00,Tablet,South,Returning,2,Cash,3.05,Electronics,20000,38780.0,26453.42,12326.58
14709,2028-03-23 00:00:00,Headphones,Central,New,4,Debit Card,7.33,Accessories,2500,9267.0,6270.42,2996.58
14710,2028-03-23 06:00:00,Mouse,North,VIP,2,Net Banking,3.98,Accessories,800,1536.32,1301.06,235.26
14711,2028-03-23 12:00:00,Tablet,South,Returning,2,UPI,4.47,Electronics,20000,38212.0,29435.47,8776.53
14712,2028-03-23 18:00:00,Keyboard,South,VIP,4,Debit Card,4.94,Accessories,1500,5703.6,3856.99,1846.61
14713,2028-03-24 00:00:00,Mobile Phone,West,Returning,5,Credit Card,12.79,Electronics,30000,130815.0,89251.16,41563.84
14714,2028-03-24 06:00:00,Keyboard,Central,Returning,1,Credit Card,1.52,Accessories,1500,1477.2,1046.83,430.37
14715,2028-03-24 12:00:00,Mouse,West,New,3,Cash,11.45,Accessories,800,2125.2,1605.49,519.71
14716,2028-03-24 18:00:00,Tablet,North,New,2,UPI,16.39,Electronics,20000,33444.0,27574.4,5869.6
14717,2028-03-25 00:00:00,Smart Watch,West,Returning,2,Cash,15.33,Wearables,5000,8467.0,5499.97,2967.03
14718,2028-03-25 06:00:00,Mouse,Central,VIP,3,Credit Card,3.02,Accessories,800,2327.52,1445.62,881.9
14719,2028-03-25 12:00:00,Smart Watch,East,VIP,1,Credit Card,18.29,Wearables,5000,4085.5,2865.73,1219.77
14720,2028-03-25 18:00:00,Mobile Phone,East,New,2,Net Banking,15.4,Electronics,30000,50760.0,33570.83,17189.17
14721,2028-03-26 00:00:00,Laptop,North,Returning,3,Net Banking,0.11,Electronics,60000,179802.0,133774.16,46027.84
14722,2028-03-26 06:00:00,Laptop,East,New,2,Net Banking,14.75,Electronics,60000,102300.0,79262.42,23037.58
14723,2028-03-26 12:00:00,Mouse,West,Returning,5,Cash,14.75,Accessories,800,3410.0,2310.9,1099.1
14724,2028-03-26 18:00:00,Headphones,North,Returning,5,UPI,9.94,Accessories,2500,11257.5,8683.62,2573.88
14725,2028-03-27 00:00:00,Tablet,Central,New,2,Net Banking,0.92,Electronics,20000,39632.0,27179.1,12452.9
14726,2028-03-27 06:00:00,Tablet,North,VIP,2,Debit Card,11.6,Electronics,20000,35360.0,26829.12,8530.88
14727,2028-03-27 12:00:00,Laptop,North,New,5,Net Banking,15.31,Electronics,60000,254070.0,192652.44,61417.56
14728,2028-03-27 18:00:00,Monitor,South,Returning,2,Cash,5.42,Electronics,12000,22699.2,15198.02,7501.18
14729,2028-03-28 00:00:00,Keyboard,South,New,1,UPI,13.34,Accessories,1500,1299.9,986.53,313.37
14730,2028-03-28 06:00:00,Monitor,North,VIP,1,Net Banking,7.08,Electronics,12000,11150.4,7752.19,3398.21
14731,2028-03-28 12:00:00,Mobile Phone,East,VIP,4,UPI,11.48,Electronics,30000,106224.0,72669.3,33554.7
14732,2028-03-28 18:00:00,Keyboard,South,Returning,1,Debit Card,7.69,Accessories,1500,1384.65,930.93,453.72
14733,2028-03-29 00:00:00,Keyboard,Central,New,2,Credit Card,6.08,Accessories,1500,2817.6,1934.03,883.57
14734,2028-03-29 06:00:00,Mouse,West,VIP,2,UPI,17.12,Accessories,800,1326.08,1056.47,269.61
14735,2028-03-29 12:00:00,Laptop,South,New,3,Net Banking,15.08,Electronics,60000,152856.0,101082.86,51773.14
14736,2028-03-29 18:00:00,Monitor,North,VIP,1,Cash,6.91,Electronics,12000,11170.8,8607.07,2563.73
14737,2028-03-30 00:00:00,Monitor,East,Returning,5,Cash,8.69,Electronics,12000,54786.0,45206.95,9579.05
14738,2028-03-30 06:00:00,Laptop,West,Returning,5,Cash,13.83,Electronics,60000,258510.0,177753.35,80756.65
14739,2028-03-30 12:00:00,Monitor,South,New,4,Cash,16.22,Electronics,12000,40214.4,24425.34,15789.06
14740,2028-03-30 18:00:00,Smart Watch,East,Returning,3,UPI,13.69,Wearables,5000,12946.5,7847.54,5098.96
14741,2028-03-31 00:00:00,Laptop,East,VIP,5,Cash,10.82,Electronics,60000,267540.0,169854.65,97685.35
14742,2028-03-31 06:00:00,Mouse,East,Returning,4,Credit Card,19.09,Accessories,800,2589.12,1624.7,964.42
14743,2028-03-31 12:00:00,Headphones,North,VIP,1,Debit Card,15.48,Accessories,2500,2113.0,1662.98,450.02
14744,2028-03-31 18:00:00,Keyboard,Central,VIP,3,UPI,2.31,Accessories,1500,4396.05,2961.67,1434.38
14745,2028-04-01 00:00:00,Mouse,East,Returning,3,UPI,11.16,Accessories,800,2132.16,1627.11,505.05
14746,2028-04-01 06:00:00,Tablet,West,VIP,2,Cash,8.19,Electronics,20000,36724.0,22424.18,14299.82
14747,2028-04-01 12:00:00,Mobile Phone,South,VIP,1,Cash,15.9,Electronics,30000,25230.0,17003.38,8226.62
14748,2028-04-01 18:00:00,Headphones,West,New,3,UPI,0.89,Accessories,2500,7433.25,4895.07,2538.18
14749,2028-04-02 00:00:00,Tablet,North,New,4,Cash,8.21,Electronics,20000,73432.0,49142.17,24289.83
14750,2028-04-02 06:00:00,Keyboard,North,New,5,Cash,6.37,Accessories,1500,7022.25,4548.17,2474.08
14751,2028-04-02 12:00:00,Monitor,West,Returning,1,Cash,2.82,Electronics,12000,11661.6,8798.43,2863.17
14752,2028-04-02 18:00:00,Laptop,Central,New,1,Cash,7.58,Electronics,60000,55452.0,42457.83,12994.17
14753,2028-04-03 00:00:00,Keyboard,North,VIP,3,Cash,13.46,Accessories,1500,3894.3,2481.12,1413.18
14754,2028-04-03 06:00:00,Mouse,North,Returning,3,Net Banking,7.23,Accessories,800,2226.48,1748.42,478.06
14755,2028-04-03 12:00:00,Mobile Phone,West,Returning,3,Net Banking,11.6,Electronics,30000,79560.0,52709.4,26850.6
14756,2028-04-03 18:00:00,Mouse,North,Returning,4,Net Banking,11.86,Accessories,800,2820.48,1891.78,928.7
14757,2028-04-04 00:00:00,Headphones,Central,Returning,2,UPI,11.74,Accessories,2500,4413.0,3562.18,850.82
14758,2028-04-04 06:00:00,Headphones,Central,VIP,3,Debit Card,10.59,Accessories,2500,6705.75,5534.2,1171.55
14759,2028-04-04 12:00:00,Mobile Phone,Central,VIP,2,UPI,2.34,Electronics,30000,58596.0,47239.46,11356.54
14760,2028-04-04 18:00:00,Smart Watch,South,New,2,Net Banking,4.37,Wearables,5000,9563.0,6091.06,3471.94
14761,2028-04-05 00:00:00,Tablet,Central,Returning,1,UPI,16.0,Electronics,20000,16800.0,14276.92,2523.08
14762,2028-04-05 06:00:00,Tablet,Central,New,5,Debit Card,10.05,Electronics,20000,89950.0,69085.09,20864.91
14763,2028-04-05 12:00:00,Headphones,South,VIP,5,Cash,14.12,Accessories,2500,10735.0,7811.51,2923.49
14764,2028-04-05 18:00:00,Headphones,East,Returning,4,Credit Card,11.4,Accessories,2500,8860.0,7430.97,1429.03
14765,2028-04-06 00:00:00,Monitor,North,VIP,4,Net Banking,0.77,Electronics,12000,47630.4,38311.28,9319.12
14766,2028-04-06 06:00:00,Laptop,Central,New,5,Net Banking,15.92,Electronics,60000,252240.0,194965.32,57274.68
14767,2028-04-06 12:00:00,Monitor,North,VIP,5,Debit Card,1.29,Electronics,12000,59226.0,47949.33,11276.67
14768,2028-04-06 18:00:00,Monitor,West,Returning,1,Cash,18.86,Electronics,12000,9736.8,6780.38,2956.42
14769,2028-04-07 00:00:00,Smart Watch,North,Returning,1,Cash,4.31,Wearables,5000,4784.5,3689.37,1095.13
14770,2028-04-07 06:00:00,Tablet,South,New,5,Credit Card,10.25,Electronics,20000,89750.0,58126.14,31623.86
14771,2028-04-07 12:00:00,Smart Watch,North,Returning,3,Cash,1.27,Wearables,5000,14809.5,12543.65,2265.85
14772,2028-04-07 18:00:00,Smart Watch,North,VIP,3,Debit Card,17.9,Wearables,5000,12315.0,9202.33,3112.67
14773,2028-04-08 00:00:00,Mobile Phone,North,VIP,1,Cash,19.6,Electronics,30000,24120.0,19381.85,4738.15
14774,2028-04-08 06:00:00,Tablet,East,VIP,2,Debit Card,2.93,Electronics,20000,38828.0,27250.85,11577.15
14775,2028-04-08 12:00:00,Laptop,East,VIP,5,Net Banking,5.92,Electronics,60000,282240.0,222870.03,59369.97
14776,2028-04-08 18:00:00,Mouse,West,New,4,Net Banking,0.32,Accessories,800,3189.76,2222.77,966.99
14777,2028-04-09 00:00:00,Headphones,South,VIP,3,Net Banking,15.74,Accessories,2500,6319.5,4723.83,1595.67
14778,2028-04-09 06:00:00,Headphones,North,New,2,UPI,6.23,Accessories,2500,4688.5,3725.17,963.33
14779,2028-04-09 12:00:00,Laptop,North,VIP,3,Net Banking,11.78,Electronics,60000,158796.0,99901.5,58894.5
14780,2028-04-09 18:00:00,Smart Watch,North,New,2,Debit Card,0.78,Wearables,5000,9922.0,6838.21,3083.79
14781,2028-04-10 00:00:00,Monitor,North,VIP,5,Credit Card,14.31,Electronics,12000,51414.0,37852.75,13561.25
14782,2028-04-10 06:00:00,Mobile Phone,East,VIP,5,Cash,10.59,Electronics,30000,134115.0,91667.53,42447.47
14783,2028-04-10 12:00:00,Smart Watch,West,New,5,Net Banking,14.5,Wearables,5000,21375.0,14477.11,6897.89
14784,2028-04-10 18:00:00,Headphones,Central,Returning,1,UPI,15.79,Accessories,2500,2105.25,1411.39,693.86
14785,2028-04-11 00:00:00,Keyboard,South,Returning,2,UPI,1.78,Accessories,1500,2946.6,1935.76,1010.84
14786,2028-04-11 06:00:00,Monitor,North,Returning,4,Debit Card,11.56,Electronics,12000,42451.2,34479.97,7971.23
14787,2028-04-11 12:00:00,Headphones,West,New,4,Credit Card,13.0,Accessories,2500,8700.0,7229.02,1470.98
14788,2028-04-11 18:00:00,Keyboard,Central,Returning,5,Net Banking,10.33,Accessories,1500,6725.25,5212.35,1512.9
14789,2028-04-12 00:00:00,Smart Watch,West,Returning,4,Net Banking,3.65,Wearables,5000,19270.0,11706.52,7563.48
14790,2028-04-12 06:00:00,Laptop,East,New,3,UPI,15.91,Electronics,60000,151362.0,120568.66,30793.34
14791,2028-04-12 12:00:00,Laptop,Central,Returning,2,Debit Card,19.95,Electronics,60000,96060.0,70410.54,25649.46
14792,2028-04-12 18:00:00,Monitor,West,Returning,2,UPI,19.39,Electronics,12000,19346.4,15274.52,4071.88
14793,2028-04-13 00:00:00,Headphones,East,Returning,2,UPI,15.55,Accessories,2500,4222.5,2995.17,1227.33
14794,2028-04-13 06:00:00,Tablet,West,New,3,Credit Card,8.36,Electronics,20000,54984.0,33557.86,21426.14
14795,2028-04-13 12:00:00,Keyboard,West,New,1,Debit Card,6.75,Accessories,1500,1398.75,1077.65,321.1
14796,2028-04-13 18:00:00,Mobile Phone,Central,Returning,3,Credit Card,1.37,Electronics,30000,88767.0,63116.19,25650.81
14797,2028-04-14 00:00:00,Headphones,East,Returning,2,Debit Card,8.33,Accessories,2500,4583.5,3751.64,831.86
14798,2028-04-14 06:00:00,Mobile Phone,North,New,2,Net Banking,3.12,Electronics,30000,58128.0,45603.42,12524.58
14799,2028-04-14 12:00:00,Headphones,South,Returning,2,Cash,5.09,Accessories,2500,4745.5,3273.88,1471.62
14800,2028-04-14 18:00:00,Tablet,Central,New,4,Cash,17.84,Electronics,20000,65728.0,51334.91,14393.09
14801,2028-04-15 00:00:00,Tablet,East,Returning,1,Debit Card,19.37,Electronics,20000,16126.0,11672.03,4453.97
14802,2028-04-15 06:00:00,Monitor,West,New,3,Cash,18.97,Electronics,12000,29170.8,18956.96,10213.84
14803,2028-04-15 12:00:00,Monitor,East,VIP,2,UPI,3.87,Electronics,12000,23071.2,16264.54,6806.66
14804,2028-04-15 18:00:00,Tablet,South,VIP,5,Net Banking,18.02,Electronics,20000,81980.0,53749.42,28230.58
14805,2028-04-16 00:00:00,Mouse,South,New,1,Net Banking,2.83,Accessories,800,777.36,467.38,309.98
14806,2028-04-16 06:00:00,Tablet,North,VIP,5,Cash,10.15,Electronics,20000,89850.0,59453.65,30396.35
14807,2028-04-16 12:00:00,Laptop,North,Returning,1,Debit Card,12.87,Electronics,60000,52278.0,34105.14,18172.86
14808,2028-04-16 18:00:00,Laptop,South,New,2,UPI,9.25,Electronics,60000,108900.0,65458.07,43441.93
14809,2028-04-17 00:00:00,Mouse,Central,New,1,Debit Card,19.04,Accessories,800,647.68,515.54,132.14
14810,2028-04-17 06:00:00,Smart Watch,Central,Returning,1,Cash,6.66,Wearables,5000,4667.0,2890.02,1776.98
14811,2028-04-17 12:00:00,Keyboard,West,Returning,2,Net Banking,10.55,Accessories,1500,2683.5,1911.36,772.14
14812,2028-04-17 18:00:00,Smart Watch,North,New,5,Net Banking,1.51,Wearables,5000,24622.5,17345.83,7276.67
14813,2028-04-18 00:00:00,Mobile Phone,West,Returning,5,Debit Card,17.04,Electronics,30000,124440.0,80307.61,44132.39
14814,2028-04-18 06:00:00,Smart Watch,North,New,4,Credit Card,8.27,Wearables,5000,18346.0,15442.14,2903.86
14815,2028-04-18 12:00:00,Headphones,South,Returning,5,Debit Card,14.01,Accessories,2500,10748.75,8071.6,2677.15
14816,2028-04-18 18:00:00,Smart Watch,Central,New,5,Credit Card,13.64,Wearables,5000,21590.0,17344.94,4245.06
14817,2028-04-19 00:00:00,Headphones,Central,Returning,1,Debit Card,13.53,Accessories,2500,2161.75,1565.18,596.57
14818,2028-04-19 06:00:00,Mouse,South,Returning,4,Credit Card,10.14,Accessories,800,2875.52,2244.93,630.59
14819,2028-04-19 12:00:00,Laptop,West,VIP,2,Credit Card,5.55,Electronics,60000,113340.0,95482.69,17857.31
14820,2028-04-19 18:00:00,Monitor,West,VIP,2,Credit Card,12.5,Electronics,12000,21000.0,14429.13,6570.87
14821,2028-04-20 00:00:00,Headphones,East,VIP,3,Credit Card,19.24,Accessories,2500,6057.0,4397.78,1659.22
14822,2028-04-20 06:00:00,Laptop,North,Returning,4,UPI,16.68,Electronics,60000,199968.0,145703.53,54264.47
14823,2028-04-20 12:00:00,Keyboard,West,New,1,Credit Card,2.18,Accessories,1500,1467.3,1244.27,223.03
14824,2028-04-20 18:00:00,Mobile Phone,South,Returning,3,Credit Card,0.46,Electronics,30000,89586.0,58972.21,30613.79
14825,2028-04-21 00:00:00,Keyboard,West,VIP,3,Net Banking,9.98,Accessories,1500,4050.9,3114.44,936.46
14826,2028-04-21 06:00:00,Mouse,Central,Returning,2,UPI,15.52,Accessories,800,1351.68,857.72,493.96
14827,2028-04-21 12:00:00,Smart Watch,North,VIP,5,Credit Card,6.28,Wearables,5000,23430.0,19488.33,3941.67
14828,2028-04-21 18:00:00,Smart Watch,East,VIP,1,Cash,14.02,Wearables,5000,4299.0,3213.91,1085.09
14829,2028-04-22 00:00:00,Tablet,North,New,4,UPI,18.64,Electronics,20000,65088.0,53037.14,12050.86
14830,2028-04-22 06:00:00,Tablet,Central,New,3,Net Banking,9.18,Electronics,20000,54492.0,44891.08,9600.92
14831,2028-04-22 12:00:00,Tablet,Central,VIP,1,Debit Card,4.88,Electronics,20000,19024.0,14064.01,4959.99
14832,2028-04-22 18:00:00,Keyboard,Central,VIP,2,Net Banking,18.36,Accessories,1500,2449.2,1887.11,562.09
14833,2028-04-23 00:00:00,Headphones,Central,Returning,3,Net Banking,9.45,Accessories,2500,6791.25,5261.05,1530.2
14834,2028-04-23 06:00:00,Mobile Phone,South,VIP,3,UPI,8.16,Electronics,30000,82656.0,59108.98,23547.02
14835,2028-04-23 12:00:00,Tablet,East,Returning,2,UPI,7.07,Electronics,20000,37172.0,26344.15,10827.85
14836,2028-04-23 18:00:00,Mouse,Central,VIP,2,Cash,8.46,Accessories,800,1464.64,946.96,517.68
14837,2028-04-24 00:00:00,Mouse,Central,New,2,Cash,13.47,Accessories,800,1384.48,963.57,420.91
14838,2028-04-24 06:00:00,Tablet,West,New,1,UPI,8.67,Electronics,20000,18266.0,15483.89,2782.11
14839,2028-04-24 12:00:00,Smart Watch,East,VIP,1,UPI,6.48,Wearables,5000,4676.0,3121.07,1554.93
14840,2028-04-24 18:00:00,Tablet,North,Returning,1,UPI,14.87,Electronics,20000,17026.0,13460.93,3565.07
14841,2028-04-25 00:00:00,Mobile Phone,East,Returning,5,Debit Card,4.06,Electronics,30000,143910.0,88481.17,55428.83
14842,2028-04-25 06:00:00,Tablet,East,Returning,3,Net Banking,4.04,Electronics,20000,57576.0,41274.35,16301.65
14843,2028-04-25 12:00:00,Mobile Phone,East,VIP,1,Cash,13.93,Electronics,30000,25821.0,15869.65,9951.35
14844,2028-04-25 18:00:00,Mouse,Central,VIP,5,Cash,17.33,Accessories,800,3306.8,2377.42,929.38
14845,2028-04-26 00:00:00,Tablet,Central,New,3,Credit Card,4.82,Electronics,20000,57108.0,34658.17,22449.83
14846,2028-04-26 06:00:00,Keyboard,South,New,1,Debit Card,3.82,Accessories,1500,1442.7,1086.82,355.88
14847,2028-04-26 12:00:00,Monitor,North,VIP,2,UPI,13.41,Electronics,12000,20781.6,15516.11,5265.49
14848,2028-04-26 18:00:00,Keyboard,West,New,4,UPI,12.42,Accessories,1500,5254.8,4201.01,1053.79
14849,2028-04-27 00:00:00,Mouse,East,Returning,1,Debit Card,8.95,Accessories,800,728.4,543.26,185.14
14850,2028-04-27 06:00:00,Mobile Phone,North,Returning,4,Cash,1.92,Electronics,30000,117696.0,97864.2,19831.8
14851,2028-04-27 12:00:00,Keyboard,North,VIP,1,UPI,1.84,Accessories,1500,1472.4,1171.7,300.7
14852,2028-04-27 18:00:00,Mobile Phone,South,Returning,2,Credit Card,15.55,Electronics,30000,50670.0,32082.43,18587.57
14853,2028-04-28 00:00:00,Keyboard,West,VIP,4,Cash,9.04,Accessories,1500,5457.6,3636.77,1820.83
14854,2028-04-28 06:00:00,Keyboard,East,Returning,5,Net Banking,17.16,Accessories,1500,6213.0,3768.54,2444.46
14855,2028-04-28 12:00:00,Mobile Phone,West,VIP,2,Debit Card,11.49,Electronics,30000,53106.0,36990.11,16115.89
14856,2028-04-28 18:00:00,Headphones,South,Returning,4,Cash,12.37,Accessories,2500,8763.0,6374.07,2388.93
14857,2028-04-29 00:00:00,Keyboard,Central,Returning,4,Net Banking,18.68,Accessories,1500,4879.2,4081.39,797.81
14858,2028-04-29 06:00:00,Tablet,North,New,2,Credit Card,3.29,Electronics,20000,38684.0,28261.25,10422.75
14859,2028-04-29 12:00:00,Monitor,East,New,2,Debit Card,10.86,Electronics,12000,21393.6,17013.41,4380.19
14860,2028-04-29 18:00:00,Mouse,Central,New,2,UPI,1.16,Accessories,800,1581.44,1054.83,526.61
14861,2028-04-30 00:00:00,Headphones,South,New,3,UPI,7.18,Accessories,2500,6961.5,4443.45,2518.05
14862,2028-04-30 06:00:00,Mobile Phone,West,New,5,Net Banking,2.96,Electronics,30000,145560.0,116842.33,28717.67
14863,2028-04-30 12:00:00,Headphones,North,New,1,Cash,3.76,Accessories,2500,2406.0,1592.43,813.57
14864,2028-04-30 18:00:00,Laptop,East,VIP,4,Credit Card,18.7,Electronics,60000,195120.0,159575.73,35544.27
14865,2028-05-01 00:00:00,Laptop,Central,VIP,1,Net Banking,12.21,Electronics,60000,52674.0,33841.07,18832.93
14866,2028-05-01 06:00:00,Keyboard,Central,New,2,Credit Card,17.84,Accessories,1500,2464.8,2003.63,461.17
14867,2028-05-01 12:00:00,Keyboard,North,VIP,5,Credit Card,8.87,Accessories,1500,6834.75,5421.4,1413.35
14868,2028-05-01 18:00:00,Tablet,West,New,5,Credit Card,11.95,Electronics,20000,88050.0,66284.5,21765.5
14869,2028-05-02 00:00:00,Monitor,South,VIP,3,Debit Card,0.64,Electronics,12000,35769.6,29064.77,6704.83
14870,2028-05-02 06:00:00,Mouse,West,Returning,2,Net Banking,9.39,Accessories,800,1449.76,989.72,460.04
14871,2028-05-02 12:00:00,Headphones,West,VIP,4,Debit Card,11.28,Accessories,2500,8872.0,5691.46,3180.54
14872,2028-05-02 18:00:00,Laptop,West,VIP,3,Cash,0.34,Electronics,60000,179388.0,114675.6,64712.4
14873,2028-05-03 00:00:00,Keyboard,North,VIP,2,Cash,15.79,Accessories,1500,2526.3,1686.53,839.77
14874,2028-05-03 06:00:00,Smart Watch,North,Returning,3,UPI,5.91,Wearables,5000,14113.5,10042.56,4070.94
14875,2028-05-03 12:00:00,Smart Watch,South,New,1,UPI,9.05,Wearables,5000,4547.5,3724.43,823.07
14876,2028-05-03 18:00:00,Mouse,West,VIP,2,UPI,10.71,Accessories,800,1428.64,889.16,539.48
14877,2028-05-04 00:00:00,Headphones,North,VIP,4,Cash,19.84,Accessories,2500,8016.0,6643.75,1372.25
14878,2028-05-04 06:00:00,Keyboard,South,Returning,4,Credit Card,1.98,Accessories,1500,5881.2,4889.47,991.73
14879,2028-05-04 12:00:00,Keyboard,South,New,2,Credit Card,11.11,Accessories,1500,2666.7,2084.85,581.85
14880,2028-05-04 18:00:00,Laptop,West,VIP,3,Net Banking,10.61,Electronics,60000,160902.0,132755.56,28146.44
14881,2028-05-05 00:00:00,Laptop,East,Returning,5,Cash,1.38,Electronics,60000,295860.0,234468.06,61391.94
14882,2028-05-05 06:00:00,Keyboard,West,New,2,UPI,12.68,Accessories,1500,2619.6,1917.74,701.86
14883,2028-05-05 12:00:00,Mobile Phone,East,New,4,Cash,5.74,Electronics,30000,113112.0,84855.21,28256.79
14884,2028-05-05 18:00:00,Keyboard,South,VIP,1,Credit Card,2.08,Accessories,1500,1468.8,1111.96,356.84
14885,2028-05-06 00:00:00,Mouse,North,VIP,4,Credit Card,3.57,Accessories,800,3085.76,1949.35,1136.41
14886,2028-05-06 06:00:00,Keyboard,Central,VIP,5,Debit Card,16.47,Accessories,1500,6264.75,4061.21,2203.54
14887,2028-05-06 12:00:00,Tablet,South,VIP,4,Debit Card,2.08,Electronics,20000,78336.0,57251.25,21084.75
14888,2028-05-06 18:00:00,Monitor,North,Returning,5,Net Banking,9.34,Electronics,12000,54396.0,34204.59,20191.41
14889,2028-05-07 00:00:00,Tablet,South,Returning,2,Cash,3.91,Electronics,20000,38436.0,32334.09,6101.91
14890,2028-05-07 06:00:00,Tablet,West,VIP,4,Debit Card,3.25,Electronics,20000,77400.0,56252.91,21147.09
14891,2028-05-07 12:00:00,Mobile Phone,East,New,3,Debit Card,4.11,Electronics,30000,86301.0,59981.05,26319.95
14892,2028-05-07 18:00:00,Mobile Phone,South,VIP,3,Cash,9.86,Electronics,30000,81126.0,51870.75,29255.25
14893,2028-05-08 00:00:00,Smart Watch,North,New,4,Credit Card,4.76,Wearables,5000,19048.0,13412.33,5635.67
14894,2028-05-08 06:00:00,Keyboard,West,New,4,Net Banking,1.93,Accessories,1500,5884.2,3975.4,1908.8
14895,2028-05-08 12:00:00,Tablet,Central,New,1,Net Banking,16.03,Electronics,20000,16794.0,10445.56,6348.44
14896,2028-05-08 18:00:00,Mobile Phone,West,Returning,4,Net Banking,10.8,Electronics,30000,107040.0,90101.06,16938.94
14897,2028-05-09 00:00:00,Laptop,East,New,1,Debit Card,3.14,Electronics,60000,58116.0,38719.47,19396.53
14898,2028-05-09 06:00:00,Keyboard,West,New,1,Credit Card,9.43,Accessories,1500,1358.55,1049.64,308.91
14899,2028-05-09 12:00:00,Mouse,Central,Returning,1,Net Banking,1.37,Accessories,800,789.04,491.44,297.6
14900,2028-05-09 18:00:00,Monitor,North,New,1,Cash,11.61,Electronics,12000,10606.8,8785.53,1821.27
14901,2028-05-10 00:00:00,Headphones,South,New,2,Net Banking,6.81,Accessories,2500,4659.5,3483.85,1175.65
14902,2028-05-10 06:00:00,Keyboard,East,VIP,3,UPI,2.07,Accessories,1500,4406.85,3367.79,1039.06
14903,2028-05-10 12:00:00,Headphones,Central,New,1,Credit Card,3.67,Accessories,2500,2408.25,1915.63,492.62
14904,2028-05-10 18:00:00,Tablet,East,New,3,UPI,6.91,Electronics,20000,55854.0,41973.1,13880.9
14905,2028-05-11 00:00:00,Monitor,West,New,1,Credit Card,16.13,Electronics,12000,10064.4,6217.05,3847.35
14906,2028-05-11 06:00:00,Headphones,East,New,3,Cash,3.48,Accessories,2500,7239.0,5120.84,2118.16
14907,2028-05-11 12:00:00,Tablet,Central,New,4,Debit Card,2.19,Electronics,20000,78248.0,52074.63,26173.37
14908,2028-05-11 18:00:00,Laptop,South,Returning,4,Debit Card,10.32,Electronics,60000,215232.0,155328.47,59903.53
14909,2028-05-12 00:00:00,Headphones,South,New,3,Credit Card,11.17,Accessories,2500,6662.25,4670.78,1991.47
14910,2028-05-12 06:00:00,Monitor,East,New,1,Net Banking,1.8,Electronics,12000,11784.0,9505.37,2278.63
14911,2028-05-12 12:00:00,Smart Watch,North,Returning,2,UPI,5.69,Wearables,5000,9431.0,6241.08,3189.92
14912,2028-05-12 18:00:00,Keyboard,East,Returning,3,Cash,5.26,Accessories,1500,4263.3,2772.53,1490.77
14913,2028-05-13 00:00:00,Tablet,West,New,5,Net Banking,3.72,Electronics,20000,96280.0,80829.14,15450.86
14914,2028-05-13 06:00:00,Keyboard,South,New,2,Debit Card,6.31,Accessories,1500,2810.7,2353.62,457.08
14915,2028-05-13 12:00:00,Monitor,South,New,5,Net Banking,0.74,Electronics,12000,59556.0,50525.3,9030.7
14916,2028-05-13 18:00:00,Mobile Phone,South,VIP,3,UPI,13.03,Electronics,30000,78273.0,58086.01,20186.99
14917,2028-05-14 00:00:00,Tablet,North,VIP,1,Debit Card,19.77,Electronics,20000,16046.0,10081.48,5964.52
14918,2028-05-14 06:00:00,Headphones,North,New,5,Credit Card,12.68,Accessories,2500,10915.0,8950.76,1964.24
14919,2028-05-14 12:00:00,Tablet,Central,Returning,3,Cash,7.22,Electronics,20000,55668.0,35420.37,20247.63
14920,2028-05-14 18:00:00,Keyboard,East,New,2,Cash,13.36,Accessories,1500,2599.2,1660.63,938.57
14921,2028-05-15 00:00:00,Laptop,East,Returning,1,Debit Card,11.43,Electronics,60000,53142.0,34454.58,18687.42
14922,2028-05-15 06:00:00,Tablet,West,Returning,5,Credit Card,16.94,Electronics,20000,83060.0,63404.24,19655.76
14923,2028-05-15 12:00:00,Headphones,South,Returning,3,UPI,12.44,Accessories,2500,6567.0,4116.19,2450.81
14924,2028-05-15 18:00:00,Mobile Phone,North,New,1,Cash,12.68,Electronics,30000,26196.0,20814.57,5381.43
14925,2028-05-16 00:00:00,Smart Watch,West,New,1,Debit Card,4.43,Wearables,5000,4778.5,2936.69,1841.81
14926,2028-05-16 06:00:00,Mouse,West,Returning,4,Cash,8.31,Accessories,800,2934.08,1841.46,1092.62
14927,2028-05-16 12:00:00,Laptop,North,VIP,1,Credit Card,6.89,Electronics,60000,55866.0,39587.86,16278.14
14928,2028-05-16 18:00:00,Smart Watch,East,VIP,3,UPI,0.23,Wearables,5000,14965.5,10397.92,4567.58
14929,2028-05-17 00:00:00,Mobile Phone,South,VIP,2,Credit Card,6.27,Electronics,30000,56238.0,47657.6,8580.4
14930,2028-05-17 06:00:00,Tablet,East,Returning,4,Net Banking,9.72,Electronics,20000,72224.0,60792.1,11431.9
14931,2028-05-17 12:00:00,Keyboard,West,New,3,Credit Card,12.0,Accessories,1500,3960.0,2563.78,1396.22
14932,2028-05-17 18:00:00,Monitor,South,Returning,3,Credit Card,18.69,Electronics,12000,29271.6,24490.56,4781.04
14933,2028-05-18 00:00:00,Keyboard,Central,VIP,3,Cash,4.78,Accessories,1500,4284.9,3312.51,972.39
14934,2028-05-18 06:00:00,Smart Watch,West,New,5,Credit Card,3.05,Wearables,5000,24237.5,17019.83,7217.67
14935,2028-05-18 12:00:00,Headphones,East,Returning,5,Debit Card,17.39,Accessories,2500,10326.25,8105.15,2221.1
14936,2028-05-18 18:00:00,Keyboard,East,Returning,2,Cash,18.84,Accessories,1500,2434.8,2008.8,426.0
14937,2028-05-19 00:00:00,Laptop,East,VIP,3,Cash,9.76,Electronics,60000,162432.0,104774.39,57657.61
14938,2028-05-19 06:00:00,Keyboard,North,Returning,5,Net Banking,2.3,Accessories,1500,7327.5,4755.52,2571.98
14939,2028-05-19 12:00:00,Headphones,West,New,5,Debit Card,9.71,Accessories,2500,11286.25,7924.98,3361.27
14940,2028-05-19 18:00:00,Mouse,South,VIP,5,Credit Card,2.19,Accessories,800,3912.4,2512.95,1399.45
14941,2028-05-20 00:00:00,Tablet,East,VIP,2,Net Banking,17.66,Electronics,20000,32936.0,22729.11,10206.89
14942,2028-05-20 06:00:00,Monitor,East,New,2,Debit Card,14.16,Electronics,12000,20601.6,15686.53,4915.07
14943,2028-05-20 12:00:00,Smart Watch,North,VIP,3,Net Banking,4.82,Wearables,5000,14277.0,11467.35,2809.65
14944,2028-05-20 18:00:00,Tablet,South,Returning,4,UPI,17.73,Electronics,20000,65816.0,44457.64,21358.36
14945,2028-05-21 00:00:00,Keyboard,West,Returning,3,Credit Card,12.76,Accessories,1500,3925.8,2631.98,1293.82
14946,2028-05-21 06:00:00,Mobile Phone,Central,VIP,5,Net Banking,19.07,Electronics,30000,121395.0,96501.22,24893.78
14947,2028-05-21 12:00:00,Tablet,North,New,5,UPI,19.61,Electronics,20000,80390.0,55891.67,24498.33
14948,2028-05-21 18:00:00,Mouse,West,Returning,1,Credit Card,0.07,Accessories,800,799.44,643.24,156.2
14949,2028-05-22 00:00:00,Keyboard,Central,New,3,Net Banking,2.4,Accessories,1500,4392.0,3725.93,666.07
14950,2028-05-22 06:00:00,Monitor,East,Returning,5,Net Banking,10.94,Electronics,12000,53436.0,45148.99,8287.01
14951,2028-05-22 12:00:00,Headphones,East,Returning,5,Net Banking,19.12,Accessories,2500,10110.0,7740.94,2369.06
14952,2028-05-22 18:00:00,Mouse,South,VIP,4,Net Banking,19.88,Accessories,800,2563.84,1778.8,785.04
14953,2028-05-23 00:00:00,Keyboard,Central,VIP,1,Cash,11.35,Accessories,1500,1329.75,819.62,510.13
14954,2028-05-23 06:00:00,Mouse,East,New,3,Net Banking,3.48,Accessories,800,2316.48,1817.3,499.18
14955,2028-05-23 12:00:00,Tablet,East,VIP,2,Cash,3.26,Electronics,20000,38696.0,32678.46,6017.54
14956,2028-05-23 18:00:00,Monitor,South,Returning,3,Cash,15.28,Electronics,12000,30499.2,18817.89,11681.31
14957,2028-05-24 00:00:00,Headphones,West,Returning,3,UPI,11.84,Accessories,2500,6612.0,3977.4,2634.6
14958,2028-05-24 06:00:00,Keyboard,East,New,4,Credit Card,10.98,Accessories,1500,5341.2,4315.39,1025.81
14959,2028-05-24 12:00:00,Laptop,North,New,3,Cash,9.32,Electronics,60000,163224.0,102107.18,61116.82
14960,2028-05-24 18:00:00,Smart Watch,North,Returning,4,Debit Card,14.5,Wearables,5000,17100.0,10608.94,6491.06
14961,2028-05-25 00:00:00,Headphones,West,VIP,4,Cash,17.16,Accessories,2500,8284.0,6855.71,1428.29
14962,2028-05-25 06:00:00,Laptop,Central,VIP,5,Debit Card,6.06,Electronics,60000,281820.0,174697.46,107122.54
14963,2028-05-25 12:00:00,Mouse,South,New,2,UPI,4.42,Accessories,800,1529.28,961.16,568.12
14964,2028-05-25 18:00:00,Mobile Phone,North,New,4,Debit Card,13.4,Electronics,30000,103920.0,77149.52,26770.48
14965,2028-05-26 00:00:00,Headphones,North,Returning,1,UPI,18.29,Accessories,2500,2042.75,1612.15,430.6
14966,2028-05-26 06:00:00,Mouse,West,Returning,1,UPI,6.96,Accessories,800,744.32,520.94,223.38
14967,2028-05-26 12:00:00,Laptop,Central,New,2,UPI,5.45,Electronics,60000,113460.0,80006.01,33453.99
14968,2028-05-26 18:00:00,Tablet,Central,Returning,4,Debit Card,4.52,Electronics,20000,76384.0,57911.03,18472.97
14969,2028-05-27 00:00:00,Tablet,West,New,2,Debit Card,5.09,Electronics,20000,37964.0,27575.39,10388.61
14970,2028-05-27 06:00:00,Mobile Phone,North,New,5,UPI,2.7,Electronics,30000,145950.0,88249.7,57700.3
14971,2028-05-27 12:00:00,Smart Watch,South,VIP,1,UPI,11.94,Wearables,5000,4403.0,2766.83,1636.17
14972,2028-05-27 18:00:00,Headphones,North,New,3,Credit Card,5.62,Accessories,2500,7078.5,5276.31,1802.19
14973,2028-05-28 00:00:00,Headphones,Central,Returning,1,UPI,12.3,Accessories,2500,2192.5,1750.53,441.97
14974,2028-05-28 06:00:00,Headphones,North,VIP,4,Net Banking,1.66,Accessories,2500,9834.0,7776.49,2057.51
14975,2028-05-28 12:00:00,Smart Watch,South,VIP,2,Credit Card,2.31,Wearables,5000,9769.0,7668.8,2100.2
14976,2028-05-28 18:00:00,Mouse,East,Returning,1,Credit Card,10.72,Accessories,800,714.24,566.26,147.98
14977,2028-05-29 00:00:00,Monitor,North,Returning,3,Credit Card,10.23,Electronics,12000,32317.2,19749.39,12567.81
14978,2028-05-29 06:00:00,Monitor,West,Returning,3,Net Banking,5.43,Electronics,12000,34045.2,28045.6,5999.6
14979,2028-05-29 12:00:00,Mobile Phone,East,New,2,Credit Card,16.54,Electronics,30000,50076.0,41178.54,8897.46
14980,2028-05-29 18:00:00,Headphones,West,VIP,2,Credit Card,3.74,Accessories,2500,4813.0,3527.84,1285.16
14981,2028-05-30 00:00:00,Mouse,West,New,1,Debit Card,7.21,Accessories,800,742.32,491.53,250.79
14982,2028-05-30 06:00:00,Tablet,West,New,4,Debit Card,11.11,Electronics,20000,71112.0,53194.95,17917.05
14983,2028-05-30 12:00:00,Laptop,North,New,5,UPI,17.34,Electronics,60000,247980.0,183374.14,64605.86
14984,2028-05-30 18:00:00,Mouse,Central,New,3,UPI,8.37,Accessories,800,2199.12,1442.05,757.07
14985,2028-05-31 00:00:00,Smart Watch,East,VIP,2,Cash,7.97,Wearables,5000,9203.0,6909.45,2293.55
14986,2028-05-31 06:00:00,Monitor,South,VIP,5,Net Banking,11.59,Electronics,12000,53046.0,42400.92,10645.08
14987,2028-05-31 12:00:00,Monitor,Central,New,5,Debit Card,6.33,Electronics,12000,56202.0,45047.4,11154.6
14988,2028-05-31 18:00:00,Tablet,North,Returning,5,UPI,14.18,Electronics,20000,85820.0,52772.82,33047.18
14989,2028-06-01 00:00:00,Tablet,West,VIP,4,Net Banking,4.97,Electronics,20000,76024.0,49361.69,26662.31
14990,2028-06-01 06:00:00,Smart Watch,South,New,2,Credit Card,16.46,Wearables,5000,8354.0,6407.98,1946.02
14991,2028-06-01 12:00:00,Laptop,East,Returning,3,Net Banking,5.45,Electronics,60000,170190.0,138697.7,31492.3
14992,2028-06-01 18:00:00,Tablet,Central,Returning,2,Debit Card,19.85,Electronics,20000,32060.0,23413.55,8646.45
14993,2028-06-02 00:00:00,Mobile Phone,Central,New,1,Cash,6.33,Electronics,30000,28101.0,21831.14,6269.86
14994,2028-06-02 06:00:00,Laptop,South,VIP,3,Debit Card,17.58,Electronics,60000,148356.0,89795.14,58560.86
14995,2028-06-02 12:00:00,Tablet,North,Returning,2,UPI,7.95,Electronics,20000,36820.0,27692.51,9127.49
14996,2028-06-02 18:00:00,Keyboard,East,VIP,3,UPI,4.92,Accessories,1500,4278.6,3596.07,682.53
14997,2028-06-03 00:00:00,Mouse,South,VIP,1,Net Banking,4.52,Accessories,800,763.84,584.53,179.31
14998,2028-06-03 06:00:00,Tablet,West,Returning,3,Debit Card,17.0,Electronics,20000,49800.0,41362.33,8437.67
14999,2028-06-03 12:00:00,Mobile Phone,East,New,5,UPI,6.18,Electronics,30000,140730.0,104351.63,36378.37
15000,2028-06-03 18:00:00,Headphones,Central,Returning,4,Credit Card,6.77,Accessories,2500,9323.0,7559.5,1763.5
